================================================
  MIDI-to-Expression Experiment Loop
  Rounds: 62 -> 81 (20 rounds)
  Results: experiments/log.md
  Press Ctrl+C to stop
================================================

========================================
  Round 62 / 20
========================================
[Worker] Preparing experiment...
Everything looks correct. Let me provide a summary:

---

## Summary: exp050 Prepared

### Experiment: Residual Amp Diffusion v2 — Residual Normalization

**Motivation:** Fix the noise schedule mismatch in residual amp diffusion. Previously (exp042, Corr=0.744), residuals were not normalized, so their std was likely << 1.0, making DDPM training ineffective at most timesteps. By normalizing residuals to unit variance, all diffusion timesteps become useful.

### Code Changes Made

**[C1] `src/model/train.py` — Residual normalization (3 locations):**
- Line 1184: Initialize `residual_std_value = 1.0`
- Lines 1209-1213: After diagnostics, compute `residual_std_value = res_cat.std().item()` and save to `amp_norm_stats.pt`
- Lines 1238, 1285: Training & test loops divide residual by `residual_std_value`

**[C2] `src/model/evaluate.py` — Load and use residual_std (3 locations):**
- Line 644-650: Load `residual_std` from `amp_norm_stats.pt` (default 1.0 for backward compat)
- Line 286: Multiply sampled residual by `residual_std` to unscale
- Line 696: Pass `residual_std` to `evaluate_diffusion()`

**[C3] `src/model/train.py` — Residual augmentation:**
- Lines 1240-1242: Add light jitter (`amp_augment_jitter=0.02`) to residual during training

**Bonus: Dataset support** — Added `phenicx_dir` and `trios_dir` to `DEFAULT_CONFIG` and all `ExpressionDataset` calls in stages 1/2/3 and evaluate.py.

### Config: `experiments/configs/exp050.yaml`
- Stage 3 residual mode with frozen exp045 AmpPredictor (no instrument conditioning)
- 300 epochs, lr=2e-4→1e-5, EMA 0.995
- Jitter augmentation only (0.02)

### Training Script: `experiments/next_train_cmd.sh`
1. Train stage 3 (residual amp diffusion)
2. Evaluate alpha sweep: 0.0, 0.3, 0.5, 1.0 for Pareto curve

**Expected:** alpha=0.0 → Corr~0.781 (validates loading); alpha=0.3 → Corr≥0.77 + diversity > 0.003 = success.
[Training] Executing training script...
==========================================
Preparing exp050 checkpoint directory
==========================================
Copying baseline, f0 diffusion, and amp predictor checkpoints...
==========================================
Training exp050 Stage 3 (Residual Amp Diffusion v2)
Started at: Mon Mar 30 10:48:38     2026
==========================================
C:\lxr\study\final\src\model\diffusion.py:398: UserWarning: enable_nested_tensor is True, but self.use_nested_tensor is False because encoder_layer.norm_first was True
  self.attn = nn.TransformerEncoder(attn_layer, num_layers=n_attn_layers)
Device: cuda
Config: {
  "data_dir": "C:\\lxr\\study\\final\\datagen\\solo\\URMP",
  "bach10_dir": "C:\\lxr\\study\\final\\datagen\\solo\\Bach10",
  "phenicx_dir": "C:\\lxr\\study\\final\\datagen\\solo\\PHENICX",
  "trios_dir": "C:\\lxr\\study\\final\\datagen\\solo\\TRIOS",
  "output_dir": "experiments/checkpoints/exp050",
  "instruments": [
    "vn",
    "va",
    "vc",
    "fl",
    "ob",
    "cl",
    "sax",
    "tpt",
    "tbn",
    "bn"
  ],
  "crop_len": 512,
  "seed": 42,
  "stage1": {
    "batch_size": 32,
    "lr": 0.001,
    "epochs": 100,
    "lam": 1.0,
    "patience": 15,
    "lr_patience": 5,
    "lr_factor": 0.5,
    "dropout": 0.3
  },
  "stage2": {
    "batch_size": 16,
    "lr": 0.0002,
    "epochs": 200,
    "ema_decay": 0.995,
    "n_diffusion_steps": 1000,
    "samples_per_epoch": null,
    "n_channels": 1,
    "amp_instrument_conditioned": false,
    "amp_hidden": 256,
    "amp_gru_hidden": 128,
    "amp_gru_layers": 2,
    "amp_dropout": 0.3,
    "amp_use_attention": true,
    "amp_n_attn_heads": 4,
    "amp_n_attn_layers": 2
  },
  "stage3": {
    "batch_size": 16,
    "lr": 0.0002,
    "epochs": 300,
    "ema_decay": 0.995,
    "n_diffusion_steps": 1000,
    "samples_per_epoch": 1860,
    "residual": true,
    "amp_predictor_checkpoint": "experiments/checkpoints/exp045/amp_predictor_best.pt",
    "amp_instrument_conditioned": false,
    "amp_hidden": 256,
    "amp_gru_hidden": 128,
    "amp_gru_layers": 2,
    "amp_dropout": 0.3,
    "amp_use_attention": true,
    "amp_n_attn_heads": 4,
    "amp_n_attn_layers": 2,
    "lr_min": 1e-05,
    "amp_augment": true,
    "amp_augment_jitter": 0.02
  },
  "save_every": 10,
  "baseline_checkpoint": "experiments/checkpoints/exp033/baseline_best.pt"
}
Loaded baseline from experiments/checkpoints/exp033/baseline_best.pt

============================================================
Stage 3: Training RESIDUAL Amp Diffusion
============================================================
Train: 153 tracks, samples_per_epoch=1860
Amp log stats: mean=-4.6780, std=1.5514
Loaded frozen AmpPredictor from experiments/checkpoints/exp045/amp_predictor_best.pt (1,713,153 params)
  instrument_conditioned=False
Amp diffusion: 16,428,545 params
CosineAnnealingLR: 0.0002 -> 1e-05 over 300 epochs
Amp diffusion augmentation ENABLED: scale=0.2, jitter=0.02

--- Residual Diagnostics ---
Residual stats (z-score space): mean=-0.0767, std=0.4699, min=-4.3686, max=1.9804
Saving residual_std=0.4699 to amp_norm_stats.pt
--- End Residual Diagnostics ---

Epoch 1/300  train=0.290172  test=0.234884  lr=2.00e-04
  -> New best test_loss=0.234884
Epoch 2/300  train=0.170128  test=0.211650  lr=2.00e-04
  -> New best test_loss=0.211650
Epoch 3/300  train=0.170144  test=0.205982  lr=2.00e-04
  -> New best test_loss=0.205982
Epoch 4/300  train=0.160371  test=0.191251  lr=2.00e-04
  -> New best test_loss=0.191251
Epoch 5/300  train=0.158019  test=0.178539  lr=2.00e-04
  -> New best test_loss=0.178539
Epoch 6/300  train=0.158670  test=0.241062  lr=2.00e-04
Epoch 7/300  train=0.151701  test=0.217267  lr=2.00e-04
Epoch 8/300  train=0.150472  test=0.218435  lr=2.00e-04
Epoch 9/300  train=0.146171  test=0.242687  lr=2.00e-04
Epoch 10/300  train=0.152084  test=0.199392  lr=2.00e-04
Epoch 11/300  train=0.142538  test=0.199113  lr=1.99e-04
Epoch 12/300  train=0.146490  test=0.198981  lr=1.99e-04
Epoch 13/300  train=0.147266  test=0.140010  lr=1.99e-04
  -> New best test_loss=0.140010
Epoch 14/300  train=0.147367  test=0.176017  lr=1.99e-04
Epoch 15/300  train=0.144271  test=0.148327  lr=1.99e-04
Epoch 16/300  train=0.144459  test=0.241231  lr=1.99e-04
Epoch 17/300  train=0.144156  test=0.177907  lr=1.99e-04
Epoch 18/300  train=0.152629  test=0.176052  lr=1.98e-04
Epoch 19/300  train=0.146402  test=0.248521  lr=1.98e-04
Epoch 20/300  train=0.143980  test=0.136255  lr=1.98e-04
  -> New best test_loss=0.136255
Epoch 21/300  train=0.145748  test=0.186151  lr=1.98e-04
Epoch 22/300  train=0.144962  test=0.174691  lr=1.98e-04
Epoch 23/300  train=0.140055  test=0.155343  lr=1.97e-04
Epoch 24/300  train=0.140740  test=0.189309  lr=1.97e-04
Epoch 25/300  train=0.147489  test=0.225336  lr=1.97e-04
Epoch 26/300  train=0.142378  test=0.170401  lr=1.97e-04
Epoch 27/300  train=0.139522  test=0.251533  lr=1.97e-04
Epoch 28/300  train=0.138985  test=0.185313  lr=1.96e-04
Epoch 29/300  train=0.141549  test=0.184722  lr=1.96e-04
Epoch 30/300  train=0.142725  test=0.196362  lr=1.96e-04
Epoch 31/300  train=0.135590  test=0.199882  lr=1.95e-04
Epoch 32/300  train=0.137582  test=0.157011  lr=1.95e-04
Epoch 33/300  train=0.143295  test=0.162587  lr=1.95e-04
Epoch 34/300  train=0.137806  test=0.218530  lr=1.94e-04
Epoch 35/300  train=0.139537  test=0.194678  lr=1.94e-04
Epoch 36/300  train=0.144296  test=0.125309  lr=1.94e-04
  -> New best test_loss=0.125309
Epoch 37/300  train=0.136268  test=0.171840  lr=1.93e-04
Epoch 38/300  train=0.140463  test=0.167805  lr=1.93e-04
Epoch 39/300  train=0.138605  test=0.193188  lr=1.93e-04
Epoch 40/300  train=0.145133  test=0.221213  lr=1.92e-04
Epoch 41/300  train=0.140712  test=0.189562  lr=1.92e-04
Epoch 42/300  train=0.138764  test=0.155968  lr=1.91e-04
Epoch 43/300  train=0.136829  test=0.175033  lr=1.91e-04
Epoch 44/300  train=0.134135  test=0.187048  lr=1.91e-04
Epoch 45/300  train=0.132030  test=0.238507  lr=1.90e-04
Epoch 46/300  train=0.138456  test=0.149183  lr=1.90e-04
Epoch 47/300  train=0.136883  test=0.212717  lr=1.89e-04
Epoch 48/300  train=0.142498  test=0.194961  lr=1.89e-04
Epoch 49/300  train=0.136476  test=0.189215  lr=1.88e-04
Epoch 50/300  train=0.141021  test=0.184765  lr=1.88e-04
Epoch 51/300  train=0.136609  test=0.185720  lr=1.87e-04
Epoch 52/300  train=0.132099  test=0.179911  lr=1.87e-04
Epoch 53/300  train=0.143096  test=0.235028  lr=1.86e-04
Epoch 54/300  train=0.142126  test=0.121789  lr=1.86e-04
  -> New best test_loss=0.121789
Epoch 55/300  train=0.135059  test=0.205785  lr=1.85e-04
Epoch 56/300  train=0.138442  test=0.125983  lr=1.85e-04
Epoch 57/300  train=0.138660  test=0.163914  lr=1.84e-04
Epoch 58/300  train=0.134719  test=0.202752  lr=1.84e-04
Epoch 59/300  train=0.147024  test=0.173396  lr=1.83e-04
Epoch 60/300  train=0.137275  test=0.186953  lr=1.82e-04
Epoch 61/300  train=0.142509  test=0.156123  lr=1.82e-04
Epoch 62/300  train=0.134889  test=0.177681  lr=1.81e-04
Epoch 63/300  train=0.131608  test=0.242862  lr=1.81e-04
Epoch 64/300  train=0.136739  test=0.117415  lr=1.80e-04
  -> New best test_loss=0.117415
Epoch 65/300  train=0.141971  test=0.177560  lr=1.79e-04
Epoch 66/300  train=0.140609  test=0.264187  lr=1.79e-04
Epoch 67/300  train=0.135159  test=0.160741  lr=1.78e-04
Epoch 68/300  train=0.129040  test=0.167113  lr=1.78e-04
Epoch 69/300  train=0.133982  test=0.195314  lr=1.77e-04
Epoch 70/300  train=0.129395  test=0.152126  lr=1.76e-04
Epoch 71/300  train=0.131141  test=0.178993  lr=1.76e-04
Epoch 72/300  train=0.133943  test=0.197690  lr=1.75e-04
Epoch 73/300  train=0.134361  test=0.188020  lr=1.74e-04
Epoch 74/300  train=0.136834  test=0.193641  lr=1.74e-04
Epoch 75/300  train=0.130567  test=0.200471  lr=1.73e-04
Epoch 76/300  train=0.138386  test=0.164327  lr=1.72e-04
Epoch 77/300  train=0.132364  test=0.179427  lr=1.71e-04
Epoch 78/300  train=0.132537  test=0.230989  lr=1.71e-04
Epoch 79/300  train=0.137601  test=0.151246  lr=1.70e-04
Epoch 80/300  train=0.137964  test=0.155480  lr=1.69e-04
Epoch 81/300  train=0.132660  test=0.140195  lr=1.69e-04
Epoch 82/300  train=0.125092  test=0.261937  lr=1.68e-04
Epoch 83/300  train=0.135274  test=0.193640  lr=1.67e-04
Epoch 84/300  train=0.135465  test=0.190816  lr=1.66e-04
Epoch 85/300  train=0.135892  test=0.128202  lr=1.66e-04
Epoch 86/300  train=0.131133  test=0.175587  lr=1.65e-04
Epoch 87/300  train=0.132098  test=0.252811  lr=1.64e-04
Epoch 88/300  train=0.134553  test=0.160317  lr=1.63e-04
Epoch 89/300  train=0.135024  test=0.208218  lr=1.62e-04
Epoch 90/300  train=0.131943  test=0.177492  lr=1.62e-04
Epoch 91/300  train=0.130094  test=0.252879  lr=1.61e-04
Epoch 92/300  train=0.125838  test=0.181582  lr=1.60e-04
Epoch 93/300  train=0.132181  test=0.200732  lr=1.59e-04
Epoch 94/300  train=0.130131  test=0.207729  lr=1.58e-04
Epoch 95/300  train=0.131310  test=0.159741  lr=1.58e-04
Epoch 96/300  train=0.143663  test=0.205742  lr=1.57e-04
Epoch 97/300  train=0.128001  test=0.168391  lr=1.56e-04
Epoch 98/300  train=0.131446  test=0.159710  lr=1.55e-04
Epoch 99/300  train=0.129291  test=0.151055  lr=1.54e-04
Epoch 100/300  train=0.135337  test=0.149501  lr=1.53e-04
Epoch 101/300  train=0.131268  test=0.217628  lr=1.53e-04
Epoch 102/300  train=0.134242  test=0.185834  lr=1.52e-04
Epoch 103/300  train=0.130947  test=0.222205  lr=1.51e-04
Epoch 104/300  train=0.134583  test=0.150267  lr=1.50e-04
Epoch 105/300  train=0.132327  test=0.203194  lr=1.49e-04
Epoch 106/300  train=0.131480  test=0.163806  lr=1.48e-04
Epoch 107/300  train=0.127476  test=0.154742  lr=1.47e-04
Epoch 108/300  train=0.129763  test=0.201909  lr=1.46e-04
Epoch 109/300  train=0.130980  test=0.214107  lr=1.45e-04
Epoch 110/300  train=0.126459  test=0.167127  lr=1.45e-04
Epoch 111/300  train=0.133866  test=0.208027  lr=1.44e-04
Epoch 112/300  train=0.128762  test=0.152249  lr=1.43e-04
Epoch 113/300  train=0.126285  test=0.253090  lr=1.42e-04
Epoch 114/300  train=0.124630  test=0.179302  lr=1.41e-04
Epoch 115/300  train=0.124525  test=0.150303  lr=1.40e-04
Epoch 116/300  train=0.129702  test=0.159083  lr=1.39e-04
Epoch 117/300  train=0.133156  test=0.123315  lr=1.38e-04
Epoch 118/300  train=0.123661  test=0.183274  lr=1.37e-04
Epoch 119/300  train=0.132502  test=0.192094  lr=1.36e-04
Epoch 120/300  train=0.138094  test=0.191405  lr=1.35e-04
Epoch 121/300  train=0.121926  test=0.177139  lr=1.34e-04
Epoch 122/300  train=0.128492  test=0.226878  lr=1.33e-04
Epoch 123/300  train=0.127552  test=0.169085  lr=1.32e-04
Epoch 124/300  train=0.123435  test=0.175246  lr=1.32e-04
Epoch 125/300  train=0.132832  test=0.209904  lr=1.31e-04
Epoch 126/300  train=0.123225  test=0.127469  lr=1.30e-04
Epoch 127/300  train=0.128569  test=0.178176  lr=1.29e-04
Epoch 128/300  train=0.122751  test=0.171772  lr=1.28e-04
Epoch 129/300  train=0.134375  test=0.245045  lr=1.27e-04
Epoch 130/300  train=0.125250  test=0.213480  lr=1.26e-04
Epoch 131/300  train=0.129997  test=0.161083  lr=1.25e-04
Epoch 132/300  train=0.125363  test=0.208918  lr=1.24e-04
Epoch 133/300  train=0.127457  test=0.251610  lr=1.23e-04
Epoch 134/300  train=0.125367  test=0.269595  lr=1.22e-04
Epoch 135/300  train=0.132997  test=0.176619  lr=1.21e-04
Epoch 136/300  train=0.126266  test=0.174376  lr=1.20e-04
Epoch 137/300  train=0.123637  test=0.147338  lr=1.19e-04
Epoch 138/300  train=0.131096  test=0.197226  lr=1.18e-04
Epoch 139/300  train=0.129923  test=0.239503  lr=1.17e-04
Epoch 140/300  train=0.127115  test=0.210932  lr=1.16e-04
Epoch 141/300  train=0.123809  test=0.246593  lr=1.15e-04
Epoch 142/300  train=0.125150  test=0.187668  lr=1.14e-04
Epoch 143/300  train=0.123879  test=0.179895  lr=1.13e-04
Epoch 144/300  train=0.118331  test=0.205444  lr=1.12e-04
Epoch 145/300  train=0.120615  test=0.196405  lr=1.11e-04
Epoch 146/300  train=0.129769  test=0.188420  lr=1.10e-04
Epoch 147/300  train=0.124938  test=0.153034  lr=1.09e-04
Epoch 148/300  train=0.123768  test=0.209409  lr=1.08e-04
Epoch 149/300  train=0.124431  test=0.184099  lr=1.07e-04
Epoch 150/300  train=0.130901  test=0.161395  lr=1.06e-04
Epoch 151/300  train=0.126695  test=0.164528  lr=1.05e-04
Epoch 152/300  train=0.124520  test=0.191189  lr=1.04e-04
Epoch 153/300  train=0.128957  test=0.179831  lr=1.03e-04
Epoch 154/300  train=0.129593  test=0.217249  lr=1.02e-04
Epoch 155/300  train=0.127078  test=0.111782  lr=1.01e-04
  -> New best test_loss=0.111782
Epoch 156/300  train=0.121070  test=0.167661  lr=1.00e-04
Epoch 157/300  train=0.126360  test=0.201718  lr=9.90e-05
Epoch 158/300  train=0.120790  test=0.175593  lr=9.80e-05
Epoch 159/300  train=0.124302  test=0.153945  lr=9.71e-05
Epoch 160/300  train=0.123333  test=0.186102  lr=9.61e-05
Epoch 161/300  train=0.121230  test=0.211538  lr=9.51e-05
Epoch 162/300  train=0.120332  test=0.208093  lr=9.41e-05
Epoch 163/300  train=0.126096  test=0.144353  lr=9.31e-05
Epoch 164/300  train=0.119294  test=0.146047  lr=9.21e-05
Epoch 165/300  train=0.121438  test=0.143068  lr=9.11e-05
Epoch 166/300  train=0.123795  test=0.175404  lr=9.01e-05
Epoch 167/300  train=0.126099  test=0.223624  lr=8.92e-05
Epoch 168/300  train=0.121725  test=0.251742  lr=8.82e-05
Epoch 169/300  train=0.123268  test=0.183688  lr=8.72e-05
Epoch 170/300  train=0.123651  test=0.150465  lr=8.62e-05
Epoch 171/300  train=0.116793  test=0.175274  lr=8.52e-05
Epoch 172/300  train=0.129965  test=0.293530  lr=8.43e-05
Epoch 173/300  train=0.120554  test=0.210143  lr=8.33e-05
Epoch 174/300  train=0.120935  test=0.140511  lr=8.23e-05
Epoch 175/300  train=0.120242  test=0.242526  lr=8.14e-05
Epoch 176/300  train=0.126410  test=0.173705  lr=8.04e-05
Epoch 177/300  train=0.119617  test=0.228827  lr=7.95e-05
Epoch 178/300  train=0.121394  test=0.174530  lr=7.85e-05
Epoch 179/300  train=0.125938  test=0.243503  lr=7.75e-05
Epoch 180/300  train=0.125512  test=0.183123  lr=7.66e-05
Epoch 181/300  train=0.120076  test=0.269196  lr=7.56e-05
Epoch 182/300  train=0.119354  test=0.183584  lr=7.47e-05
Epoch 183/300  train=0.126559  test=0.235742  lr=7.38e-05
Epoch 184/300  train=0.122998  test=0.094702  lr=7.28e-05
  -> New best test_loss=0.094702
Epoch 185/300  train=0.119539  test=0.184491  lr=7.19e-05
Epoch 186/300  train=0.127122  test=0.172487  lr=7.10e-05
Epoch 187/300  train=0.116908  test=0.153530  lr=7.00e-05
Epoch 188/300  train=0.121056  test=0.222055  lr=6.91e-05
Epoch 189/300  train=0.116910  test=0.201666  lr=6.82e-05
Epoch 190/300  train=0.126043  test=0.145873  lr=6.73e-05
Epoch 191/300  train=0.124076  test=0.195538  lr=6.64e-05
Epoch 192/300  train=0.117684  test=0.166545  lr=6.55e-05
Epoch 193/300  train=0.115962  test=0.245943  lr=6.46e-05
Epoch 194/300  train=0.117911  test=0.200597  lr=6.37e-05
Epoch 195/300  train=0.120140  test=0.156016  lr=6.28e-05
Epoch 196/300  train=0.120279  test=0.170270  lr=6.19e-05
Epoch 197/300  train=0.121130  test=0.192159  lr=6.10e-05
Epoch 198/300  train=0.116985  test=0.220146  lr=6.01e-05
Epoch 199/300  train=0.118289  test=0.159360  lr=5.92e-05
Epoch 200/300  train=0.126850  test=0.185055  lr=5.84e-05
Epoch 201/300  train=0.120626  test=0.146516  lr=5.75e-05
Epoch 202/300  train=0.114947  test=0.168981  lr=5.66e-05
Epoch 203/300  train=0.116328  test=0.146024  lr=5.58e-05
Epoch 204/300  train=0.118238  test=0.195792  lr=5.49e-05
Epoch 205/300  train=0.119291  test=0.203882  lr=5.41e-05
Epoch 206/300  train=0.118629  test=0.185529  lr=5.33e-05
Epoch 207/300  train=0.121238  test=0.155026  lr=5.24e-05
Epoch 208/300  train=0.126355  test=0.177105  lr=5.16e-05
Epoch 209/300  train=0.118696  test=0.148601  lr=5.08e-05
Epoch 210/300  train=0.117413  test=0.179354  lr=5.00e-05
Epoch 211/300  train=0.123998  test=0.213524  lr=4.92e-05
Epoch 212/300  train=0.121573  test=0.199580  lr=4.84e-05
Epoch 213/300  train=0.117097  test=0.237045  lr=4.76e-05
Epoch 214/300  train=0.111942  test=0.160678  lr=4.68e-05
Epoch 215/300  train=0.122300  test=0.135642  lr=4.60e-05
Epoch 216/300  train=0.121426  test=0.220422  lr=4.52e-05
Epoch 217/300  train=0.110927  test=0.158129  lr=4.44e-05
Epoch 218/300  train=0.114568  test=0.132411  lr=4.37e-05
Epoch 219/300  train=0.115182  test=0.162025  lr=4.29e-05
Epoch 220/300  train=0.118552  test=0.251326  lr=4.22e-05
Epoch 221/300  train=0.110680  test=0.164810  lr=4.14e-05
Epoch 222/300  train=0.117588  test=0.125219  lr=4.07e-05
Epoch 223/300  train=0.115766  test=0.202291  lr=4.00e-05
Epoch 224/300  train=0.113569  test=0.159656  lr=3.92e-05
Epoch 225/300  train=0.112233  test=0.223381  lr=3.85e-05
Epoch 226/300  train=0.118655  test=0.199037  lr=3.78e-05
Epoch 227/300  train=0.119388  test=0.107254  lr=3.71e-05
Epoch 228/300  train=0.115266  test=0.145155  lr=3.64e-05
Epoch 229/300  train=0.112390  test=0.138395  lr=3.57e-05
Epoch 230/300  train=0.117048  test=0.180205  lr=3.51e-05
Epoch 231/300  train=0.111940  test=0.154092  lr=3.44e-05
Epoch 232/300  train=0.119581  test=0.247512  lr=3.37e-05
Epoch 233/300  train=0.116690  test=0.147669  lr=3.31e-05
Epoch 234/300  train=0.114300  test=0.171134  lr=3.24e-05
Epoch 235/300  train=0.114111  test=0.205926  lr=3.18e-05
Epoch 236/300  train=0.115702  test=0.201047  lr=3.12e-05
Epoch 237/300  train=0.113124  test=0.237257  lr=3.05e-05
Epoch 238/300  train=0.114143  test=0.178781  lr=2.99e-05
Epoch 239/300  train=0.112518  test=0.214252  lr=2.93e-05
Epoch 240/300  train=0.113126  test=0.206387  lr=2.87e-05
Epoch 241/300  train=0.121320  test=0.164839  lr=2.81e-05
Epoch 242/300  train=0.115944  test=0.196553  lr=2.76e-05
Epoch 243/300  train=0.115460  test=0.161114  lr=2.70e-05
Epoch 244/300  train=0.117312  test=0.207775  lr=2.64e-05
Epoch 245/300  train=0.112040  test=0.179191  lr=2.59e-05
Epoch 246/300  train=0.115101  test=0.210062  lr=2.53e-05
Epoch 247/300  train=0.116426  test=0.190834  lr=2.48e-05
Epoch 248/300  train=0.113905  test=0.168136  lr=2.43e-05
Epoch 249/300  train=0.113367  test=0.180638  lr=2.37e-05
Epoch 250/300  train=0.110568  test=0.211385  lr=2.32e-05
Epoch 251/300  train=0.112075  test=0.196625  lr=2.27e-05
Epoch 252/300  train=0.108819  test=0.212578  lr=2.22e-05
Epoch 253/300  train=0.105393  test=0.250433  lr=2.18e-05
Epoch 254/300  train=0.114175  test=0.195450  lr=2.13e-05
Epoch 255/300  train=0.112332  test=0.265824  lr=2.08e-05
Epoch 256/300  train=0.115135  test=0.173347  lr=2.04e-05
Epoch 257/300  train=0.116021  test=0.215657  lr=1.99e-05
Epoch 258/300  train=0.111578  test=0.258498  lr=1.95e-05
Epoch 259/300  train=0.114455  test=0.184892  lr=1.90e-05
Epoch 260/300  train=0.110534  test=0.251978  lr=1.86e-05
Epoch 261/300  train=0.114292  test=0.141434  lr=1.82e-05
Epoch 262/300  train=0.112730  test=0.200890  lr=1.78e-05
Epoch 263/300  train=0.119100  test=0.168316  lr=1.74e-05
Epoch 264/300  train=0.114797  test=0.175995  lr=1.70e-05
Epoch 265/300  train=0.116587  test=0.182961  lr=1.67e-05
Epoch 266/300  train=0.111522  test=0.185771  lr=1.63e-05
Epoch 267/300  train=0.114492  test=0.213405  lr=1.60e-05
Epoch 268/300  train=0.118490  test=0.240243  lr=1.56e-05
Epoch 269/300  train=0.117071  test=0.261054  lr=1.53e-05
Epoch 270/300  train=0.110455  test=0.162855  lr=1.50e-05
Epoch 271/300  train=0.111809  test=0.210438  lr=1.46e-05
Epoch 272/300  train=0.113562  test=0.170208  lr=1.43e-05
Epoch 273/300  train=0.114837  test=0.191789  lr=1.41e-05
Epoch 274/300  train=0.113084  test=0.217909  lr=1.38e-05
Epoch 275/300  train=0.114455  test=0.210938  lr=1.35e-05
Epoch 276/300  train=0.116453  test=0.235168  lr=1.32e-05
Epoch 277/300  train=0.114322  test=0.181194  lr=1.30e-05
Epoch 278/300  train=0.114914  test=0.177818  lr=1.27e-05
Epoch 279/300  train=0.114469  test=0.214100  lr=1.25e-05
Epoch 280/300  train=0.116779  test=0.179906  lr=1.23e-05
Epoch 281/300  train=0.120159  test=0.146210  lr=1.21e-05
Epoch 282/300  train=0.109328  test=0.142255  lr=1.19e-05
Epoch 283/300  train=0.113363  test=0.226570  lr=1.17e-05
Epoch 284/300  train=0.112862  test=0.164301  lr=1.15e-05
Epoch 285/300  train=0.109479  test=0.184685  lr=1.13e-05
Epoch 286/300  train=0.111002  test=0.122472  lr=1.12e-05
Epoch 287/300  train=0.108183  test=0.284250  lr=1.10e-05
Epoch 288/300  train=0.106146  test=0.168345  lr=1.09e-05
Epoch 289/300  train=0.113359  test=0.156737  lr=1.07e-05
Epoch 290/300  train=0.114519  test=0.137890  lr=1.06e-05
Epoch 291/300  train=0.106095  test=0.172287  lr=1.05e-05
Epoch 292/300  train=0.115218  test=0.156574  lr=1.04e-05
Epoch 293/300  train=0.115941  test=0.192623  lr=1.03e-05
Epoch 294/300  train=0.112681  test=0.232227  lr=1.03e-05
Epoch 295/300  train=0.109351  test=0.110155  lr=1.02e-05
Epoch 296/300  train=0.113474  test=0.187178  lr=1.01e-05
Epoch 297/300  train=0.106180  test=0.206569  lr=1.01e-05
Epoch 298/300  train=0.119134  test=0.145336  lr=1.00e-05
Epoch 299/300  train=0.114774  test=0.127305  lr=1.00e-05
Epoch 300/300  train=0.107346  test=0.213097  lr=1.00e-05

Training complete.
exp050 training complete at: Mon Mar 30 11:34:02     2026
==========================================
Evaluating exp050 alpha=0.0 (pure AmpPredictor baseline)
==========================================
C:\lxr\study\final\src\model\diffusion.py:398: UserWarning: enable_nested_tensor is True, but self.use_nested_tensor is False because encoder_layer.norm_first was True
  self.attn = nn.TransformerEncoder(attn_layer, num_layers=n_attn_layers)
C:\lxr\study\final\src\model\evaluate.py:203: FutureWarning: `torch.cuda.amp.autocast(args...)` is deprecated. Please use `torch.amp.autocast('cuda', args...)` instead.
  autocast_ctx = torch.cuda.amp.autocast() if device.type == "cuda" else torch.inference_mode()
Device: cuda
Test tracks: 30

--- Evaluating Baseline ---
{
  "baseline_rpa": {
    "mean": 0.9446448217533749,
    "std": 0.03822733972862986,
    "min": 0.7996011964107677,
    "max": 0.9896858884200657
  },
  "baseline_f0_mae": {
    "mean": 34.12835753758748,
    "std": 50.12239399213163,
    "min": 14.696958541870117,
    "max": 277.7970886230469
  },
  "baseline_amp_corr": {
    "mean": 0.736660604349787,
    "std": 0.13919692324004487,
    "min": 0.45848959940508205,
    "max": 0.948161092164857
  },
  "baseline_amp_rmse_log": {
    "mean": 0.8718445201714834,
    "std": 0.6052760358136731,
    "min": 0.38461315631866455,
    "max": 3.739269733428955
  },
  "baseline_vde_mean": {
    "mean": 11.489839159083592,
    "std": 7.344295595005651,
    "min": 1.7205199725984546,
    "max": 35.0156226680229
  },
  "baseline_vre_mean": {
    "mean": 0.7565739044406616,
    "std": 0.31195263643606413,
    "min": 0.0,
    "max": 1.324212063813531
  },
  "baseline_n_vibrato_notes": {
    "mean": 58.43333333333333,
    "std": 56.101505228370556,
    "min": 2.0,
    "max": 185.0
  }
}

--- Evaluating Diffusion ---
Loaded baseline from experiments/checkpoints/exp050\baseline_best.pt
Loaded Amp Diffusion from experiments/checkpoints/exp050\amp_diffusion_best_ema.pt
Loaded AmpPredictor (hidden=256, gru_hidden=128, layers=2, dropout=0.3, f0_conditioned=False, use_attention=True, n_attn_heads=4, n_attn_layers=2, instrument_conditioned=False, note_position_conditioned=False, velocity_conditioned=False, condition_dropout=0.0) from experiments/checkpoints/exp050\amp_predictor_best.pt
Amp norm stats (amp diffusion): mean=-4.6780, std=1.5514, residual_std=0.4699
*** RESIDUAL AMP DIFFUSION MODE: amp = AmpPredictor_mean + diffusion_residual ***
Traceback (most recent call last):
  File "C:\lxr\study\final\src\model\evaluate.py", line 711, in <module>
    main()
  File "C:\lxr\study\final\src\model\evaluate.py", line 687, in main
    diff_metrics = evaluate_diffusion(
                   ^^^^^^^^^^^^^^^^^^^
  File "C:\lxr\study\final\src\model\evaluate.py", line 267, in evaluate_diffusion
    x_gen = diffusion.ddim_sample(condition_perm, n_steps=ddim_steps, eta=eta)
            ^^^^^^^^^^^^^^^^^^^^^^^^^^^^^^^^^^^^^^^^^^^^^^^^^^^^^^^^^^^^^^^^^^
  File "C:\Users\17145\AppData\Local\Programs\Python\Python312\Lib\site-packages\torch\utils\_contextlib.py", line 124, in decorate_context
    return func(*args, **kwargs)
           ^^^^^^^^^^^^^^^^^^^^^
  File "C:\lxr\study\final\src\model\diffusion.py", line 311, in ddim_sample
    noise_pred = self.unet(x, t_batch, condition)
                 ^^^^^^^^^^^^^^^^^^^^^^^^^^^^^^^^
  File "C:\Users\17145\AppData\Local\Programs\Python\Python312\Lib\site-packages\torch\nn\modules\module.py", line 1776, in _wrapped_call_impl
    return self._call_impl(*args, **kwargs)
           ^^^^^^^^^^^^^^^^^^^^^^^^^^^^^^^^
  File "C:\Users\17145\AppData\Local\Programs\Python\Python312\Lib\site-packages\torch\nn\modules\module.py", line 1787, in _call_impl
    return forward_call(*args, **kwargs)
           ^^^^^^^^^^^^^^^^^^^^^^^^^^^^^
  File "C:\lxr\study\final\src\model\diffusion.py", line 231, in forward
    h, skip = down(h, t_emb)
              ^^^^^^^^^^^^^^
  File "C:\Users\17145\AppData\Local\Programs\Python\Python312\Lib\site-packages\torch\nn\modules\module.py", line 1776, in _wrapped_call_impl
    return self._call_impl(*args, **kwargs)
           ^^^^^^^^^^^^^^^^^^^^^^^^^^^^^^^^
  File "C:\Users\17145\AppData\Local\Programs\Python\Python312\Lib\site-packages\torch\nn\modules\module.py", line 1787, in _call_impl
    return forward_call(*args, **kwargs)
           ^^^^^^^^^^^^^^^^^^^^^^^^^^^^^
  File "C:\lxr\study\final\src\model\diffusion.py", line 130, in forward
    h = attn(h)
        ^^^^^^^
  File "C:\Users\17145\AppData\Local\Programs\Python\Python312\Lib\site-packages\torch\nn\modules\module.py", line 1776, in _wrapped_call_impl
    return self._call_impl(*args, **kwargs)
           ^^^^^^^^^^^^^^^^^^^^^^^^^^^^^^^^
  File "C:\Users\17145\AppData\Local\Programs\Python\Python312\Lib\site-packages\torch\nn\modules\module.py", line 1787, in _call_impl
    return forward_call(*args, **kwargs)
           ^^^^^^^^^^^^^^^^^^^^^^^^^^^^^
  File "C:\lxr\study\final\src\model\diffusion.py", line 104, in forward
    h, _ = self.attn(h, h, h)
           ^^^^^^^^^^^^^^^^^^
  File "C:\Users\17145\AppData\Local\Programs\Python\Python312\Lib\site-packages\torch\nn\modules\module.py", line 1776, in _wrapped_call_impl
    return self._call_impl(*args, **kwargs)
           ^^^^^^^^^^^^^^^^^^^^^^^^^^^^^^^^
  File "C:\Users\17145\AppData\Local\Programs\Python\Python312\Lib\site-packages\torch\nn\modules\module.py", line 1787, in _call_impl
    return forward_call(*args, **kwargs)
           ^^^^^^^^^^^^^^^^^^^^^^^^^^^^^
  File "C:\Users\17145\AppData\Local\Programs\Python\Python312\Lib\site-packages\torch\nn\modules\activation.py", line 1491, in forward
    attn_output, attn_output_weights = F.multi_head_attention_forward(
                                       ^^^^^^^^^^^^^^^^^^^^^^^^^^^^^^^
  File "C:\Users\17145\AppData\Local\Programs\Python\Python312\Lib\site-packages\torch\nn\functional.py", line 6590, in multi_head_attention_forward
    attn_output_weights = softmax(attn_output_weights, dim=-1)
                          ^^^^^^^^^^^^^^^^^^^^^^^^^^^^^^^^^^^^
  File "C:\Users\17145\AppData\Local\Programs\Python\Python312\Lib\site-packages\torch\nn\functional.py", line 2157, in softmax
    ret = input.softmax(dim)
          ^^^^^^^^^^^^^^^^^^
torch.OutOfMemoryError: CUDA out of memory. Tried to allocate 7.56 GiB. GPU 0 has a total capacity of 7.96 GiB of which 2.60 GiB is free. 7.56 GiB allowed; Of the allocated memory 4.09 GiB is allocated by PyTorch, and 122.23 MiB is reserved by PyTorch but unallocated. If reserved but unallocated memory is large try setting PYTORCH_ALLOC_CONF=expandable_segments:True to avoid fragmentation.  See documentation for Memory Management  (https://pytorch.org/docs/stable/notes/cuda.html#environment-variables)
[Training] Finished with exit code: 0
[Worker] Logging results...
The log has been updated correctly. Let me verify the "当前最佳" section — since exp050 has no evaluation results, no update is needed there.

Here's a summary of what was logged for **exp050**:

## exp050 Results Summary

**Training**: ✅ Completed (300 epochs)
- Best test loss: **0.094702** 
- Residual normalization implemented: residual_std = 0.4699 → normalized to ~unit variance
- Residual stats: mean=-0.0767, std=0.4699 (z-score space)
- Train loss converged from 0.290 → 0.107

**Evaluation**: ❌ OOM Failure
- Baseline metrics partially obtained: rpa=94.46%, **amp_corr=0.737**, rmse=0.872
- Diffusion evaluation crashed during DDIM sampling — UNet self-attention tried to allocate **7.56 GiB** on 8GB GPU
- **Root cause**: All models (f0 UNet 16.4M + amp UNet 16.4M + AmpPredictor 1.7M + baseline 10M) loaded simultaneously, plus O(T²) self-attention on long tracks (~22K frames)

**"当前最佳" NOT updated** — no diffusion/amp metrics available.

**For supervisor**: The training checkpoint exists at `experiments/checkpoints/exp050/amp_diffusion_best_ema.pt`. The evaluation needs to be re-run with OOM mitigation (model offloading, reduced n_samples, chunked long tracks, or float16 inference).
[Supervisor] Reviewing results...
## Status Summary

### Reviewed: exp050 — Residual Amp Diffusion v2 (Residual Normalization)

**Training**: ✅ Completed (300 epochs, residual_std=0.4699 → normalized to ~1.0)  
**Evaluation**: ❌ OOM failure — O(T²) self-attention on a track with T≈22K frames (7.56 GiB needed, 8 GB GPU)

### Code Review
- **Residual normalization code**: ✅ Correct — train divides by std, eval multiplies back
- **amp_predictor_best.pt**: ✅ Correctly copied from exp045 (verified by timestamp)
- **baseline_amp_corr=0.737**: ✅ Not a bug — this is from BaselineModel, not AmpPredictor
- **No code bugs found**

### Key Metrics (prior experiments for context)
| Metric | Best (deterministic) | Best (diffusion) | Target |
|--------|---------------------|-------------------|--------|
| Amp Corr | 0.807 (exp039 w/inst) / 0.789 (exp048 no inst) | 0.711 oracle (exp049) | > 0.90 |
| Amp Diversity | ~0 | 0.011 (exp049) | > 0 ✅ |
| f0 RPA | 95.82% (exp049 oracle) | — | > 85% ✅ |

### Planned Next: Fix OOM + Re-evaluate exp050
1. **[Fix-1] CRITICAL**: Add `--max_eval_len 8192` to evaluate.py to truncate long tracks
2. **[Fix-2] RECOMMENDED**: Offload f0 diffusion to CPU during amp DDIM sampling
3. **Re-run evaluation** with alpha=1.0 (main result) and alpha=0.0 (deterministic baseline sanity check)
4. **No new training needed** — only code fix + evaluation

### Critical Issues: None
### Escalation: Not needed — straightforward OOM fix, no repeated failures or anomalies
[Backup] Saving source code to experiments/checkpoints/exp050/src_backup...

Round 62 complete. Check experiments/log.md for results.

========================================
  Round 63 / 20
========================================
[Worker] Preparing experiment...
Everything is in place. Let me provide a summary:

---

## Summary of What Was Prepared

### Context
**exp050** (Residual Amp Diffusion v2 with normalized residuals) training completed 300 epochs, but evaluation failed with OOM due to O(T²) attention memory on long tracks. The supervisor's plan called for two fixes to evaluate.py plus re-running evaluation.

### Code Fixes Applied to `src/model/evaluate.py`

1. **Fix-1: `--max_eval_len` argument + truncation logic** (lines 218-227, 451)
   - Added `--max_eval_len` CLI argument (default=0 = no limit)
   - After loading each track, truncates `ff`, `f0_gt`, `amp_gt`, and `notes` if length exceeds the limit
   - Logs which tracks were truncated and by how many frames

2. **Fix-2: GPU model offloading** (lines 279-289)
   - After f0 DDIM sampling, moves `diffusion` (f0 U-Net) to CPU and clears GPU cache
   - Before next sample's f0 DDIM, moves `diffusion` back to GPU
   - This frees ~130MB GPU RAM for amp diffusion DDIM sampling

3. **Updated call site** (line 720) to pass `max_eval_len` through to `evaluate_diffusion()`

### Evaluation Script: `experiments/next_train_cmd.sh`
- **No training** — exp050 is already trained (300 epochs)
- **Run 1**: `alpha=1.0, eta=0.3, n_samples=5, max_eval_len=8192` → main result → `exp050.json`
- **Run 2**: `alpha=0.0, eta=0.0, n_samples=1, max_eval_len=8192` → sanity check (should match AmpPredictor ~0.781) → `exp050_alpha00.json`

### Expected Outcomes
| Setting | Expected Amp Corr | Purpose |
|---------|-------------------|---------|
| alpha=1.0 | 0.75–0.78 | Residual diffusion with normalized residuals |
| alpha=0.0 | ~0.781 | Verify AmpPredictor loads correctly (matches exp045) |
[Training] Executing training script...
==========================================
exp050 evaluation: alpha=1.0 eta=0.3 n=5 (main result)
Started at: Mon Mar 30 11:53:02     2026
==========================================
C:\lxr\study\final\src\model\diffusion.py:398: UserWarning: enable_nested_tensor is True, but self.use_nested_tensor is False because encoder_layer.norm_first was True
  self.attn = nn.TransformerEncoder(attn_layer, num_layers=n_attn_layers)
C:\lxr\study\final\src\model\evaluate.py:204: FutureWarning: `torch.cuda.amp.autocast(args...)` is deprecated. Please use `torch.amp.autocast('cuda', args...)` instead.
  autocast_ctx = torch.cuda.amp.autocast() if device.type == "cuda" else torch.inference_mode()
Device: cuda
Test tracks: 30

--- Evaluating Diffusion ---
Loaded baseline from experiments/checkpoints/exp050\baseline_best.pt
Loaded Amp Diffusion from experiments/checkpoints/exp050\amp_diffusion_best_ema.pt
Loaded AmpPredictor (hidden=256, gru_hidden=128, layers=2, dropout=0.3, f0_conditioned=False, use_attention=True, n_attn_heads=4, n_attn_layers=2, instrument_conditioned=False, note_position_conditioned=False, velocity_conditioned=False, condition_dropout=0.0) from experiments/checkpoints/exp050\amp_predictor_best.pt
Amp norm stats (amp diffusion): mean=-4.6780, std=1.5514, residual_std=0.4699
*** RESIDUAL AMP DIFFUSION MODE: amp = AmpPredictor_mean + diffusion_residual ***
  Track 1: truncated 13092 -> 8192 frames (4900 dropped)
  Track 2: truncated 13092 -> 8192 frames (4900 dropped)
  Track 3: truncated 22520 -> 8192 frames (14328 dropped)
  Track 4: truncated 22520 -> 8192 frames (14328 dropped)
  Track 5: truncated 22520 -> 8192 frames (14328 dropped)
  Track 6: truncated 22520 -> 8192 frames (14328 dropped)
  Track 7: truncated 13092 -> 8192 frames (4900 dropped)
  Track 8: truncated 22520 -> 8192 frames (14328 dropped)
  Track 27: truncated 19106 -> 8192 frames (10914 dropped)
{
  "diffusion_rpa_mean": {
    "mean": 0.8961054332258948,
    "std": 0.061247727083186786,
    "min": 0.7343814080656186,
    "max": 0.9634194181104936
  },
  "diffusion_rpa_oracle": {
    "mean": 0.9369405755744739,
    "std": 0.03631170604483843,
    "min": 0.7916251246261217,
    "max": 0.9817415730337079
  },
  "diffusion_f0_mae_mean": {
    "mean": 37.87619042078654,
    "std": 47.59521439686722,
    "min": 15.696506881713868,
    "max": 283.949560546875
  },
  "diffusion_f0_mae_oracle": {
    "mean": 30.858798662821453,
    "std": 47.360630481037816,
    "min": 13.209080696105957,
    "max": 280.01904296875
  },
  "diffusion_amp_corr_mean": {
    "mean": 0.7369904540054525,
    "std": 0.10791778469691805,
    "min": 0.5355281122350669,
    "max": 0.9239697501560139
  },
  "diffusion_amp_corr_oracle": {
    "mean": 0.7517421288573222,
    "std": 0.10200499212148116,
    "min": 0.5506279861175908,
    "max": 0.9392460632614249
  },
  "diffusion_amp_rmse_log_mean": {
    "mean": 0.9600891524553299,
    "std": 0.5492076593848029,
    "min": 0.4497117161750793,
    "max": 3.3988051891326903
  },
  "diffusion_amp_rmse_log_oracle": {
    "mean": 0.8266668101151784,
    "std": 0.5373058705519026,
    "min": 0.3993229568004608,
    "max": 3.3158223628997803
  },
  "diffusion_vde_mean_avg": {
    "mean": 10.978198911157516,
    "std": 7.4569003095996615,
    "min": 1.2139375125484393,
    "max": 31.41362377642369
  },
  "diffusion_vde_mean_oracle": {
    "mean": 9.622169433007429,
    "std": 6.910558364382157,
    "min": 1.2422815471048179,
    "max": 28.01366545356283
  },
  "diffusion_vre_mean_avg": {
    "mean": 0.7569961412662269,
    "std": 0.2682369387545485,
    "min": 0.0,
    "max": 1.2115523776554586
  },
  "diffusion_vre_mean_oracle": {
    "mean": 0.7906908470237077,
    "std": 0.29454058116832105,
    "min": 0.0,
    "max": 1.3994945270600823
  },
  "diffusion_f0_diversity_cents": {
    "mean": 20.468763573964438,
    "std": 11.940160826722119,
    "min": 7.68247652053833,
    "max": 51.26799392700195
  },
  "diffusion_amp_diversity": {
    "mean": 0.007996897764193515,
    "std": 0.007829310109779776,
    "min": 0.001985125942155719,
    "max": 0.03258812800049782
  },
  "diffusion_n_vibrato_notes": {
    "mean": 34.0,
    "std": 17.410724664221572,
    "min": 2.0,
    "max": 71.0
  }
}

Results saved to experiments/results/exp050.json

==========================================
exp050 evaluation: alpha=0.0 eta=0.0 n=1 (deterministic baseline check)
Started at: Mon Mar 30 12:08:59     2026
==========================================
C:\lxr\study\final\src\model\diffusion.py:398: UserWarning: enable_nested_tensor is True, but self.use_nested_tensor is False because encoder_layer.norm_first was True
  self.attn = nn.TransformerEncoder(attn_layer, num_layers=n_attn_layers)
C:\lxr\study\final\src\model\evaluate.py:204: FutureWarning: `torch.cuda.amp.autocast(args...)` is deprecated. Please use `torch.amp.autocast('cuda', args...)` instead.
  autocast_ctx = torch.cuda.amp.autocast() if device.type == "cuda" else torch.inference_mode()
Device: cuda
Test tracks: 30

--- Evaluating Diffusion ---
Loaded baseline from experiments/checkpoints/exp050\baseline_best.pt
Loaded Amp Diffusion from experiments/checkpoints/exp050\amp_diffusion_best_ema.pt
Loaded AmpPredictor (hidden=256, gru_hidden=128, layers=2, dropout=0.3, f0_conditioned=False, use_attention=True, n_attn_heads=4, n_attn_layers=2, instrument_conditioned=False, note_position_conditioned=False, velocity_conditioned=False, condition_dropout=0.0) from experiments/checkpoints/exp050\amp_predictor_best.pt
Amp norm stats (amp diffusion): mean=-4.6780, std=1.5514, residual_std=0.4699
*** RESIDUAL AMP DIFFUSION MODE: amp = AmpPredictor_mean + diffusion_residual ***
  Track 1: truncated 13092 -> 8192 frames (4900 dropped)
  Track 2: truncated 13092 -> 8192 frames (4900 dropped)
  Track 3: truncated 22520 -> 8192 frames (14328 dropped)
  Track 4: truncated 22520 -> 8192 frames (14328 dropped)
  Track 5: truncated 22520 -> 8192 frames (14328 dropped)
  Track 6: truncated 22520 -> 8192 frames (14328 dropped)
  Track 7: truncated 13092 -> 8192 frames (4900 dropped)
  Track 8: truncated 22520 -> 8192 frames (14328 dropped)
  Track 27: truncated 19106 -> 8192 frames (10914 dropped)
{
  "diffusion_rpa_mean": {
    "mean": 0.9071157929285861,
    "std": 0.08683731102967687,
    "min": 0.5075187969924813,
    "max": 0.9878277153558053
  },
  "diffusion_rpa_oracle": {
    "mean": 0.9071157929285861,
    "std": 0.08683731102967687,
    "min": 0.5075187969924813,
    "max": 0.9878277153558053
  },
  "diffusion_f0_mae_mean": {
    "mean": 36.795956738789876,
    "std": 48.68397652187944,
    "min": 13.16603946685791,
    "max": 285.4326171875
  },
  "diffusion_f0_mae_oracle": {
    "mean": 36.795956738789876,
    "std": 48.68397652187944,
    "min": 13.16603946685791,
    "max": 285.4326171875
  },
  "diffusion_amp_corr_mean": {
    "mean": 0.7705547408437528,
    "std": 0.0964389808072089,
    "min": 0.6235784709222221,
    "max": 0.9274288636295707
  },
  "diffusion_amp_corr_oracle": {
    "mean": 0.7705547408437528,
    "std": 0.0964389808072089,
    "min": 0.6235784709222221,
    "max": 0.9274288636295707
  },
  "diffusion_amp_rmse_log_mean": {
    "mean": 0.8653068989515305,
    "std": 0.7023545329414623,
    "min": 0.3919483721256256,
    "max": 4.299630165100098
  },
  "diffusion_amp_rmse_log_oracle": {
    "mean": 0.8653068989515305,
    "std": 0.7023545329414623,
    "min": 0.3919483721256256,
    "max": 4.299630165100098
  },
  "diffusion_vde_mean_avg": {
    "mean": 10.413357636586035,
    "std": 7.663992539343457,
    "min": 1.2640359527114742,
    "max": 33.63647643026282
  },
  "diffusion_vde_mean_oracle": {
    "mean": 10.413357636586035,
    "std": 7.663992539343457,
    "min": 1.2640359527114742,
    "max": 33.63647643026282
  },
  "diffusion_vre_mean_avg": {
    "mean": 0.6968310221757501,
    "std": 0.29802015353568545,
    "min": 0.0,
    "max": 1.265102790285346
  },
  "diffusion_vre_mean_oracle": {
    "mean": 0.6968310221757501,
    "std": 0.29802015353568545,
    "min": 0.0,
    "max": 1.265102790285346
  },
  "diffusion_f0_diversity_cents": {
    "mean": 0.0,
    "std": 0.0,
    "min": 0.0,
    "max": 0.0
  },
  "diffusion_amp_diversity": {
    "mean": 0.0,
    "std": 0.0,
    "min": 0.0,
    "max": 0.0
  },
  "diffusion_n_vibrato_notes": {
    "mean": 34.0,
    "std": 17.410724664221572,
    "min": 2.0,
    "max": 71.0
  }
}

Results saved to experiments/results/exp050_alpha00.json

==========================================
Both evaluations complete at: Mon Mar 30 12:12:15     2026
Results:
  experiments/results/exp050.json          (alpha=1.0, main)
  experiments/results/exp050_alpha00.json  (alpha=0.0, sanity check)
==========================================
[Training] Finished with exit code: 0
[Worker] Logging results...
Results logged. Here's the summary:

## exp050 Evaluation Results (Residual Amp Diffusion v2 — Normalized)

| Metric | exp050 (α=1.0) | exp050 (α=0.0, sanity) | exp042 (old residual) | exp039 (best) |
|--------|----------------|------------------------|-----------------------|---------------|
| **Amp Corr (mean)** | **0.737** | 0.771 | 0.744 | **0.807** |
| **Amp Corr (oracle)** | **0.752** | 0.771 | 0.753 | 0.807 |
| Amp RMSE(log) | 0.960 | 0.865 | 0.699 | 0.582 |
| **amp_diversity** | **0.008** | 0.000 | 0.004 | ~0 |
| f0 RPA (mean) | 89.61% | 90.71% | 94.31% | 93.73% |

### Key Findings:
1. **Residual normalization did NOT improve amp quality** — Corr 0.737 ≈ exp042's 0.744 (-0.9%)
2. **Diversity improved** — 0.008 vs exp042's 0.004 (+86%), though still below exp041's 0.011
3. **α=0.0 sanity check passed** — Corr=0.771 ≈ exp045's AmpPredictor (0.781), confirming correct loading
4. **Core problem confirmed**: Adding residual diffusion noise *hurts* quality (0.737 < 0.771 pure AmpPredictor)
5. **Residual diffusion direction exhausted** — two attempts (exp042, exp050), both fail to beat deterministic AmpPredictor

**No new records set.** exp039 (Amp Corr 0.807) and exp041 (diversity 0.011) remain the bests. 

The supervisor's 预案 "Amp Corr oracle 0.74-0.78" was triggered — normalization helped little. The residual diffusion approach is now concluded as ineffective for amp quality.
[Supervisor] Reviewing results...
The plan is written successfully. Let me print a status summary:

---

## Supervisor Review Summary — Round 64

### Experiment Reviewed: exp050 (Residual Amp Diffusion v2, Residual Normalization)

**Key Metrics:**
| Metric | exp050 | Comparison |
|--------|--------|-----------|
| Amp Corr (mean) | **0.737** | vs exp042 old residual: 0.744 (-0.9%) |
| Amp Corr (oracle) | **0.752** | vs exp042: 0.753 (flat) |
| Amp Corr (α=0.0) | **0.771** | vs exp045 AmpPredictor: 0.781 ✓ |
| Amp Diversity | **0.008** | vs exp042: 0.004 (+100%) |
| f0 RPA | 89.61% | Low due to max_eval_len truncation |

**Verdict:** ❌ Residual normalization did NOT improve amp quality. Residual diffusion direction fully exhausted (exp042 + exp050). Overlaying diffusion residual consistently damages quality vs pure AmpPredictor.

### Critical Issues Found
None — code is correct, OOM fix works.

### Next Experiment Planned: exp051
**Encoder Adapter + 185-track AmpPredictor Training**

**Key innovation:** After 32 experiments where all AmpPredictor variants (GRU, TCN, attention, two-step, diffusion) plateau at similar levels, the common bottleneck is identified as the **encoder's 256-dim condition output**. A lightweight **EncoderAdapter** (256→64→256, ~33K params, zero-initialized) is inserted between the frozen encoder and AmpPredictor to learn amp-specific feature transformations without modifying the encoder itself. Combined with the expanded 185-track dataset (first use of PHENICX + TRIOS).

**Expected:** Amp Corr 0.79-0.82 (up from 0.781)

### Progress Toward Goal
| Target | Current Best | Gap |
|--------|-------------|-----|
| f0 RPA > 85% | **95.82%** | ✅ Done |
| Amp Corr > 0.90 | **0.807** (w/inst) / **0.789** (no inst) | 0.093 / 0.111 |
| Amp Diversity > 0 | **0.011** | ✅ Done |
| f0 MAE < 20 | 23.44 | 3.44 gap |
| VDE < 6.0 | 7.22 | 1.22 gap |

**Main bottleneck:** Amp Corr — all 32 downstream model optimizations saturated. Testing encoder information bottleneck hypothesis with adapter approach.
[Backup] Saving source code to experiments/checkpoints/exp050/src_backup...

Round 63 complete. Check experiments/log.md for results.

========================================
  Round 64 / 20
========================================
[Worker] Preparing experiment...
All good. Let me provide the summary.

---

## Summary of exp051 preparation

**Experiment**: exp051 — Encoder Adapter + 185-track AmpPredictor Training

**Core hypothesis**: The encoder's 256-dim condition (trained with f0 CE loss dominance) lacks amp-specific features. A lightweight trainable adapter (bottleneck MLP with residual + zero-init) between encoder and AmpPredictor can learn amp-specific nonlinear feature transformations.

**Architecture changes made**:
1. **`src/model/diffusion.py`**: Added `EncoderAdapter` class (256→64→256, GELU+Dropout, residual connection, zero-init last layer so it starts as identity)
2. **`src/model/train.py`**: 
   - Import `EncoderAdapter`
   - Create adapter when `amp_encoder_adapter=True` in config
   - Include adapter params in amp optimizer
   - Set adapter to train/eval modes alongside amp_predictor
   - Apply `condition_amp = adapter(condition)` before all amp_predictor calls (diffusion still uses original `condition_perm`)
   - Save `encoder_adapter_best.pt` alongside `amp_predictor_best.pt`
   - Gradient clipping for adapter params
3. **`src/model/evaluate.py`**:
   - Import `EncoderAdapter`
   - Auto-detect and load `encoder_adapter_best.pt` if present
   - Apply adapter to condition before all amp_predictor calls in `evaluate_diffusion()`

**Config**: `experiments/configs/exp051.yaml` — 300 epochs, frozen encoder/diffusion, adapter bottleneck=64, 1 layer, dropout=0.1

**Training script**: `experiments/next_train_cmd.sh` — runs stage 2 training then full evaluation

**Comparison**: exp045 (Amp Corr=0.781, same setup without adapter)
[Training] Executing training script...
==========================================
exp051: Encoder Adapter + 185-track AmpPredictor
Training started at: Mon Mar 30 12:42:36     2026
==========================================
C:\lxr\study\final\src\model\diffusion.py:434: UserWarning: enable_nested_tensor is True, but self.use_nested_tensor is False because encoder_layer.norm_first was True
  self.attn = nn.TransformerEncoder(attn_layer, num_layers=n_attn_layers)
Device: cuda
Config: {
  "data_dir": "C:\\lxr\\study\\final\\datagen\\solo\\URMP",
  "bach10_dir": "C:\\lxr\\study\\final\\datagen\\solo\\Bach10",
  "phenicx_dir": "datagen/solo/PHENICX",
  "trios_dir": "datagen/solo/TRIOS",
  "output_dir": "experiments/checkpoints/exp051",
  "instruments": [
    "vn",
    "va",
    "vc",
    "fl",
    "ob",
    "cl",
    "sax",
    "tpt",
    "tbn",
    "bn"
  ],
  "crop_len": 512,
  "seed": 42,
  "stage1": {
    "batch_size": 32,
    "lr": 0.001,
    "epochs": 100,
    "lam": 1.0,
    "patience": 15,
    "lr_patience": 5,
    "lr_factor": 0.5,
    "dropout": 0.3
  },
  "stage2": {
    "batch_size": 16,
    "lr": 0.0002,
    "epochs": 300,
    "ema_decay": 0.995,
    "n_diffusion_steps": 1000,
    "samples_per_epoch": 2055,
    "lr_min": 1e-05,
    "n_channels": 1,
    "amp_hidden": 256,
    "amp_gru_hidden": 128,
    "amp_gru_layers": 2,
    "amp_dropout": 0.3,
    "amp_use_attention": true,
    "amp_n_attn_heads": 4,
    "amp_n_attn_layers": 2,
    "amp_instrument_conditioned": false,
    "amp_note_position_conditioned": false,
    "amp_f0_conditioned": false,
    "amp_encoder_adapter": true,
    "adapter_bottleneck": 64,
    "adapter_layers": 1,
    "adapter_dropout": 0.1,
    "amp_corr_weight": 0.3,
    "amp_grad_weight": 0.2,
    "freeze_diffusion": true,
    "diffusion_checkpoint": "experiments/checkpoints/exp034/diffusion_best_ema.pt",
    "amp_lr": 5e-05,
    "amp_weight_decay": 0.0001,
    "amp_augment": true,
    "amp_augment_scale": 0.2,
    "amp_augment_jitter": 0.05
  },
  "stage3": {
    "batch_size": 16,
    "lr": 0.0002,
    "epochs": 200,
    "ema_decay": 0.995,
    "n_diffusion_steps": 1000,
    "samples_per_epoch": null
  },
  "save_every": 10,
  "baseline_checkpoint": "experiments/checkpoints/exp033/baseline_best.pt"
}
Loaded baseline from experiments/checkpoints/exp033/baseline_best.pt

============================================================
Stage 2: Training 1ch Diffusion (f0) + AmpPredictor
============================================================
Train: 153 tracks, samples_per_epoch=2055
Amp log stats: mean=-4.6780, std=1.5514
Diffusion n_channels=1
Loaded pre-trained diffusion from experiments/checkpoints/exp034/diffusion_best_ema.pt
Diffusion FROZEN �� only training AmpPredictor
AmpPredictor enabled (hidden=256, gru_hidden=128, layers=2, dropout=0.3, f0_conditioned=False, use_attention=True, n_attn_heads=4, n_attn_layers=2, instrument_conditioned=False, note_position_conditioned=False, velocity_conditioned=False, condition_dropout=0.0)
EncoderAdapter enabled (bottleneck=64, layers=1, dropout=0.1, params=33,088)
AmpPredictor optimizer: lr=5e-05, weight_decay=0.0001, +adapter params
Using CosineAnnealingLR (amp): lr 5e-05 -> 1e-05 over 300 epochs
Amplitude augmentation ENABLED: scale=0.2, jitter=0.05
Epoch 1/300  train=2.022823 (diff=0.032867 amp=2.022823)  test=2.245407 (diff=0.015221 amp=2.230186)  diff_lr=0.00e+00 amp_lr=5.00e-05
  -> New best test_loss=2.245407
  -> New best test_amp_loss=2.230186, saved amp_predictor + adapter
Epoch 2/300  train=0.934641 (diff=0.030685 amp=0.934641)  test=2.047401 (diff=0.033908 amp=2.013493)  diff_lr=0.00e+00 amp_lr=5.00e-05
  -> New best test_loss=2.047401
  -> New best test_amp_loss=2.013493, saved amp_predictor + adapter
Epoch 3/300  train=0.866645 (diff=0.032151 amp=0.866645)  test=1.869861 (diff=0.012882 amp=1.856980)  diff_lr=0.00e+00 amp_lr=5.00e-05
  -> New best test_loss=1.869861
  -> New best test_amp_loss=1.856980, saved amp_predictor + adapter
Epoch 4/300  train=0.842515 (diff=0.029718 amp=0.842515)  test=1.872161 (diff=0.027009 amp=1.845152)  diff_lr=0.00e+00 amp_lr=5.00e-05
  -> New best test_amp_loss=1.845152, saved amp_predictor + adapter
Epoch 5/300  train=0.837204 (diff=0.030100 amp=0.837204)  test=1.979699 (diff=0.019593 amp=1.960106)  diff_lr=0.00e+00 amp_lr=5.00e-05
Epoch 6/300  train=0.800024 (diff=0.031227 amp=0.800024)  test=2.079192 (diff=0.031936 amp=2.047256)  diff_lr=0.00e+00 amp_lr=5.00e-05
Epoch 7/300  train=0.834635 (diff=0.032377 amp=0.834635)  test=2.002771 (diff=0.018521 amp=1.984250)  diff_lr=0.00e+00 amp_lr=5.00e-05
Epoch 8/300  train=0.798218 (diff=0.032937 amp=0.798218)  test=1.895437 (diff=0.028171 amp=1.867266)  diff_lr=0.00e+00 amp_lr=4.99e-05
Epoch 9/300  train=0.805847 (diff=0.031492 amp=0.805847)  test=1.873866 (diff=0.025837 amp=1.848029)  diff_lr=0.00e+00 amp_lr=4.99e-05
Epoch 10/300  train=0.798018 (diff=0.032062 amp=0.798018)  test=2.010385 (diff=0.016958 amp=1.993427)  diff_lr=0.00e+00 amp_lr=4.99e-05
Epoch 11/300  train=0.751361 (diff=0.031890 amp=0.751361)  test=1.903744 (diff=0.016510 amp=1.887234)  diff_lr=0.00e+00 amp_lr=4.99e-05
Epoch 12/300  train=0.761493 (diff=0.032170 amp=0.761493)  test=1.959649 (diff=0.020731 amp=1.938918)  diff_lr=0.00e+00 amp_lr=4.99e-05
Epoch 13/300  train=0.733090 (diff=0.033384 amp=0.733090)  test=1.995776 (diff=0.017435 amp=1.978341)  diff_lr=0.00e+00 amp_lr=4.98e-05
Epoch 14/300  train=0.716647 (diff=0.031152 amp=0.716647)  test=2.261744 (diff=0.026166 amp=2.235578)  diff_lr=0.00e+00 amp_lr=4.98e-05
Epoch 15/300  train=0.799546 (diff=0.032810 amp=0.799546)  test=2.014537 (diff=0.027649 amp=1.986888)  diff_lr=0.00e+00 amp_lr=4.98e-05
Epoch 16/300  train=0.741325 (diff=0.031845 amp=0.741325)  test=2.015074 (diff=0.019571 amp=1.995503)  diff_lr=0.00e+00 amp_lr=4.98e-05
Epoch 17/300  train=0.792343 (diff=0.030590 amp=0.792343)  test=1.972844 (diff=0.034623 amp=1.938221)  diff_lr=0.00e+00 amp_lr=4.97e-05
Epoch 18/300  train=0.751351 (diff=0.031220 amp=0.751351)  test=1.994526 (diff=0.021851 amp=1.972674)  diff_lr=0.00e+00 amp_lr=4.97e-05
Epoch 19/300  train=0.707943 (diff=0.033581 amp=0.707943)  test=2.018440 (diff=0.018328 amp=2.000112)  diff_lr=0.00e+00 amp_lr=4.96e-05
Epoch 20/300  train=0.756187 (diff=0.030941 amp=0.756187)  test=2.014325 (diff=0.023510 amp=1.990814)  diff_lr=0.00e+00 amp_lr=4.96e-05
Epoch 21/300  train=0.716780 (diff=0.031203 amp=0.716780)  test=2.213120 (diff=0.013754 amp=2.199365)  diff_lr=0.00e+00 amp_lr=4.96e-05
Epoch 22/300  train=0.737498 (diff=0.030667 amp=0.737498)  test=1.966351 (diff=0.035213 amp=1.931138)  diff_lr=0.00e+00 amp_lr=4.95e-05
Epoch 23/300  train=0.740984 (diff=0.032945 amp=0.740984)  test=2.189727 (diff=0.022034 amp=2.167693)  diff_lr=0.00e+00 amp_lr=4.95e-05
Epoch 24/300  train=0.718442 (diff=0.032285 amp=0.718442)  test=1.950408 (diff=0.019995 amp=1.930412)  diff_lr=0.00e+00 amp_lr=4.94e-05
Epoch 25/300  train=0.695626 (diff=0.031370 amp=0.695626)  test=1.986968 (diff=0.026941 amp=1.960027)  diff_lr=0.00e+00 amp_lr=4.94e-05
Epoch 26/300  train=0.712013 (diff=0.032480 amp=0.712013)  test=1.994417 (diff=0.009687 amp=1.984730)  diff_lr=0.00e+00 amp_lr=4.93e-05
Epoch 27/300  train=0.681565 (diff=0.032258 amp=0.681565)  test=1.964663 (diff=0.034383 amp=1.930280)  diff_lr=0.00e+00 amp_lr=4.93e-05
Epoch 28/300  train=0.686631 (diff=0.033825 amp=0.686631)  test=2.125835 (diff=0.018457 amp=2.107378)  diff_lr=0.00e+00 amp_lr=4.92e-05
Epoch 29/300  train=0.745700 (diff=0.032948 amp=0.745700)  test=1.939685 (diff=0.028492 amp=1.911193)  diff_lr=0.00e+00 amp_lr=4.91e-05
Epoch 30/300  train=0.701191 (diff=0.031551 amp=0.701191)  test=1.896809 (diff=0.025827 amp=1.870982)  diff_lr=0.00e+00 amp_lr=4.91e-05
Epoch 31/300  train=0.708416 (diff=0.029402 amp=0.708416)  test=1.971036 (diff=0.011731 amp=1.959305)  diff_lr=0.00e+00 amp_lr=4.90e-05
Epoch 32/300  train=0.714034 (diff=0.031736 amp=0.714034)  test=1.996898 (diff=0.023632 amp=1.973266)  diff_lr=0.00e+00 amp_lr=4.90e-05
Epoch 33/300  train=0.640249 (diff=0.032235 amp=0.640249)  test=1.887537 (diff=0.019273 amp=1.868264)  diff_lr=0.00e+00 amp_lr=4.89e-05
Epoch 34/300  train=0.706049 (diff=0.033235 amp=0.706049)  test=1.900237 (diff=0.019775 amp=1.880462)  diff_lr=0.00e+00 amp_lr=4.88e-05
Epoch 35/300  train=0.707057 (diff=0.030593 amp=0.707057)  test=2.084448 (diff=0.048358 amp=2.036090)  diff_lr=0.00e+00 amp_lr=4.87e-05
Epoch 36/300  train=0.712226 (diff=0.031135 amp=0.712226)  test=2.314800 (diff=0.013430 amp=2.301370)  diff_lr=0.00e+00 amp_lr=4.87e-05
Epoch 37/300  train=0.731557 (diff=0.032618 amp=0.731557)  test=1.920767 (diff=0.023699 amp=1.897067)  diff_lr=0.00e+00 amp_lr=4.86e-05
Epoch 38/300  train=0.683097 (diff=0.031999 amp=0.683097)  test=2.019609 (diff=0.014807 amp=2.004803)  diff_lr=0.00e+00 amp_lr=4.85e-05
Epoch 39/300  train=0.682449 (diff=0.031726 amp=0.682449)  test=1.939622 (diff=0.018245 amp=1.921378)  diff_lr=0.00e+00 amp_lr=4.84e-05
Epoch 40/300  train=0.678313 (diff=0.029691 amp=0.678313)  test=1.955962 (diff=0.019805 amp=1.936157)  diff_lr=0.00e+00 amp_lr=4.84e-05
Epoch 41/300  train=0.648721 (diff=0.032182 amp=0.648721)  test=2.070183 (diff=0.016185 amp=2.053998)  diff_lr=0.00e+00 amp_lr=4.83e-05
Epoch 42/300  train=0.659474 (diff=0.031043 amp=0.659474)  test=1.916129 (diff=0.022063 amp=1.894066)  diff_lr=0.00e+00 amp_lr=4.82e-05
Epoch 43/300  train=0.627423 (diff=0.032018 amp=0.627423)  test=1.947893 (diff=0.019309 amp=1.928584)  diff_lr=0.00e+00 amp_lr=4.81e-05
Epoch 44/300  train=0.660221 (diff=0.030785 amp=0.660221)  test=1.942512 (diff=0.025954 amp=1.916557)  diff_lr=0.00e+00 amp_lr=4.80e-05
Epoch 45/300  train=0.691641 (diff=0.031932 amp=0.691641)  test=1.881486 (diff=0.014277 amp=1.867209)  diff_lr=0.00e+00 amp_lr=4.79e-05
Epoch 46/300  train=0.581884 (diff=0.032128 amp=0.581884)  test=2.123034 (diff=0.015116 amp=2.107918)  diff_lr=0.00e+00 amp_lr=4.78e-05
Epoch 47/300  train=0.641056 (diff=0.031115 amp=0.641056)  test=1.566528 (diff=0.026384 amp=1.540145)  diff_lr=0.00e+00 amp_lr=4.77e-05
  -> New best test_loss=1.566528
  -> New best test_amp_loss=1.540145, saved amp_predictor + adapter
Epoch 48/300  train=0.629094 (diff=0.031430 amp=0.629094)  test=2.147685 (diff=0.019171 amp=2.128514)  diff_lr=0.00e+00 amp_lr=4.76e-05
Epoch 49/300  train=0.672161 (diff=0.032807 amp=0.672161)  test=1.886246 (diff=0.015241 amp=1.871005)  diff_lr=0.00e+00 amp_lr=4.75e-05
Epoch 50/300  train=0.632795 (diff=0.033072 amp=0.632795)  test=2.060927 (diff=0.018713 amp=2.042214)  diff_lr=0.00e+00 amp_lr=4.74e-05
Epoch 51/300  train=0.692777 (diff=0.031864 amp=0.692777)  test=1.875522 (diff=0.011441 amp=1.864081)  diff_lr=0.00e+00 amp_lr=4.73e-05
Epoch 52/300  train=0.677389 (diff=0.033108 amp=0.677389)  test=1.691727 (diff=0.023649 amp=1.668078)  diff_lr=0.00e+00 amp_lr=4.72e-05
Epoch 53/300  train=0.663622 (diff=0.030148 amp=0.663622)  test=2.029097 (diff=0.020977 amp=2.008120)  diff_lr=0.00e+00 amp_lr=4.71e-05
Epoch 54/300  train=0.676998 (diff=0.030789 amp=0.676998)  test=1.883455 (diff=0.020789 amp=1.862666)  diff_lr=0.00e+00 amp_lr=4.70e-05
Epoch 55/300  train=0.588963 (diff=0.031083 amp=0.588963)  test=1.702803 (diff=0.017361 amp=1.685443)  diff_lr=0.00e+00 amp_lr=4.69e-05
Epoch 56/300  train=0.621005 (diff=0.029572 amp=0.621005)  test=1.889729 (diff=0.015025 amp=1.874704)  diff_lr=0.00e+00 amp_lr=4.68e-05
Epoch 57/300  train=0.657137 (diff=0.031442 amp=0.657137)  test=1.882699 (diff=0.021592 amp=1.861108)  diff_lr=0.00e+00 amp_lr=4.67e-05
Epoch 58/300  train=0.609571 (diff=0.030905 amp=0.609571)  test=2.003898 (diff=0.018554 amp=1.985344)  diff_lr=0.00e+00 amp_lr=4.65e-05
Epoch 59/300  train=0.662101 (diff=0.032468 amp=0.662101)  test=1.743758 (diff=0.023157 amp=1.720601)  diff_lr=0.00e+00 amp_lr=4.64e-05
Epoch 60/300  train=0.641161 (diff=0.031704 amp=0.641161)  test=1.842009 (diff=0.021291 amp=1.820718)  diff_lr=0.00e+00 amp_lr=4.63e-05
Epoch 61/300  train=0.646472 (diff=0.030875 amp=0.646472)  test=1.659574 (diff=0.011254 amp=1.648320)  diff_lr=0.00e+00 amp_lr=4.62e-05
Epoch 62/300  train=0.633091 (diff=0.031476 amp=0.633091)  test=1.773978 (diff=0.011025 amp=1.762952)  diff_lr=0.00e+00 amp_lr=4.61e-05
Epoch 63/300  train=0.628878 (diff=0.031180 amp=0.628878)  test=1.545351 (diff=0.027823 amp=1.517528)  diff_lr=0.00e+00 amp_lr=4.59e-05
  -> New best test_loss=1.545351
  -> New best test_amp_loss=1.517528, saved amp_predictor + adapter
Epoch 64/300  train=0.691625 (diff=0.030957 amp=0.691625)  test=1.889418 (diff=0.046437 amp=1.842981)  diff_lr=0.00e+00 amp_lr=4.58e-05
Epoch 65/300  train=0.579631 (diff=0.029809 amp=0.579631)  test=1.852165 (diff=0.022317 amp=1.829848)  diff_lr=0.00e+00 amp_lr=4.57e-05
Epoch 66/300  train=0.616399 (diff=0.031141 amp=0.616399)  test=1.516609 (diff=0.015346 amp=1.501263)  diff_lr=0.00e+00 amp_lr=4.55e-05
  -> New best test_loss=1.516609
  -> New best test_amp_loss=1.501263, saved amp_predictor + adapter
Epoch 67/300  train=0.640286 (diff=0.032148 amp=0.640286)  test=1.698954 (diff=0.014251 amp=1.684703)  diff_lr=0.00e+00 amp_lr=4.54e-05
Epoch 68/300  train=0.657137 (diff=0.030156 amp=0.657137)  test=1.800090 (diff=0.028524 amp=1.771566)  diff_lr=0.00e+00 amp_lr=4.53e-05
Epoch 69/300  train=0.602622 (diff=0.032045 amp=0.602622)  test=1.932887 (diff=0.019678 amp=1.913209)  diff_lr=0.00e+00 amp_lr=4.51e-05
Epoch 70/300  train=0.668103 (diff=0.031632 amp=0.668103)  test=1.519362 (diff=0.017247 amp=1.502115)  diff_lr=0.00e+00 amp_lr=4.50e-05
Epoch 71/300  train=0.624796 (diff=0.029992 amp=0.624796)  test=1.910926 (diff=0.041724 amp=1.869202)  diff_lr=0.00e+00 amp_lr=4.49e-05
Epoch 72/300  train=0.657117 (diff=0.032424 amp=0.657117)  test=1.788515 (diff=0.015007 amp=1.773508)  diff_lr=0.00e+00 amp_lr=4.47e-05
Epoch 73/300  train=0.679623 (diff=0.033251 amp=0.679623)  test=1.704212 (diff=0.028333 amp=1.675879)  diff_lr=0.00e+00 amp_lr=4.46e-05
Epoch 74/300  train=0.633005 (diff=0.030282 amp=0.633005)  test=1.631676 (diff=0.023023 amp=1.608654)  diff_lr=0.00e+00 amp_lr=4.44e-05
Epoch 75/300  train=0.678320 (diff=0.031134 amp=0.678320)  test=1.463296 (diff=0.030871 amp=1.432425)  diff_lr=0.00e+00 amp_lr=4.43e-05
  -> New best test_loss=1.463296
  -> New best test_amp_loss=1.432425, saved amp_predictor + adapter
Epoch 76/300  train=0.643056 (diff=0.030556 amp=0.643056)  test=1.669113 (diff=0.025062 amp=1.644051)  diff_lr=0.00e+00 amp_lr=4.41e-05
Epoch 77/300  train=0.621128 (diff=0.030974 amp=0.621128)  test=1.694713 (diff=0.018891 amp=1.675821)  diff_lr=0.00e+00 amp_lr=4.40e-05
Epoch 78/300  train=0.597678 (diff=0.034283 amp=0.597678)  test=1.804406 (diff=0.023229 amp=1.781177)  diff_lr=0.00e+00 amp_lr=4.38e-05
Epoch 79/300  train=0.578636 (diff=0.031444 amp=0.578636)  test=1.830690 (diff=0.028241 amp=1.802448)  diff_lr=0.00e+00 amp_lr=4.37e-05
Epoch 80/300  train=0.634566 (diff=0.031001 amp=0.634566)  test=1.529099 (diff=0.022656 amp=1.506443)  diff_lr=0.00e+00 amp_lr=4.35e-05
Epoch 81/300  train=0.570355 (diff=0.029529 amp=0.570355)  test=1.654895 (diff=0.018981 amp=1.635914)  diff_lr=0.00e+00 amp_lr=4.34e-05
Epoch 82/300  train=0.613910 (diff=0.030992 amp=0.613910)  test=1.755202 (diff=0.012229 amp=1.742974)  diff_lr=0.00e+00 amp_lr=4.32e-05
Epoch 83/300  train=0.611456 (diff=0.031856 amp=0.611456)  test=1.942227 (diff=0.009563 amp=1.932663)  diff_lr=0.00e+00 amp_lr=4.31e-05
Epoch 84/300  train=0.606923 (diff=0.031877 amp=0.606923)  test=1.251597 (diff=0.015930 amp=1.235667)  diff_lr=0.00e+00 amp_lr=4.29e-05
  -> New best test_loss=1.251597
  -> New best test_amp_loss=1.235667, saved amp_predictor + adapter
Epoch 85/300  train=0.634277 (diff=0.031943 amp=0.634277)  test=1.678980 (diff=0.024023 amp=1.654957)  diff_lr=0.00e+00 amp_lr=4.27e-05
Epoch 86/300  train=0.606764 (diff=0.031130 amp=0.606764)  test=1.724714 (diff=0.028051 amp=1.696664)  diff_lr=0.00e+00 amp_lr=4.26e-05
Epoch 87/300  train=0.555258 (diff=0.031686 amp=0.555258)  test=1.478241 (diff=0.014338 amp=1.463903)  diff_lr=0.00e+00 amp_lr=4.24e-05
Epoch 88/300  train=0.694968 (diff=0.032255 amp=0.694968)  test=1.925495 (diff=0.018604 amp=1.906890)  diff_lr=0.00e+00 amp_lr=4.23e-05
Epoch 89/300  train=0.573322 (diff=0.030149 amp=0.573322)  test=1.800581 (diff=0.032217 amp=1.768363)  diff_lr=0.00e+00 amp_lr=4.21e-05
Epoch 90/300  train=0.605921 (diff=0.031451 amp=0.605921)  test=1.572226 (diff=0.020475 amp=1.551752)  diff_lr=0.00e+00 amp_lr=4.19e-05
Epoch 91/300  train=0.642967 (diff=0.033111 amp=0.642967)  test=1.394411 (diff=0.048195 amp=1.346216)  diff_lr=0.00e+00 amp_lr=4.18e-05
Epoch 92/300  train=0.611064 (diff=0.033907 amp=0.611064)  test=1.281378 (diff=0.013556 amp=1.267822)  diff_lr=0.00e+00 amp_lr=4.16e-05
Epoch 93/300  train=0.611357 (diff=0.031655 amp=0.611357)  test=1.225641 (diff=0.019013 amp=1.206628)  diff_lr=0.00e+00 amp_lr=4.14e-05
  -> New best test_loss=1.225641
  -> New best test_amp_loss=1.206628, saved amp_predictor + adapter
Epoch 94/300  train=0.623332 (diff=0.032117 amp=0.623332)  test=1.638476 (diff=0.022152 amp=1.616323)  diff_lr=0.00e+00 amp_lr=4.12e-05
Epoch 95/300  train=0.585045 (diff=0.030350 amp=0.585045)  test=1.736334 (diff=0.018817 amp=1.717517)  diff_lr=0.00e+00 amp_lr=4.11e-05
Epoch 96/300  train=0.595612 (diff=0.031217 amp=0.595612)  test=1.635554 (diff=0.019158 amp=1.616396)  diff_lr=0.00e+00 amp_lr=4.09e-05
Epoch 97/300  train=0.605356 (diff=0.030741 amp=0.605356)  test=1.484313 (diff=0.027993 amp=1.456320)  diff_lr=0.00e+00 amp_lr=4.07e-05
Epoch 98/300  train=0.600329 (diff=0.031584 amp=0.600329)  test=1.395232 (diff=0.018327 amp=1.376905)  diff_lr=0.00e+00 amp_lr=4.05e-05
Epoch 99/300  train=0.567518 (diff=0.031181 amp=0.567518)  test=1.620641 (diff=0.018053 amp=1.602588)  diff_lr=0.00e+00 amp_lr=4.04e-05
Epoch 100/300  train=0.613001 (diff=0.029628 amp=0.613001)  test=1.435517 (diff=0.035384 amp=1.400133)  diff_lr=0.00e+00 amp_lr=4.02e-05
Epoch 101/300  train=0.602189 (diff=0.030915 amp=0.602189)  test=1.628394 (diff=0.027000 amp=1.601394)  diff_lr=0.00e+00 amp_lr=4.00e-05
Epoch 102/300  train=0.568123 (diff=0.033043 amp=0.568123)  test=1.667521 (diff=0.024873 amp=1.642648)  diff_lr=0.00e+00 amp_lr=3.98e-05
Epoch 103/300  train=0.601420 (diff=0.032719 amp=0.601420)  test=1.795071 (diff=0.022053 amp=1.773019)  diff_lr=0.00e+00 amp_lr=3.96e-05
Epoch 104/300  train=0.639833 (diff=0.033274 amp=0.639833)  test=1.611306 (diff=0.014833 amp=1.596473)  diff_lr=0.00e+00 amp_lr=3.95e-05
Epoch 105/300  train=0.599238 (diff=0.034391 amp=0.599238)  test=1.540398 (diff=0.015414 amp=1.524984)  diff_lr=0.00e+00 amp_lr=3.93e-05
Epoch 106/300  train=0.593270 (diff=0.031135 amp=0.593270)  test=1.561162 (diff=0.015779 amp=1.545384)  diff_lr=0.00e+00 amp_lr=3.91e-05
Epoch 107/300  train=0.573412 (diff=0.030456 amp=0.573412)  test=1.514771 (diff=0.029791 amp=1.484980)  diff_lr=0.00e+00 amp_lr=3.89e-05
Epoch 108/300  train=0.589933 (diff=0.031439 amp=0.589933)  test=1.747737 (diff=0.016172 amp=1.731565)  diff_lr=0.00e+00 amp_lr=3.87e-05
Epoch 109/300  train=0.611580 (diff=0.029317 amp=0.611580)  test=1.363825 (diff=0.018573 amp=1.345253)  diff_lr=0.00e+00 amp_lr=3.85e-05
Epoch 110/300  train=0.594556 (diff=0.032515 amp=0.594556)  test=1.771145 (diff=0.029475 amp=1.741670)  diff_lr=0.00e+00 amp_lr=3.83e-05
Epoch 111/300  train=0.613972 (diff=0.031631 amp=0.613972)  test=1.437381 (diff=0.011267 amp=1.426114)  diff_lr=0.00e+00 amp_lr=3.81e-05
Epoch 112/300  train=0.598944 (diff=0.032133 amp=0.598944)  test=1.459413 (diff=0.030054 amp=1.429359)  diff_lr=0.00e+00 amp_lr=3.79e-05
Epoch 113/300  train=0.574192 (diff=0.032923 amp=0.574192)  test=1.336580 (diff=0.019478 amp=1.317102)  diff_lr=0.00e+00 amp_lr=3.78e-05
Epoch 114/300  train=0.608867 (diff=0.031352 amp=0.608867)  test=1.350506 (diff=0.023798 amp=1.326708)  diff_lr=0.00e+00 amp_lr=3.76e-05
Epoch 115/300  train=0.598768 (diff=0.029993 amp=0.598768)  test=1.646522 (diff=0.017041 amp=1.629481)  diff_lr=0.00e+00 amp_lr=3.74e-05
Epoch 116/300  train=0.577671 (diff=0.032348 amp=0.577671)  test=1.612617 (diff=0.021697 amp=1.590920)  diff_lr=0.00e+00 amp_lr=3.72e-05
Epoch 117/300  train=0.589112 (diff=0.032194 amp=0.589112)  test=1.475827 (diff=0.015816 amp=1.460011)  diff_lr=0.00e+00 amp_lr=3.70e-05
Epoch 118/300  train=0.609296 (diff=0.030502 amp=0.609296)  test=1.318499 (diff=0.029128 amp=1.289371)  diff_lr=0.00e+00 amp_lr=3.68e-05
Epoch 119/300  train=0.529966 (diff=0.032407 amp=0.529966)  test=1.489962 (diff=0.024321 amp=1.465642)  diff_lr=0.00e+00 amp_lr=3.66e-05
Epoch 120/300  train=0.596351 (diff=0.030838 amp=0.596351)  test=1.690207 (diff=0.018931 amp=1.671277)  diff_lr=0.00e+00 amp_lr=3.64e-05
Epoch 121/300  train=0.606305 (diff=0.031723 amp=0.606305)  test=1.800587 (diff=0.024441 amp=1.776146)  diff_lr=0.00e+00 amp_lr=3.62e-05
Epoch 122/300  train=0.613089 (diff=0.031902 amp=0.613089)  test=1.571729 (diff=0.017396 amp=1.554334)  diff_lr=0.00e+00 amp_lr=3.60e-05
Epoch 123/300  train=0.519828 (diff=0.029723 amp=0.519828)  test=1.566296 (diff=0.021052 amp=1.545244)  diff_lr=0.00e+00 amp_lr=3.58e-05
Epoch 124/300  train=0.553209 (diff=0.031710 amp=0.553209)  test=1.257227 (diff=0.016794 amp=1.240433)  diff_lr=0.00e+00 amp_lr=3.56e-05
Epoch 125/300  train=0.550873 (diff=0.031053 amp=0.550873)  test=1.506968 (diff=0.019691 amp=1.487277)  diff_lr=0.00e+00 amp_lr=3.54e-05
Epoch 126/300  train=0.553373 (diff=0.031769 amp=0.553373)  test=1.584449 (diff=0.027542 amp=1.556908)  diff_lr=0.00e+00 amp_lr=3.52e-05
Epoch 127/300  train=0.496448 (diff=0.029381 amp=0.496448)  test=1.716397 (diff=0.021937 amp=1.694461)  diff_lr=0.00e+00 amp_lr=3.50e-05
Epoch 128/300  train=0.549367 (diff=0.030988 amp=0.549367)  test=1.638452 (diff=0.028592 amp=1.609861)  diff_lr=0.00e+00 amp_lr=3.48e-05
Epoch 129/300  train=0.559446 (diff=0.031867 amp=0.559446)  test=1.788900 (diff=0.033618 amp=1.755282)  diff_lr=0.00e+00 amp_lr=3.46e-05
Epoch 130/300  train=0.535088 (diff=0.033301 amp=0.535088)  test=1.653806 (diff=0.021450 amp=1.632356)  diff_lr=0.00e+00 amp_lr=3.44e-05
Epoch 131/300  train=0.566667 (diff=0.030746 amp=0.566667)  test=1.787676 (diff=0.024296 amp=1.763380)  diff_lr=0.00e+00 amp_lr=3.42e-05
Epoch 132/300  train=0.548235 (diff=0.030771 amp=0.548235)  test=1.695201 (diff=0.031371 amp=1.663830)  diff_lr=0.00e+00 amp_lr=3.40e-05
Epoch 133/300  train=0.563461 (diff=0.030501 amp=0.563461)  test=1.660241 (diff=0.037809 amp=1.622432)  diff_lr=0.00e+00 amp_lr=3.37e-05
Epoch 134/300  train=0.576825 (diff=0.032599 amp=0.576825)  test=1.676438 (diff=0.018889 amp=1.657549)  diff_lr=0.00e+00 amp_lr=3.35e-05
Epoch 135/300  train=0.601476 (diff=0.031676 amp=0.601476)  test=1.987175 (diff=0.019020 amp=1.968155)  diff_lr=0.00e+00 amp_lr=3.33e-05
Epoch 136/300  train=0.528622 (diff=0.030680 amp=0.528622)  test=1.830643 (diff=0.016255 amp=1.814388)  diff_lr=0.00e+00 amp_lr=3.31e-05
Epoch 137/300  train=0.586122 (diff=0.030817 amp=0.586122)  test=1.680027 (diff=0.018077 amp=1.661950)  diff_lr=0.00e+00 amp_lr=3.29e-05
Epoch 138/300  train=0.596366 (diff=0.031152 amp=0.596366)  test=1.678157 (diff=0.020830 amp=1.657327)  diff_lr=0.00e+00 amp_lr=3.27e-05
Epoch 139/300  train=0.589691 (diff=0.029500 amp=0.589691)  test=1.802893 (diff=0.015449 amp=1.787444)  diff_lr=0.00e+00 amp_lr=3.25e-05
Epoch 140/300  train=0.574941 (diff=0.033065 amp=0.574941)  test=1.719774 (diff=0.010276 amp=1.709498)  diff_lr=0.00e+00 amp_lr=3.23e-05
Epoch 141/300  train=0.565862 (diff=0.033063 amp=0.565862)  test=1.534514 (diff=0.020494 amp=1.514020)  diff_lr=0.00e+00 amp_lr=3.21e-05
Epoch 142/300  train=0.547052 (diff=0.031509 amp=0.547052)  test=1.579739 (diff=0.024902 amp=1.554837)  diff_lr=0.00e+00 amp_lr=3.19e-05
Epoch 143/300  train=0.559524 (diff=0.031447 amp=0.559524)  test=2.002871 (diff=0.026716 amp=1.976155)  diff_lr=0.00e+00 amp_lr=3.17e-05
Epoch 144/300  train=0.602769 (diff=0.033766 amp=0.602769)  test=1.463408 (diff=0.016860 amp=1.446548)  diff_lr=0.00e+00 amp_lr=3.15e-05
Epoch 145/300  train=0.586383 (diff=0.030154 amp=0.586383)  test=1.419436 (diff=0.034945 amp=1.384491)  diff_lr=0.00e+00 amp_lr=3.13e-05
Epoch 146/300  train=0.619909 (diff=0.031642 amp=0.619909)  test=1.529027 (diff=0.024554 amp=1.504473)  diff_lr=0.00e+00 amp_lr=3.10e-05
Epoch 147/300  train=0.552038 (diff=0.032524 amp=0.552038)  test=1.674513 (diff=0.021108 amp=1.653404)  diff_lr=0.00e+00 amp_lr=3.08e-05
Epoch 148/300  train=0.551427 (diff=0.031110 amp=0.551427)  test=1.702425 (diff=0.028960 amp=1.673465)  diff_lr=0.00e+00 amp_lr=3.06e-05
Epoch 149/300  train=0.563189 (diff=0.029948 amp=0.563189)  test=1.612965 (diff=0.040794 amp=1.572171)  diff_lr=0.00e+00 amp_lr=3.04e-05
Epoch 150/300  train=0.558413 (diff=0.032525 amp=0.558413)  test=1.516932 (diff=0.023170 amp=1.493762)  diff_lr=0.00e+00 amp_lr=3.02e-05
Epoch 151/300  train=0.576835 (diff=0.032002 amp=0.576835)  test=1.883933 (diff=0.027993 amp=1.855940)  diff_lr=0.00e+00 amp_lr=3.00e-05
Epoch 152/300  train=0.563007 (diff=0.030599 amp=0.563007)  test=1.766920 (diff=0.022462 amp=1.744458)  diff_lr=0.00e+00 amp_lr=2.98e-05
Epoch 153/300  train=0.544479 (diff=0.031458 amp=0.544479)  test=1.941657 (diff=0.015408 amp=1.926249)  diff_lr=0.00e+00 amp_lr=2.96e-05
Epoch 154/300  train=0.516591 (diff=0.029403 amp=0.516591)  test=1.608698 (diff=0.019987 amp=1.588711)  diff_lr=0.00e+00 amp_lr=2.94e-05
Epoch 155/300  train=0.544677 (diff=0.031406 amp=0.544677)  test=1.832985 (diff=0.022023 amp=1.810963)  diff_lr=0.00e+00 amp_lr=2.92e-05
Epoch 156/300  train=0.580761 (diff=0.032690 amp=0.580761)  test=1.774708 (diff=0.015979 amp=1.758729)  diff_lr=0.00e+00 amp_lr=2.90e-05
Epoch 157/300  train=0.547281 (diff=0.029625 amp=0.547281)  test=1.294935 (diff=0.019573 amp=1.275361)  diff_lr=0.00e+00 amp_lr=2.87e-05
Epoch 158/300  train=0.617862 (diff=0.030530 amp=0.617862)  test=1.393907 (diff=0.028937 amp=1.364970)  diff_lr=0.00e+00 amp_lr=2.85e-05
Epoch 159/300  train=0.547225 (diff=0.030236 amp=0.547225)  test=1.489362 (diff=0.025891 amp=1.463471)  diff_lr=0.00e+00 amp_lr=2.83e-05
Epoch 160/300  train=0.520479 (diff=0.031402 amp=0.520479)  test=1.489182 (diff=0.021313 amp=1.467869)  diff_lr=0.00e+00 amp_lr=2.81e-05
Epoch 161/300  train=0.567208 (diff=0.032281 amp=0.567208)  test=1.485687 (diff=0.011664 amp=1.474023)  diff_lr=0.00e+00 amp_lr=2.79e-05
Epoch 162/300  train=0.521686 (diff=0.030829 amp=0.521686)  test=1.458089 (diff=0.019854 amp=1.438235)  diff_lr=0.00e+00 amp_lr=2.77e-05
Epoch 163/300  train=0.536907 (diff=0.030398 amp=0.536907)  test=1.382322 (diff=0.014696 amp=1.367627)  diff_lr=0.00e+00 amp_lr=2.75e-05
Epoch 164/300  train=0.583539 (diff=0.029931 amp=0.583539)  test=1.822885 (diff=0.023060 amp=1.799825)  diff_lr=0.00e+00 amp_lr=2.73e-05
Epoch 165/300  train=0.596214 (diff=0.031211 amp=0.596214)  test=1.589366 (diff=0.022827 amp=1.566538)  diff_lr=0.00e+00 amp_lr=2.71e-05
Epoch 166/300  train=0.543167 (diff=0.032962 amp=0.543167)  test=1.607518 (diff=0.011777 amp=1.595740)  diff_lr=0.00e+00 amp_lr=2.69e-05
Epoch 167/300  train=0.553754 (diff=0.032487 amp=0.553754)  test=1.608673 (diff=0.014416 amp=1.594257)  diff_lr=0.00e+00 amp_lr=2.67e-05
Epoch 168/300  train=0.577814 (diff=0.032909 amp=0.577814)  test=1.441244 (diff=0.026239 amp=1.415006)  diff_lr=0.00e+00 amp_lr=2.65e-05
Epoch 169/300  train=0.536343 (diff=0.030810 amp=0.536343)  test=1.686323 (diff=0.017614 amp=1.668708)  diff_lr=0.00e+00 amp_lr=2.63e-05
Epoch 170/300  train=0.551451 (diff=0.030815 amp=0.551451)  test=1.566704 (diff=0.015661 amp=1.551043)  diff_lr=0.00e+00 amp_lr=2.60e-05
Epoch 171/300  train=0.547363 (diff=0.031708 amp=0.547363)  test=1.486827 (diff=0.017637 amp=1.469189)  diff_lr=0.00e+00 amp_lr=2.58e-05
Epoch 172/300  train=0.515377 (diff=0.032025 amp=0.515377)  test=1.518051 (diff=0.016000 amp=1.502050)  diff_lr=0.00e+00 amp_lr=2.56e-05
Epoch 173/300  train=0.575553 (diff=0.033371 amp=0.575553)  test=1.616419 (diff=0.027501 amp=1.588919)  diff_lr=0.00e+00 amp_lr=2.54e-05
Epoch 174/300  train=0.532031 (diff=0.031904 amp=0.532031)  test=1.670285 (diff=0.019076 amp=1.651209)  diff_lr=0.00e+00 amp_lr=2.52e-05
Epoch 175/300  train=0.501285 (diff=0.032854 amp=0.501285)  test=1.630315 (diff=0.025847 amp=1.604467)  diff_lr=0.00e+00 amp_lr=2.50e-05
Epoch 176/300  train=0.566641 (diff=0.032197 amp=0.566641)  test=1.517796 (diff=0.015043 amp=1.502754)  diff_lr=0.00e+00 amp_lr=2.48e-05
Epoch 177/300  train=0.544092 (diff=0.031794 amp=0.544092)  test=1.436920 (diff=0.015917 amp=1.421003)  diff_lr=0.00e+00 amp_lr=2.46e-05
Epoch 178/300  train=0.568212 (diff=0.030931 amp=0.568212)  test=1.361414 (diff=0.018913 amp=1.342502)  diff_lr=0.00e+00 amp_lr=2.44e-05
Epoch 179/300  train=0.585514 (diff=0.029881 amp=0.585514)  test=1.472583 (diff=0.015962 amp=1.456621)  diff_lr=0.00e+00 amp_lr=2.42e-05
Epoch 180/300  train=0.599996 (diff=0.032221 amp=0.599996)  test=1.503248 (diff=0.026886 amp=1.476362)  diff_lr=0.00e+00 amp_lr=2.40e-05
Epoch 181/300  train=0.536743 (diff=0.031984 amp=0.536743)  test=1.377009 (diff=0.018953 amp=1.358055)  diff_lr=0.00e+00 amp_lr=2.38e-05
Epoch 182/300  train=0.588661 (diff=0.033468 amp=0.588661)  test=1.483719 (diff=0.019314 amp=1.464405)  diff_lr=0.00e+00 amp_lr=2.36e-05
Epoch 183/300  train=0.545984 (diff=0.030569 amp=0.545984)  test=1.514066 (diff=0.020277 amp=1.493789)  diff_lr=0.00e+00 amp_lr=2.34e-05
Epoch 184/300  train=0.555045 (diff=0.032764 amp=0.555045)  test=1.684098 (diff=0.020362 amp=1.663736)  diff_lr=0.00e+00 amp_lr=2.32e-05
Epoch 185/300  train=0.563732 (diff=0.033240 amp=0.563732)  test=1.531916 (diff=0.019366 amp=1.512549)  diff_lr=0.00e+00 amp_lr=2.30e-05
Epoch 186/300  train=0.566477 (diff=0.031514 amp=0.566477)  test=1.432068 (diff=0.024090 amp=1.407978)  diff_lr=0.00e+00 amp_lr=2.28e-05
Epoch 187/300  train=0.533476 (diff=0.029199 amp=0.533476)  test=1.352161 (diff=0.025264 amp=1.326897)  diff_lr=0.00e+00 amp_lr=2.26e-05
Epoch 188/300  train=0.534508 (diff=0.030697 amp=0.534508)  test=1.553740 (diff=0.019383 amp=1.534357)  diff_lr=0.00e+00 amp_lr=2.24e-05
Epoch 189/300  train=0.514088 (diff=0.032304 amp=0.514088)  test=1.664655 (diff=0.026980 amp=1.637675)  diff_lr=0.00e+00 amp_lr=2.22e-05
Epoch 190/300  train=0.580650 (diff=0.029589 amp=0.580650)  test=1.603451 (diff=0.022437 amp=1.581014)  diff_lr=0.00e+00 amp_lr=2.21e-05
Epoch 191/300  train=0.590813 (diff=0.033535 amp=0.590813)  test=1.442893 (diff=0.032852 amp=1.410041)  diff_lr=0.00e+00 amp_lr=2.19e-05
Epoch 192/300  train=0.565841 (diff=0.031167 amp=0.565841)  test=1.693867 (diff=0.021126 amp=1.672740)  diff_lr=0.00e+00 amp_lr=2.17e-05
Epoch 193/300  train=0.483485 (diff=0.031717 amp=0.483485)  test=1.495839 (diff=0.017573 amp=1.478267)  diff_lr=0.00e+00 amp_lr=2.15e-05
Epoch 194/300  train=0.547818 (diff=0.030200 amp=0.547818)  test=1.525314 (diff=0.016938 amp=1.508376)  diff_lr=0.00e+00 amp_lr=2.13e-05
Epoch 195/300  train=0.559586 (diff=0.031619 amp=0.559586)  test=1.657102 (diff=0.029424 amp=1.627678)  diff_lr=0.00e+00 amp_lr=2.11e-05
Epoch 196/300  train=0.520593 (diff=0.032268 amp=0.520593)  test=1.489456 (diff=0.025390 amp=1.464066)  diff_lr=0.00e+00 amp_lr=2.09e-05
Epoch 197/300  train=0.536233 (diff=0.029893 amp=0.536233)  test=1.671949 (diff=0.024650 amp=1.647299)  diff_lr=0.00e+00 amp_lr=2.07e-05
Epoch 198/300  train=0.555371 (diff=0.032604 amp=0.555371)  test=1.696442 (diff=0.014809 amp=1.681634)  diff_lr=0.00e+00 amp_lr=2.05e-05
Epoch 199/300  train=0.552238 (diff=0.029687 amp=0.552238)  test=1.524725 (diff=0.018473 amp=1.506252)  diff_lr=0.00e+00 amp_lr=2.04e-05
Epoch 200/300  train=0.534292 (diff=0.030640 amp=0.534292)  test=1.671961 (diff=0.019814 amp=1.652147)  diff_lr=0.00e+00 amp_lr=2.02e-05
Epoch 201/300  train=0.523178 (diff=0.032570 amp=0.523178)  test=1.587090 (diff=0.020679 amp=1.566411)  diff_lr=0.00e+00 amp_lr=2.00e-05
Epoch 202/300  train=0.557302 (diff=0.033472 amp=0.557302)  test=1.579664 (diff=0.017901 amp=1.561763)  diff_lr=0.00e+00 amp_lr=1.98e-05
Epoch 203/300  train=0.565772 (diff=0.030914 amp=0.565772)  test=1.668136 (diff=0.022583 amp=1.645553)  diff_lr=0.00e+00 amp_lr=1.96e-05
Epoch 204/300  train=0.523209 (diff=0.032595 amp=0.523209)  test=1.540742 (diff=0.017783 amp=1.522958)  diff_lr=0.00e+00 amp_lr=1.95e-05
Epoch 205/300  train=0.503541 (diff=0.029295 amp=0.503541)  test=1.623880 (diff=0.020036 amp=1.603844)  diff_lr=0.00e+00 amp_lr=1.93e-05
Epoch 206/300  train=0.554414 (diff=0.031189 amp=0.554414)  test=1.645306 (diff=0.020724 amp=1.624582)  diff_lr=0.00e+00 amp_lr=1.91e-05
Epoch 207/300  train=0.495338 (diff=0.029815 amp=0.495338)  test=1.721810 (diff=0.027890 amp=1.693920)  diff_lr=0.00e+00 amp_lr=1.89e-05
Epoch 208/300  train=0.568279 (diff=0.033193 amp=0.568279)  test=1.545248 (diff=0.024140 amp=1.521109)  diff_lr=0.00e+00 amp_lr=1.88e-05
Epoch 209/300  train=0.505919 (diff=0.032289 amp=0.505919)  test=1.586904 (diff=0.022587 amp=1.564318)  diff_lr=0.00e+00 amp_lr=1.86e-05
Epoch 210/300  train=0.520059 (diff=0.030340 amp=0.520059)  test=1.559037 (diff=0.021751 amp=1.537286)  diff_lr=0.00e+00 amp_lr=1.84e-05
Epoch 211/300  train=0.545353 (diff=0.029476 amp=0.545353)  test=1.718332 (diff=0.013302 amp=1.705029)  diff_lr=0.00e+00 amp_lr=1.82e-05
Epoch 212/300  train=0.564932 (diff=0.030077 amp=0.564932)  test=1.610194 (diff=0.031673 amp=1.578521)  diff_lr=0.00e+00 amp_lr=1.81e-05
Epoch 213/300  train=0.549847 (diff=0.033768 amp=0.549847)  test=1.895004 (diff=0.013105 amp=1.881899)  diff_lr=0.00e+00 amp_lr=1.79e-05
Epoch 214/300  train=0.497647 (diff=0.033328 amp=0.497647)  test=1.571382 (diff=0.020668 amp=1.550714)  diff_lr=0.00e+00 amp_lr=1.77e-05
Epoch 215/300  train=0.519635 (diff=0.031299 amp=0.519635)  test=1.684107 (diff=0.022265 amp=1.661842)  diff_lr=0.00e+00 amp_lr=1.76e-05
Epoch 216/300  train=0.582369 (diff=0.032163 amp=0.582369)  test=1.616374 (diff=0.018387 amp=1.597987)  diff_lr=0.00e+00 amp_lr=1.74e-05
Epoch 217/300  train=0.546239 (diff=0.031930 amp=0.546239)  test=1.600760 (diff=0.017071 amp=1.583689)  diff_lr=0.00e+00 amp_lr=1.73e-05
Epoch 218/300  train=0.545450 (diff=0.031866 amp=0.545450)  test=1.654718 (diff=0.034981 amp=1.619738)  diff_lr=0.00e+00 amp_lr=1.71e-05
Epoch 219/300  train=0.560106 (diff=0.033178 amp=0.560106)  test=1.508988 (diff=0.018634 amp=1.490354)  diff_lr=0.00e+00 amp_lr=1.69e-05
Epoch 220/300  train=0.568276 (diff=0.031323 amp=0.568276)  test=1.641086 (diff=0.018762 amp=1.622324)  diff_lr=0.00e+00 amp_lr=1.68e-05
Epoch 221/300  train=0.558230 (diff=0.030360 amp=0.558230)  test=1.600374 (diff=0.028191 amp=1.572183)  diff_lr=0.00e+00 amp_lr=1.66e-05
Epoch 222/300  train=0.541363 (diff=0.031850 amp=0.541363)  test=1.518007 (diff=0.017556 amp=1.500450)  diff_lr=0.00e+00 amp_lr=1.65e-05
Epoch 223/300  train=0.531765 (diff=0.033689 amp=0.531765)  test=1.495344 (diff=0.023334 amp=1.472010)  diff_lr=0.00e+00 amp_lr=1.63e-05
Epoch 224/300  train=0.578125 (diff=0.031642 amp=0.578125)  test=1.712325 (diff=0.018364 amp=1.693961)  diff_lr=0.00e+00 amp_lr=1.62e-05
Epoch 225/300  train=0.514797 (diff=0.031928 amp=0.514797)  test=1.619514 (diff=0.025074 amp=1.594440)  diff_lr=0.00e+00 amp_lr=1.60e-05
Epoch 226/300  train=0.523417 (diff=0.031189 amp=0.523417)  test=1.628562 (diff=0.026164 amp=1.602397)  diff_lr=0.00e+00 amp_lr=1.59e-05
Epoch 227/300  train=0.622034 (diff=0.031449 amp=0.622034)  test=1.553407 (diff=0.012984 amp=1.540423)  diff_lr=0.00e+00 amp_lr=1.57e-05
Epoch 228/300  train=0.514583 (diff=0.029476 amp=0.514583)  test=1.702375 (diff=0.027292 amp=1.675083)  diff_lr=0.00e+00 amp_lr=1.56e-05
Epoch 229/300  train=0.483184 (diff=0.032000 amp=0.483184)  test=1.593254 (diff=0.018189 amp=1.575065)  diff_lr=0.00e+00 amp_lr=1.54e-05
Epoch 230/300  train=0.509675 (diff=0.030846 amp=0.509675)  test=1.661031 (diff=0.025270 amp=1.635761)  diff_lr=0.00e+00 amp_lr=1.53e-05
Epoch 231/300  train=0.517315 (diff=0.031145 amp=0.517315)  test=1.638118 (diff=0.020994 amp=1.617124)  diff_lr=0.00e+00 amp_lr=1.51e-05
Epoch 232/300  train=0.588609 (diff=0.031322 amp=0.588609)  test=1.624936 (diff=0.023140 amp=1.601796)  diff_lr=0.00e+00 amp_lr=1.50e-05
Epoch 233/300  train=0.498052 (diff=0.031676 amp=0.498052)  test=1.731977 (diff=0.021778 amp=1.710198)  diff_lr=0.00e+00 amp_lr=1.49e-05
Epoch 234/300  train=0.543080 (diff=0.030062 amp=0.543080)  test=1.526309 (diff=0.018766 amp=1.507543)  diff_lr=0.00e+00 amp_lr=1.47e-05
Epoch 235/300  train=0.523533 (diff=0.030970 amp=0.523533)  test=1.539354 (diff=0.027078 amp=1.512276)  diff_lr=0.00e+00 amp_lr=1.46e-05
Epoch 236/300  train=0.512009 (diff=0.032629 amp=0.512009)  test=1.574921 (diff=0.016803 amp=1.558119)  diff_lr=0.00e+00 amp_lr=1.45e-05
Epoch 237/300  train=0.526659 (diff=0.032140 amp=0.526659)  test=1.705985 (diff=0.013465 amp=1.692520)  diff_lr=0.00e+00 amp_lr=1.43e-05
Epoch 238/300  train=0.510811 (diff=0.032325 amp=0.510811)  test=1.597407 (diff=0.025984 amp=1.571424)  diff_lr=0.00e+00 amp_lr=1.42e-05
Epoch 239/300  train=0.536130 (diff=0.031587 amp=0.536130)  test=1.487150 (diff=0.013983 amp=1.473167)  diff_lr=0.00e+00 amp_lr=1.41e-05
Epoch 240/300  train=0.536934 (diff=0.033821 amp=0.536934)  test=1.655885 (diff=0.019194 amp=1.636691)  diff_lr=0.00e+00 amp_lr=1.39e-05
Epoch 241/300  train=0.517681 (diff=0.032282 amp=0.517681)  test=1.526527 (diff=0.012303 amp=1.514223)  diff_lr=0.00e+00 amp_lr=1.38e-05
Epoch 242/300  train=0.524377 (diff=0.030088 amp=0.524377)  test=1.530119 (diff=0.031314 amp=1.498805)  diff_lr=0.00e+00 amp_lr=1.37e-05
Epoch 243/300  train=0.543668 (diff=0.031124 amp=0.543668)  test=1.510877 (diff=0.020699 amp=1.490177)  diff_lr=0.00e+00 amp_lr=1.36e-05
Epoch 244/300  train=0.523703 (diff=0.031072 amp=0.523703)  test=1.607483 (diff=0.022518 amp=1.584965)  diff_lr=0.00e+00 amp_lr=1.35e-05
Epoch 245/300  train=0.478530 (diff=0.031055 amp=0.478530)  test=1.515865 (diff=0.019661 amp=1.496203)  diff_lr=0.00e+00 amp_lr=1.33e-05
Epoch 246/300  train=0.513130 (diff=0.029926 amp=0.513130)  test=1.623155 (diff=0.017288 amp=1.605866)  diff_lr=0.00e+00 amp_lr=1.32e-05
Epoch 247/300  train=0.562372 (diff=0.031228 amp=0.562372)  test=1.566410 (diff=0.019623 amp=1.546788)  diff_lr=0.00e+00 amp_lr=1.31e-05
Epoch 248/300  train=0.494610 (diff=0.030439 amp=0.494610)  test=1.471155 (diff=0.022007 amp=1.449149)  diff_lr=0.00e+00 amp_lr=1.30e-05
Epoch 249/300  train=0.505332 (diff=0.029620 amp=0.505332)  test=1.439554 (diff=0.027086 amp=1.412468)  diff_lr=0.00e+00 amp_lr=1.29e-05
Epoch 250/300  train=0.508820 (diff=0.031209 amp=0.508820)  test=1.434340 (diff=0.020437 amp=1.413903)  diff_lr=0.00e+00 amp_lr=1.28e-05
Epoch 251/300  train=0.526820 (diff=0.030407 amp=0.526820)  test=1.532901 (diff=0.016462 amp=1.516439)  diff_lr=0.00e+00 amp_lr=1.27e-05
Epoch 252/300  train=0.534319 (diff=0.032300 amp=0.534319)  test=1.396752 (diff=0.017688 amp=1.379064)  diff_lr=0.00e+00 amp_lr=1.26e-05
Epoch 253/300  train=0.514482 (diff=0.032079 amp=0.514482)  test=1.446954 (diff=0.021465 amp=1.425488)  diff_lr=0.00e+00 amp_lr=1.25e-05
Epoch 254/300  train=0.548396 (diff=0.032993 amp=0.548396)  test=1.434313 (diff=0.025085 amp=1.409229)  diff_lr=0.00e+00 amp_lr=1.24e-05
Epoch 255/300  train=0.532547 (diff=0.031026 amp=0.532547)  test=1.538977 (diff=0.020762 amp=1.518215)  diff_lr=0.00e+00 amp_lr=1.23e-05
Epoch 256/300  train=0.527748 (diff=0.033356 amp=0.527748)  test=1.524827 (diff=0.022748 amp=1.502079)  diff_lr=0.00e+00 amp_lr=1.22e-05
Epoch 257/300  train=0.560897 (diff=0.032480 amp=0.560897)  test=1.441898 (diff=0.016805 amp=1.425093)  diff_lr=0.00e+00 amp_lr=1.21e-05
Epoch 258/300  train=0.613537 (diff=0.030193 amp=0.613537)  test=1.419754 (diff=0.034214 amp=1.385540)  diff_lr=0.00e+00 amp_lr=1.20e-05
Epoch 259/300  train=0.520770 (diff=0.031663 amp=0.520770)  test=1.426864 (diff=0.021717 amp=1.405148)  diff_lr=0.00e+00 amp_lr=1.19e-05
Epoch 260/300  train=0.495454 (diff=0.031116 amp=0.495454)  test=1.500546 (diff=0.011729 amp=1.488817)  diff_lr=0.00e+00 amp_lr=1.18e-05
Epoch 261/300  train=0.492855 (diff=0.030903 amp=0.492855)  test=1.441822 (diff=0.018331 amp=1.423491)  diff_lr=0.00e+00 amp_lr=1.17e-05
Epoch 262/300  train=0.554082 (diff=0.033914 amp=0.554082)  test=1.568179 (diff=0.012601 amp=1.555578)  diff_lr=0.00e+00 amp_lr=1.16e-05
Epoch 263/300  train=0.516902 (diff=0.032235 amp=0.516902)  test=1.453123 (diff=0.022492 amp=1.430631)  diff_lr=0.00e+00 amp_lr=1.16e-05
Epoch 264/300  train=0.528971 (diff=0.029737 amp=0.528971)  test=1.408580 (diff=0.013707 amp=1.394873)  diff_lr=0.00e+00 amp_lr=1.15e-05
Epoch 265/300  train=0.580576 (diff=0.032092 amp=0.580576)  test=1.413875 (diff=0.017250 amp=1.396625)  diff_lr=0.00e+00 amp_lr=1.14e-05
Epoch 266/300  train=0.532815 (diff=0.029916 amp=0.532815)  test=1.429578 (diff=0.015683 amp=1.413895)  diff_lr=0.00e+00 amp_lr=1.13e-05
Epoch 267/300  train=0.508676 (diff=0.031520 amp=0.508676)  test=1.492703 (diff=0.019927 amp=1.472776)  diff_lr=0.00e+00 amp_lr=1.13e-05
Epoch 268/300  train=0.517846 (diff=0.032376 amp=0.517846)  test=1.491670 (diff=0.023796 amp=1.467875)  diff_lr=0.00e+00 amp_lr=1.12e-05
Epoch 269/300  train=0.536406 (diff=0.030431 amp=0.536406)  test=1.479587 (diff=0.016427 amp=1.463159)  diff_lr=0.00e+00 amp_lr=1.11e-05
Epoch 270/300  train=0.528468 (diff=0.031436 amp=0.528468)  test=1.403357 (diff=0.013715 amp=1.389643)  diff_lr=0.00e+00 amp_lr=1.10e-05
Epoch 271/300  train=0.543365 (diff=0.033018 amp=0.543365)  test=1.409322 (diff=0.019389 amp=1.389933)  diff_lr=0.00e+00 amp_lr=1.10e-05
Epoch 272/300  train=0.539890 (diff=0.030950 amp=0.539890)  test=1.502194 (diff=0.051217 amp=1.450977)  diff_lr=0.00e+00 amp_lr=1.09e-05
Epoch 273/300  train=0.544930 (diff=0.032266 amp=0.544930)  test=1.431020 (diff=0.012356 amp=1.418664)  diff_lr=0.00e+00 amp_lr=1.09e-05
Epoch 274/300  train=0.497390 (diff=0.030932 amp=0.497390)  test=1.389365 (diff=0.017443 amp=1.371923)  diff_lr=0.00e+00 amp_lr=1.08e-05
Epoch 275/300  train=0.525558 (diff=0.032240 amp=0.525558)  test=1.422853 (diff=0.022166 amp=1.400687)  diff_lr=0.00e+00 amp_lr=1.07e-05
Epoch 276/300  train=0.543762 (diff=0.031957 amp=0.543762)  test=1.372248 (diff=0.015349 amp=1.356899)  diff_lr=0.00e+00 amp_lr=1.07e-05
Epoch 277/300  train=0.464879 (diff=0.033144 amp=0.464879)  test=1.551412 (diff=0.046951 amp=1.504461)  diff_lr=0.00e+00 amp_lr=1.06e-05
Epoch 278/300  train=0.552322 (diff=0.032209 amp=0.552322)  test=1.370682 (diff=0.018620 amp=1.352062)  diff_lr=0.00e+00 amp_lr=1.06e-05
Epoch 279/300  train=0.538704 (diff=0.031165 amp=0.538704)  test=1.532395 (diff=0.018301 amp=1.514094)  diff_lr=0.00e+00 amp_lr=1.05e-05
Epoch 280/300  train=0.526754 (diff=0.034235 amp=0.526754)  test=1.559319 (diff=0.021340 amp=1.537979)  diff_lr=0.00e+00 amp_lr=1.05e-05
Epoch 281/300  train=0.479799 (diff=0.032882 amp=0.479799)  test=1.475213 (diff=0.027433 amp=1.447781)  diff_lr=0.00e+00 amp_lr=1.04e-05
Epoch 282/300  train=0.546802 (diff=0.031667 amp=0.546802)  test=1.521041 (diff=0.014888 amp=1.506153)  diff_lr=0.00e+00 amp_lr=1.04e-05
Epoch 283/300  train=0.526581 (diff=0.031516 amp=0.526581)  test=1.517807 (diff=0.023409 amp=1.494398)  diff_lr=0.00e+00 amp_lr=1.04e-05
Epoch 284/300  train=0.476523 (diff=0.030948 amp=0.476523)  test=1.510022 (diff=0.017797 amp=1.492225)  diff_lr=0.00e+00 amp_lr=1.03e-05
Epoch 285/300  train=0.505011 (diff=0.031829 amp=0.505011)  test=1.370365 (diff=0.019983 amp=1.350382)  diff_lr=0.00e+00 amp_lr=1.03e-05
Epoch 286/300  train=0.514745 (diff=0.031830 amp=0.514745)  test=1.479162 (diff=0.017035 amp=1.462127)  diff_lr=0.00e+00 amp_lr=1.02e-05
Epoch 287/300  train=0.491821 (diff=0.031335 amp=0.491821)  test=1.496780 (diff=0.012506 amp=1.484274)  diff_lr=0.00e+00 amp_lr=1.02e-05
Epoch 288/300  train=0.513033 (diff=0.033694 amp=0.513033)  test=1.460418 (diff=0.024524 amp=1.435894)  diff_lr=0.00e+00 amp_lr=1.02e-05
Epoch 289/300  train=0.527131 (diff=0.030469 amp=0.527131)  test=1.380960 (diff=0.008258 amp=1.372701)  diff_lr=0.00e+00 amp_lr=1.02e-05
Epoch 290/300  train=0.534911 (diff=0.032855 amp=0.534911)  test=1.400667 (diff=0.023439 amp=1.377228)  diff_lr=0.00e+00 amp_lr=1.01e-05
Epoch 291/300  train=0.499139 (diff=0.030693 amp=0.499139)  test=1.404233 (diff=0.028639 amp=1.375594)  diff_lr=0.00e+00 amp_lr=1.01e-05
Epoch 292/300  train=0.548654 (diff=0.032116 amp=0.548654)  test=1.516914 (diff=0.021489 amp=1.495425)  diff_lr=0.00e+00 amp_lr=1.01e-05
Epoch 293/300  train=0.462917 (diff=0.031389 amp=0.462917)  test=1.460418 (diff=0.023850 amp=1.436567)  diff_lr=0.00e+00 amp_lr=1.01e-05
Epoch 294/300  train=0.606452 (diff=0.029692 amp=0.606452)  test=1.461954 (diff=0.019487 amp=1.442467)  diff_lr=0.00e+00 amp_lr=1.01e-05
Epoch 295/300  train=0.530874 (diff=0.032350 amp=0.530874)  test=1.455419 (diff=0.018139 amp=1.437280)  diff_lr=0.00e+00 amp_lr=1.00e-05
Epoch 296/300  train=0.536098 (diff=0.031918 amp=0.536098)  test=1.531197 (diff=0.021071 amp=1.510126)  diff_lr=0.00e+00 amp_lr=1.00e-05
Epoch 297/300  train=0.550393 (diff=0.031582 amp=0.550393)  test=1.514506 (diff=0.017687 amp=1.496819)  diff_lr=0.00e+00 amp_lr=1.00e-05
Epoch 298/300  train=0.581678 (diff=0.032134 amp=0.581678)  test=1.479133 (diff=0.018178 amp=1.460956)  diff_lr=0.00e+00 amp_lr=1.00e-05
Epoch 299/300  train=0.471263 (diff=0.030748 amp=0.471263)  test=1.507754 (diff=0.020336 amp=1.487419)  diff_lr=0.00e+00 amp_lr=1.00e-05
Epoch 300/300  train=0.496919 (diff=0.031275 amp=0.496919)  test=1.380597 (diff=0.013367 amp=1.367230)  diff_lr=0.00e+00 amp_lr=1.00e-05

Training complete.

==========================================
exp051: Training complete at: Mon Mar 30 13:13:51     2026
Starting evaluation...
==========================================
C:\lxr\study\final\src\model\diffusion.py:434: UserWarning: enable_nested_tensor is True, but self.use_nested_tensor is False because encoder_layer.norm_first was True
  self.attn = nn.TransformerEncoder(attn_layer, num_layers=n_attn_layers)
C:\lxr\study\final\src\model\evaluate.py:207: FutureWarning: `torch.cuda.amp.autocast(args...)` is deprecated. Please use `torch.amp.autocast('cuda', args...)` instead.
  autocast_ctx = torch.cuda.amp.autocast() if device.type == "cuda" else torch.inference_mode()
Device: cuda
Test tracks: 30

--- Evaluating Baseline ---
{
  "baseline_rpa": {
    "mean": 0.9446448217533749,
    "std": 0.03822733972862986,
    "min": 0.7996011964107677,
    "max": 0.9896858884200657
  },
  "baseline_f0_mae": {
    "mean": 34.12835753758748,
    "std": 50.12239399213163,
    "min": 14.696958541870117,
    "max": 277.7970886230469
  },
  "baseline_amp_corr": {
    "mean": 0.736660604349787,
    "std": 0.13919692324004487,
    "min": 0.45848959940508205,
    "max": 0.948161092164857
  },
  "baseline_amp_rmse_log": {
    "mean": 0.8718445201714834,
    "std": 0.6052760358136731,
    "min": 0.38461315631866455,
    "max": 3.739269733428955
  },
  "baseline_vde_mean": {
    "mean": 11.489839159083592,
    "std": 7.344295595005651,
    "min": 1.7205199725984546,
    "max": 35.0156226680229
  },
  "baseline_vre_mean": {
    "mean": 0.7565739044406616,
    "std": 0.31195263643606413,
    "min": 0.0,
    "max": 1.324212063813531
  },
  "baseline_n_vibrato_notes": {
    "mean": 58.43333333333333,
    "std": 56.101505228370556,
    "min": 2.0,
    "max": 185.0
  }
}

--- Evaluating Diffusion ---
Loaded baseline from experiments/checkpoints/exp051\baseline_best.pt
Loaded AmpPredictor (hidden=256, gru_hidden=128, layers=2, dropout=0.3, f0_conditioned=False, use_attention=True, n_attn_heads=4, n_attn_layers=2, instrument_conditioned=False, note_position_conditioned=False, velocity_conditioned=False, condition_dropout=0.0) from experiments/checkpoints/exp051\amp_predictor_best.pt
Loaded EncoderAdapter (bottleneck=64, layers=1) from experiments/checkpoints/exp051\encoder_adapter_best.pt
Traceback (most recent call last):
  File "C:\lxr\study\final\src\model\evaluate.py", line 759, in <module>
    main()
  File "C:\lxr\study\final\src\model\evaluate.py", line 733, in main
    diff_metrics = evaluate_diffusion(
                   ^^^^^^^^^^^^^^^^^^^
  File "C:\lxr\study\final\src\model\evaluate.py", line 288, in evaluate_diffusion
    x_gen = diffusion.ddim_sample(condition_perm, n_steps=ddim_steps, eta=eta)
            ^^^^^^^^^^^^^^^^^^^^^^^^^^^^^^^^^^^^^^^^^^^^^^^^^^^^^^^^^^^^^^^^^^
  File "C:\Users\17145\AppData\Local\Programs\Python\Python312\Lib\site-packages\torch\utils\_contextlib.py", line 124, in decorate_context
    return func(*args, **kwargs)
           ^^^^^^^^^^^^^^^^^^^^^
  File "C:\lxr\study\final\src\model\diffusion.py", line 311, in ddim_sample
    noise_pred = self.unet(x, t_batch, condition)
                 ^^^^^^^^^^^^^^^^^^^^^^^^^^^^^^^^
  File "C:\Users\17145\AppData\Local\Programs\Python\Python312\Lib\site-packages\torch\nn\modules\module.py", line 1776, in _wrapped_call_impl
    return self._call_impl(*args, **kwargs)
           ^^^^^^^^^^^^^^^^^^^^^^^^^^^^^^^^
  File "C:\Users\17145\AppData\Local\Programs\Python\Python312\Lib\site-packages\torch\nn\modules\module.py", line 1787, in _call_impl
    return forward_call(*args, **kwargs)
           ^^^^^^^^^^^^^^^^^^^^^^^^^^^^^
  File "C:\lxr\study\final\src\model\diffusion.py", line 231, in forward
    h, skip = down(h, t_emb)
              ^^^^^^^^^^^^^^
  File "C:\Users\17145\AppData\Local\Programs\Python\Python312\Lib\site-packages\torch\nn\modules\module.py", line 1776, in _wrapped_call_impl
    return self._call_impl(*args, **kwargs)
           ^^^^^^^^^^^^^^^^^^^^^^^^^^^^^^^^
  File "C:\Users\17145\AppData\Local\Programs\Python\Python312\Lib\site-packages\torch\nn\modules\module.py", line 1787, in _call_impl
    return forward_call(*args, **kwargs)
           ^^^^^^^^^^^^^^^^^^^^^^^^^^^^^
  File "C:\lxr\study\final\src\model\diffusion.py", line 130, in forward
    h = attn(h)
        ^^^^^^^
  File "C:\Users\17145\AppData\Local\Programs\Python\Python312\Lib\site-packages\torch\nn\modules\module.py", line 1776, in _wrapped_call_impl
    return self._call_impl(*args, **kwargs)
           ^^^^^^^^^^^^^^^^^^^^^^^^^^^^^^^^
  File "C:\Users\17145\AppData\Local\Programs\Python\Python312\Lib\site-packages\torch\nn\modules\module.py", line 1787, in _call_impl
    return forward_call(*args, **kwargs)
           ^^^^^^^^^^^^^^^^^^^^^^^^^^^^^
  File "C:\lxr\study\final\src\model\diffusion.py", line 104, in forward
    h, _ = self.attn(h, h, h)
           ^^^^^^^^^^^^^^^^^^
  File "C:\Users\17145\AppData\Local\Programs\Python\Python312\Lib\site-packages\torch\nn\modules\module.py", line 1776, in _wrapped_call_impl
    return self._call_impl(*args, **kwargs)
           ^^^^^^^^^^^^^^^^^^^^^^^^^^^^^^^^
  File "C:\Users\17145\AppData\Local\Programs\Python\Python312\Lib\site-packages\torch\nn\modules\module.py", line 1787, in _call_impl
    return forward_call(*args, **kwargs)
           ^^^^^^^^^^^^^^^^^^^^^^^^^^^^^
  File "C:\Users\17145\AppData\Local\Programs\Python\Python312\Lib\site-packages\torch\nn\modules\activation.py", line 1491, in forward
    attn_output, attn_output_weights = F.multi_head_attention_forward(
                                       ^^^^^^^^^^^^^^^^^^^^^^^^^^^^^^^
  File "C:\Users\17145\AppData\Local\Programs\Python\Python312\Lib\site-packages\torch\nn\functional.py", line 6590, in multi_head_attention_forward
    attn_output_weights = softmax(attn_output_weights, dim=-1)
                          ^^^^^^^^^^^^^^^^^^^^^^^^^^^^^^^^^^^^
  File "C:\Users\17145\AppData\Local\Programs\Python\Python312\Lib\site-packages\torch\nn\functional.py", line 2157, in softmax
    ret = input.softmax(dim)
          ^^^^^^^^^^^^^^^^^^
torch.OutOfMemoryError: CUDA out of memory. Tried to allocate 7.56 GiB. GPU 0 has a total capacity of 7.96 GiB of which 2.68 GiB is free. 7.56 GiB allowed; Of the allocated memory 4.01 GiB is allocated by PyTorch, and 119.80 MiB is reserved by PyTorch but unallocated. If reserved but unallocated memory is large try setting PYTORCH_ALLOC_CONF=expandable_segments:True to avoid fragmentation.  See documentation for Memory Management  (https://pytorch.org/docs/stable/notes/cuda.html#environment-variables)
[Training] Finished with exit code: 0
[Worker] Logging results...
Results logged. Here's the summary:

## exp051 Results: Encoder Adapter + 185-track AmpPredictor

### Key Findings

- **Training**: 300 epochs completed successfully (~31 min). Evaluation initially OOM'd, re-ran with `max_eval_len=4096, n_samples=3, ddim_steps=25`.

### Results: ❌ Adapter did NOT improve Amp Corr

| Metric | exp045 (no adapter) | exp051 (with adapter) | Delta |
|--------|--------------------|-----------------------|-------|
| **Amp Corr (9 common tracks)** | **0.879** | **0.872** | **-0.007** |
| Amp Corr (URMP only) | 0.804 (41 tracks) | 0.822 (19 tracks) | +0.018* |
| Amp Corr (Bach10) | 0.663 | 0.687 | +0.024 |
| Amp Corr (overall) | 0.781 (49 tracks) | 0.775 (30 tracks) | -0.006 |

*Different test sets, not directly comparable

### Conclusions

1. **Fair comparison on 9 common tracks**: -0.007, essentially no change
2. **Adapter learned non-trivial weights** (norm 2-5) but they didn't help amp prediction
3. **Encoder information bottleneck hypothesis not confirmed**: the 256-dim condition already contains sufficient amp info; bottleneck is elsewhere
4. **Bach10 small improvement** (+0.024) likely from more training data (185 tracks), not the adapter

**当前最佳 unchanged**: Amp Corr 0.807 (exp039, with instrument) / 0.789 (exp048, without instrument). This is the 33rd amp optimization attempt without breaking 0.81 barrier.

The supervisor's alternative plan (global statistical features from MIDI) is already outlined in the log as the next direction.
[Supervisor] Reviewing results...
The plan is written. Here's a summary of my review:

---

## Supervisor Review Summary — Round 66

### Experiment Reviewed: exp051 (Encoder Adapter + 185-track AmpPredictor)

**Key Metrics:**
| Metric | Result | vs exp045 | Assessment |
|--------|--------|-----------|------------|
| Amp Corr (9 common tracks) | 0.872 | -0.007 (was 0.879) | ❌ No improvement |
| Amp Corr (overall, 30 tracks) | 0.775 | N/A (different test set) | — |
| f0 RPA (oracle) | 93.0% | ~same | ✅ OK |
| Adapter weights | norm 2-5 | — | Learning happened but unhelpful |

**Code Review:** ✅ No bugs found. EncoderAdapter, train.py integration, and evaluate.py loading are all correctly implemented.

**Diagnosis:** The "encoder information bottleneck" hypothesis is **disproven**. The 256-dim encoder condition already contains sufficient amp information. The bottleneck is elsewhere — likely the **missing instrument identity information** (0.807 with instrument → 0.789 without = 0.018 gap).

### Plan: exp052 — Global Statistics Features (12-dim frame_features + Full Retrain)

**What:** Add 5 global statistics (mean_pitch, pitch_range, mean_velocity, note_density, mean_duration) to frame_features, making it 12-dim. Retrain full pipeline (Stage 1 encoder + Stage 2 diffusion/AmpPredictor) with 185 tracks.

**Why:** Only remaining evidence-backed direction. Global stats implicitly encode instrument type without explicit labels. Targets recovering the 0.018 instrument information gap.

**Expected:** Amp Corr 0.80-0.82 (approaching the 0.807 with-instrument benchmark)

### Critical Issues Found: None

### Progress Toward Goal:
- **f0 RPA > 85%**: ✅ Achieved (93%+ consistently)
- **Amp Corr > 0.90**: ❌ Still at 0.789 (34th attempt planned)
- **f0 MAE < 20**: ❌ Current 23.44 (not priority)
- **VDE < 6.0**: ❌ Current 7.22 (not priority)
- **Biggest bottleneck**: Amp Corr — all architectural interventions exhausted except global statistics approach
[Backup] Saving source code to experiments/checkpoints/exp051/src_backup...

Round 64 complete. Check experiments/log.md for results.

========================================
  Round 65 / 20
========================================
[Worker] Preparing experiment...
All checks pass. Let me print a summary:

---

## Summary: exp052 Prepared

### What was done:

**Code changes (following supervisor's plan):**
1. **`src/model/dataset.py` [C1]**: `notes_to_frame_features()` now outputs **12-dim** features instead of 7-dim. Added 5 global statistics (dims 7-11):
   - `global_mean_pitch` — mean MIDI pitch / 127
   - `global_pitch_range` — (max - min pitch) / 127
   - `global_mean_velocity` — mean velocity / 127
   - `global_note_density` — notes/sec / 10, clipped [0,1]
   - `global_mean_duration` — mean duration / 2.0, clipped [0,1]

2. **`src/model/encoder.py` [C2]**: `input_dim` default changed from 7 → 12 (⚠️ breaking change: old checkpoints incompatible)

3. **`src/model/baseline.py`**: Updated docstring to match 12-dim input

**Sanity checks confirmed:**
- Different instruments show clearly distinguishable global stats (e.g., vc mean_pitch=0.401 vs fl=0.578 vs ob=0.630)
- 183 tracks available (URMP + Bach10 + PHENICX + TRIOS)
- Empty notes edge case handled correctly
- End-to-end forward pass works: (B, T, 12) → encoder → baseline → f0_logits + amp_pred

**Files created:**
- `experiments/configs/exp052.yaml` — full config with stage1 (200 epochs, lr=5e-4) + stage2 (300 epochs, AmpPredictor with attention)
- `experiments/next_train_cmd.sh` — runs Stage 1 → Stage 2 → Evaluation

**Expected outcome:** Amp Corr 0.80-0.82 (up from 0.781 without instrument info), recovering most of the 0.018 gap vs instrument-conditioned (0.807).
[Training] Executing training script...
==========================================
exp052: Global Stats 12-dim + Full Pipeline Retrain
Training started at: Mon Mar 30 13:35:38     2026
==========================================

--- Stage 1: Training Encoder + Baseline (12-dim input) ---
Device: cuda
Config: {
  "data_dir": "C:\\lxr\\study\\final\\datagen\\solo\\URMP",
  "bach10_dir": "C:\\lxr\\study\\final\\datagen\\solo\\Bach10",
  "phenicx_dir": "datagen/solo/PHENICX",
  "trios_dir": "datagen/solo/TRIOS",
  "output_dir": "experiments/checkpoints/exp052",
  "instruments": [
    "vn",
    "va",
    "vc",
    "fl",
    "ob",
    "cl",
    "sax",
    "tpt",
    "tbn",
    "bn"
  ],
  "crop_len": 512,
  "seed": 42,
  "stage1": {
    "batch_size": 16,
    "lr": 0.0005,
    "epochs": 200,
    "lam": 1.0,
    "patience": 15,
    "lr_patience": 5,
    "lr_factor": 0.5,
    "dropout": 0.3
  },
  "stage2": {
    "batch_size": 16,
    "lr": 0.0002,
    "epochs": 300,
    "ema_decay": 0.995,
    "n_diffusion_steps": 1000,
    "samples_per_epoch": 2055,
    "lr_min": 1e-05,
    "n_channels": 1,
    "amp_hidden": 256,
    "amp_gru_hidden": 128,
    "amp_gru_layers": 2,
    "amp_dropout": 0.3,
    "amp_use_attention": true,
    "amp_n_attn_heads": 4,
    "amp_n_attn_layers": 2,
    "amp_instrument_conditioned": false,
    "amp_note_position_conditioned": false,
    "amp_f0_conditioned": false,
    "amp_corr_weight": 0.3,
    "amp_grad_weight": 0.2,
    "amp_lr": 5e-05,
    "amp_weight_decay": 0.0001,
    "amp_augment": true,
    "amp_augment_scale": 0.2,
    "amp_augment_jitter": 0.05
  },
  "stage3": {
    "batch_size": 16,
    "lr": 0.0002,
    "epochs": 200,
    "ema_decay": 0.995,
    "n_diffusion_steps": 1000,
    "samples_per_epoch": null
  },
  "save_every": 10
}
============================================================
Stage 1: Training Encoder + Baseline
============================================================
Train: 153 tracks, Test: 30 tracks
Epoch 1/200  train=14.2419 (f0=4.0031 amp=10.2388)  test=13.8629  lr=5.00e-04
Epoch 2/200  train=8.4106 (f0=3.1489 amp=5.2618)  test=10.0348  lr=5.00e-04
Epoch 3/200  train=5.1983 (f0=2.9174 amp=2.2808)  test=7.4015  lr=5.00e-04
Epoch 4/200  train=4.5115 (f0=2.8696 amp=1.6419)  test=5.0657  lr=5.00e-04
Epoch 5/200  train=3.7400 (f0=2.8550 amp=0.8849)  test=4.9156  lr=5.00e-04
Epoch 6/200  train=3.6547 (f0=2.8090 amp=0.8457)  test=4.6406  lr=5.00e-04
Epoch 7/200  train=3.4860 (f0=2.7747 amp=0.7113)  test=4.5222  lr=5.00e-04
Epoch 8/200  train=3.4696 (f0=2.7452 amp=0.7244)  test=4.4720  lr=5.00e-04
Epoch 9/200  train=3.6732 (f0=2.7292 amp=0.9440)  test=4.4798  lr=5.00e-04
Epoch 10/200  train=3.4099 (f0=2.7061 amp=0.7038)  test=4.4412  lr=5.00e-04
Epoch 11/200  train=3.5636 (f0=2.6777 amp=0.8858)  test=4.7766  lr=5.00e-04
Epoch 12/200  train=3.4656 (f0=2.6979 amp=0.7677)  test=4.5396  lr=5.00e-04
Epoch 13/200  train=3.3932 (f0=2.7010 amp=0.6922)  test=4.3754  lr=5.00e-04
Epoch 14/200  train=3.3841 (f0=2.7286 amp=0.6555)  test=4.3470  lr=5.00e-04
Epoch 15/200  train=3.4471 (f0=2.6656 amp=0.7815)  test=4.3746  lr=5.00e-04
Epoch 16/200  train=3.4844 (f0=2.6381 amp=0.8462)  test=4.3742  lr=5.00e-04
Epoch 17/200  train=3.4164 (f0=2.6657 amp=0.7507)  test=4.3817  lr=5.00e-04
Epoch 18/200  train=3.3692 (f0=2.6602 amp=0.7090)  test=4.3342  lr=5.00e-04
Epoch 19/200  train=3.4914 (f0=2.6250 amp=0.8664)  test=4.3658  lr=5.00e-04
Epoch 20/200  train=3.5510 (f0=2.6736 amp=0.8775)  test=4.4395  lr=5.00e-04
Epoch 21/200  train=3.4508 (f0=2.6574 amp=0.7934)  test=4.3416  lr=5.00e-04
Epoch 22/200  train=3.2302 (f0=2.6651 amp=0.5651)  test=4.3517  lr=5.00e-04
Epoch 23/200  train=3.4125 (f0=2.6432 amp=0.7692)  test=4.3057  lr=5.00e-04
Epoch 24/200  train=3.2684 (f0=2.6683 amp=0.6001)  test=4.3031  lr=5.00e-04
Epoch 25/200  train=3.3420 (f0=2.6283 amp=0.7137)  test=4.3028  lr=5.00e-04
Epoch 26/200  train=3.2371 (f0=2.6229 amp=0.6141)  test=4.3093  lr=5.00e-04
Epoch 27/200  train=3.2955 (f0=2.6143 amp=0.6811)  test=4.2805  lr=5.00e-04
Epoch 28/200  train=3.1269 (f0=2.6161 amp=0.5108)  test=4.2804  lr=5.00e-04
Epoch 29/200  train=3.1633 (f0=2.6308 amp=0.5325)  test=4.2435  lr=5.00e-04
Epoch 30/200  train=3.1689 (f0=2.6185 amp=0.5504)  test=4.2618  lr=5.00e-04
Epoch 31/200  train=3.3977 (f0=2.5958 amp=0.8019)  test=4.2356  lr=5.00e-04
Epoch 32/200  train=3.2322 (f0=2.5761 amp=0.6560)  test=4.2360  lr=5.00e-04
Epoch 33/200  train=3.3609 (f0=2.6147 amp=0.7462)  test=4.3084  lr=5.00e-04
Epoch 34/200  train=3.2854 (f0=2.5891 amp=0.6963)  test=4.2680  lr=5.00e-04
Epoch 35/200  train=3.4649 (f0=2.5887 amp=0.8762)  test=4.3156  lr=5.00e-04
Epoch 36/200  train=3.2431 (f0=2.6067 amp=0.6364)  test=4.2686  lr=5.00e-04
Epoch 37/200  train=3.1607 (f0=2.5584 amp=0.6023)  test=4.4311  lr=2.50e-04
Epoch 38/200  train=3.2043 (f0=2.5535 amp=0.6508)  test=4.3138  lr=2.50e-04
Epoch 39/200  train=3.1652 (f0=2.5569 amp=0.6082)  test=4.3014  lr=2.50e-04
Epoch 40/200  train=3.2062 (f0=2.5780 amp=0.6282)  test=4.2568  lr=2.50e-04
Epoch 41/200  train=3.2772 (f0=2.5638 amp=0.7135)  test=4.2024  lr=2.50e-04
Epoch 42/200  train=3.2716 (f0=2.5846 amp=0.6869)  test=4.1985  lr=2.50e-04
Epoch 43/200  train=3.0693 (f0=2.5846 amp=0.4847)  test=4.1978  lr=2.50e-04
Epoch 44/200  train=3.2514 (f0=2.5440 amp=0.7073)  test=4.2349  lr=2.50e-04
Epoch 45/200  train=3.4052 (f0=2.5995 amp=0.8057)  test=4.1946  lr=2.50e-04
Epoch 46/200  train=3.1323 (f0=2.5874 amp=0.5449)  test=4.1920  lr=2.50e-04
Epoch 47/200  train=3.4580 (f0=2.5584 amp=0.8996)  test=4.2047  lr=2.50e-04
Epoch 48/200  train=3.1631 (f0=2.5503 amp=0.6128)  test=4.2352  lr=2.50e-04
Epoch 49/200  train=3.1927 (f0=2.5540 amp=0.6387)  test=4.3411  lr=2.50e-04
Epoch 50/200  train=3.3035 (f0=2.5945 amp=0.7090)  test=4.2359  lr=2.50e-04
Epoch 51/200  train=3.1299 (f0=2.5661 amp=0.5638)  test=4.2113  lr=2.50e-04
Epoch 52/200  train=3.1375 (f0=2.5616 amp=0.5758)  test=4.1772  lr=2.50e-04
Epoch 53/200  train=3.3372 (f0=2.5583 amp=0.7789)  test=4.2464  lr=2.50e-04
Epoch 54/200  train=3.1650 (f0=2.5865 amp=0.5785)  test=4.2572  lr=2.50e-04
Epoch 55/200  train=3.1993 (f0=2.5678 amp=0.6315)  test=4.2105  lr=2.50e-04
Epoch 56/200  train=3.2431 (f0=2.5773 amp=0.6658)  test=4.1926  lr=2.50e-04
Epoch 57/200  train=3.1517 (f0=2.5591 amp=0.5926)  test=4.2572  lr=2.50e-04
Epoch 58/200  train=3.2427 (f0=2.6063 amp=0.6364)  test=4.1153  lr=2.50e-04
Epoch 59/200  train=3.1016 (f0=2.5490 amp=0.5526)  test=4.1135  lr=2.50e-04
Epoch 60/200  train=3.3108 (f0=2.5613 amp=0.7495)  test=4.1690  lr=2.50e-04
Epoch 61/200  train=3.1703 (f0=2.5531 amp=0.6172)  test=4.2418  lr=2.50e-04
Epoch 62/200  train=3.1415 (f0=2.5772 amp=0.5643)  test=4.2667  lr=2.50e-04
Epoch 63/200  train=3.2405 (f0=2.5508 amp=0.6897)  test=4.2058  lr=2.50e-04
Epoch 64/200  train=3.1616 (f0=2.5963 amp=0.5653)  test=4.1405  lr=2.50e-04
Epoch 65/200  train=3.1251 (f0=2.5340 amp=0.5911)  test=4.0947  lr=2.50e-04
Epoch 66/200  train=3.0776 (f0=2.5592 amp=0.5184)  test=4.0576  lr=2.50e-04
Epoch 67/200  train=3.1052 (f0=2.5775 amp=0.5278)  test=4.0211  lr=2.50e-04
Epoch 68/200  train=3.0944 (f0=2.5816 amp=0.5128)  test=4.0526  lr=2.50e-04
Epoch 69/200  train=3.1108 (f0=2.5903 amp=0.5205)  test=4.1394  lr=2.50e-04
Epoch 70/200  train=3.1539 (f0=2.5835 amp=0.5704)  test=4.1158  lr=2.50e-04
Epoch 71/200  train=3.1015 (f0=2.5837 amp=0.5179)  test=4.0687  lr=2.50e-04
Epoch 72/200  train=3.2111 (f0=2.5669 amp=0.6441)  test=4.1176  lr=2.50e-04
Epoch 73/200  train=2.9999 (f0=2.5770 amp=0.4229)  test=4.0529  lr=1.25e-04
Epoch 74/200  train=3.1159 (f0=2.5768 amp=0.5391)  test=4.0075  lr=1.25e-04
Epoch 75/200  train=3.1088 (f0=2.5349 amp=0.5738)  test=4.0348  lr=1.25e-04
Epoch 76/200  train=3.3581 (f0=2.5601 amp=0.7981)  test=4.1366  lr=1.25e-04
Epoch 77/200  train=3.0756 (f0=2.5978 amp=0.4778)  test=4.0992  lr=1.25e-04
Epoch 78/200  train=3.1045 (f0=2.5533 amp=0.5512)  test=4.0833  lr=1.25e-04
Epoch 79/200  train=3.0868 (f0=2.5602 amp=0.5266)  test=3.9563  lr=1.25e-04
Epoch 80/200  train=3.1586 (f0=2.5363 amp=0.6224)  test=3.9734  lr=1.25e-04
Epoch 81/200  train=3.0580 (f0=2.5881 amp=0.4699)  test=4.0764  lr=1.25e-04
Epoch 82/200  train=3.0181 (f0=2.5348 amp=0.4832)  test=3.9244  lr=1.25e-04
Epoch 83/200  train=3.1048 (f0=2.5807 amp=0.5242)  test=4.2002  lr=1.25e-04
Epoch 84/200  train=3.0561 (f0=2.5893 amp=0.4668)  test=4.1480  lr=1.25e-04
Epoch 85/200  train=3.1650 (f0=2.5916 amp=0.5734)  test=3.9375  lr=1.25e-04
Epoch 86/200  train=3.0653 (f0=2.5690 amp=0.4963)  test=4.1267  lr=1.25e-04
Epoch 87/200  train=3.1870 (f0=2.5537 amp=0.6334)  test=4.1672  lr=1.25e-04
Epoch 88/200  train=3.2223 (f0=2.5345 amp=0.6878)  test=4.0835  lr=6.25e-05
Epoch 89/200  train=3.0784 (f0=2.5616 amp=0.5168)  test=4.2972  lr=6.25e-05
Epoch 90/200  train=3.1596 (f0=2.5711 amp=0.5885)  test=4.1818  lr=6.25e-05
Epoch 91/200  train=3.1417 (f0=2.5515 amp=0.5902)  test=3.9445  lr=6.25e-05
Epoch 92/200  train=3.0236 (f0=2.5269 amp=0.4966)  test=4.0411  lr=6.25e-05
Epoch 93/200  train=3.0920 (f0=2.5381 amp=0.5539)  test=4.0637  lr=6.25e-05
Epoch 94/200  train=3.1148 (f0=2.5694 amp=0.5454)  test=3.9275  lr=3.13e-05
Epoch 95/200  train=3.0471 (f0=2.5335 amp=0.5135)  test=3.9649  lr=3.13e-05
Epoch 96/200  train=3.0443 (f0=2.5421 amp=0.5023)  test=4.0298  lr=3.13e-05
Epoch 97/200  train=2.9678 (f0=2.5764 amp=0.3914)  test=3.9934  lr=3.13e-05
Early stopping at epoch 97

Training complete.

--- Stage 1 complete at: Mon Mar 30 13:37:02     2026 ---

--- Stage 2: Training Diffusion + AmpPredictor ---
C:\lxr\study\final\src\model\diffusion.py:434: UserWarning: enable_nested_tensor is True, but self.use_nested_tensor is False because encoder_layer.norm_first was True
  self.attn = nn.TransformerEncoder(attn_layer, num_layers=n_attn_layers)
Device: cuda
Config: {
  "data_dir": "C:\\lxr\\study\\final\\datagen\\solo\\URMP",
  "bach10_dir": "C:\\lxr\\study\\final\\datagen\\solo\\Bach10",
  "phenicx_dir": "datagen/solo/PHENICX",
  "trios_dir": "datagen/solo/TRIOS",
  "output_dir": "experiments/checkpoints/exp052",
  "instruments": [
    "vn",
    "va",
    "vc",
    "fl",
    "ob",
    "cl",
    "sax",
    "tpt",
    "tbn",
    "bn"
  ],
  "crop_len": 512,
  "seed": 42,
  "stage1": {
    "batch_size": 16,
    "lr": 0.0005,
    "epochs": 200,
    "lam": 1.0,
    "patience": 15,
    "lr_patience": 5,
    "lr_factor": 0.5,
    "dropout": 0.3
  },
  "stage2": {
    "batch_size": 16,
    "lr": 0.0002,
    "epochs": 300,
    "ema_decay": 0.995,
    "n_diffusion_steps": 1000,
    "samples_per_epoch": 2055,
    "lr_min": 1e-05,
    "n_channels": 1,
    "amp_hidden": 256,
    "amp_gru_hidden": 128,
    "amp_gru_layers": 2,
    "amp_dropout": 0.3,
    "amp_use_attention": true,
    "amp_n_attn_heads": 4,
    "amp_n_attn_layers": 2,
    "amp_instrument_conditioned": false,
    "amp_note_position_conditioned": false,
    "amp_f0_conditioned": false,
    "amp_corr_weight": 0.3,
    "amp_grad_weight": 0.2,
    "amp_lr": 5e-05,
    "amp_weight_decay": 0.0001,
    "amp_augment": true,
    "amp_augment_scale": 0.2,
    "amp_augment_jitter": 0.05
  },
  "stage3": {
    "batch_size": 16,
    "lr": 0.0002,
    "epochs": 200,
    "ema_decay": 0.995,
    "n_diffusion_steps": 1000,
    "samples_per_epoch": null
  },
  "save_every": 10
}
Loaded baseline from experiments/checkpoints/exp052\baseline_best.pt

============================================================
Stage 2: Training 1ch Diffusion (f0) + AmpPredictor
============================================================
Train: 153 tracks, samples_per_epoch=2055
Amp log stats: mean=-4.6780, std=1.5514
Diffusion n_channels=1
AmpPredictor enabled (hidden=256, gru_hidden=128, layers=2, dropout=0.3, f0_conditioned=False, use_attention=True, n_attn_heads=4, n_attn_layers=2, instrument_conditioned=False, note_position_conditioned=False, velocity_conditioned=False, condition_dropout=0.0)
AmpPredictor optimizer: lr=5e-05, weight_decay=0.0001
Using CosineAnnealingLR (diff): lr 0.0002 -> 1e-05 over 300 epochs
Using CosineAnnealingLR (amp): lr 5e-05 -> 1e-05 over 300 epochs
Amplitude augmentation ENABLED: scale=0.2, jitter=0.05
Epoch 1/300  train=1.997479 (diff=0.168981 amp=1.828498)  test=2.025080 (diff=0.073701 amp=1.951379)  diff_lr=2.00e-04 amp_lr=5.00e-05
  -> New best test_loss=2.025080
  -> New best test_amp_loss=1.951379, saved amp_predictor
Epoch 2/300  train=0.942005 (diff=0.056101 amp=0.885905)  test=1.877204 (diff=0.046693 amp=1.830511)  diff_lr=2.00e-04 amp_lr=5.00e-05
  -> New best test_loss=1.877204
  -> New best test_amp_loss=1.830511, saved amp_predictor
Epoch 3/300  train=0.896963 (diff=0.048430 amp=0.848533)  test=1.852443 (diff=0.025710 amp=1.826733)  diff_lr=2.00e-04 amp_lr=5.00e-05
  -> New best test_loss=1.852443
  -> New best test_amp_loss=1.826733, saved amp_predictor
Epoch 4/300  train=0.877203 (diff=0.048727 amp=0.828476)  test=1.784317 (diff=0.026964 amp=1.757354)  diff_lr=2.00e-04 amp_lr=5.00e-05
  -> New best test_loss=1.784317
  -> New best test_amp_loss=1.757354, saved amp_predictor
Epoch 5/300  train=0.819470 (diff=0.043263 amp=0.776207)  test=1.638201 (diff=0.041661 amp=1.596540)  diff_lr=2.00e-04 amp_lr=5.00e-05
  -> New best test_loss=1.638201
  -> New best test_amp_loss=1.596540, saved amp_predictor
Epoch 6/300  train=0.809341 (diff=0.040834 amp=0.768506)  test=1.726509 (diff=0.032591 amp=1.693918)  diff_lr=2.00e-04 amp_lr=5.00e-05
Epoch 7/300  train=0.859567 (diff=0.044742 amp=0.814825)  test=1.635458 (diff=0.019263 amp=1.616195)  diff_lr=2.00e-04 amp_lr=5.00e-05
  -> New best test_loss=1.635458
Epoch 8/300  train=0.749245 (diff=0.041208 amp=0.708037)  test=1.627311 (diff=0.022615 amp=1.604696)  diff_lr=2.00e-04 amp_lr=4.99e-05
  -> New best test_loss=1.627311
Epoch 9/300  train=0.782064 (diff=0.042008 amp=0.740056)  test=1.581485 (diff=0.023147 amp=1.558339)  diff_lr=2.00e-04 amp_lr=4.99e-05
  -> New best test_loss=1.581485
  -> New best test_amp_loss=1.558339, saved amp_predictor
Epoch 10/300  train=0.779954 (diff=0.042703 amp=0.737251)  test=1.594721 (diff=0.033512 amp=1.561209)  diff_lr=2.00e-04 amp_lr=4.99e-05
Epoch 11/300  train=0.778218 (diff=0.039950 amp=0.738268)  test=1.423030 (diff=0.023153 amp=1.399877)  diff_lr=1.99e-04 amp_lr=4.99e-05
  -> New best test_loss=1.423030
  -> New best test_amp_loss=1.399877, saved amp_predictor
Epoch 12/300  train=0.730827 (diff=0.038025 amp=0.692802)  test=1.568372 (diff=0.016814 amp=1.551558)  diff_lr=1.99e-04 amp_lr=4.99e-05
Epoch 13/300  train=0.694902 (diff=0.039123 amp=0.655779)  test=1.578781 (diff=0.017004 amp=1.561777)  diff_lr=1.99e-04 amp_lr=4.98e-05
Epoch 14/300  train=0.702176 (diff=0.038331 amp=0.663845)  test=1.580746 (diff=0.037933 amp=1.542813)  diff_lr=1.99e-04 amp_lr=4.98e-05
Epoch 15/300  train=0.718844 (diff=0.035717 amp=0.683127)  test=1.709428 (diff=0.031848 amp=1.677580)  diff_lr=1.99e-04 amp_lr=4.98e-05
Epoch 16/300  train=0.694078 (diff=0.037066 amp=0.657013)  test=1.743357 (diff=0.025551 amp=1.717806)  diff_lr=1.99e-04 amp_lr=4.98e-05
Epoch 17/300  train=0.655058 (diff=0.035606 amp=0.619452)  test=1.910231 (diff=0.027201 amp=1.883030)  diff_lr=1.99e-04 amp_lr=4.97e-05
Epoch 18/300  train=0.681646 (diff=0.035843 amp=0.645803)  test=2.320138 (diff=0.031463 amp=2.288675)  diff_lr=1.98e-04 amp_lr=4.97e-05
Epoch 19/300  train=0.686680 (diff=0.035601 amp=0.651079)  test=2.082326 (diff=0.027268 amp=2.055058)  diff_lr=1.98e-04 amp_lr=4.96e-05
Epoch 20/300  train=0.687866 (diff=0.034362 amp=0.653504)  test=2.606223 (diff=0.012990 amp=2.593233)  diff_lr=1.98e-04 amp_lr=4.96e-05
Epoch 21/300  train=0.711993 (diff=0.034214 amp=0.677779)  test=2.353989 (diff=0.022591 amp=2.331398)  diff_lr=1.98e-04 amp_lr=4.96e-05
Epoch 22/300  train=0.669160 (diff=0.038596 amp=0.630563)  test=1.988666 (diff=0.026953 amp=1.961714)  diff_lr=1.98e-04 amp_lr=4.95e-05
Epoch 23/300  train=0.674389 (diff=0.035767 amp=0.638621)  test=2.071452 (diff=0.027659 amp=2.043793)  diff_lr=1.97e-04 amp_lr=4.95e-05
Epoch 24/300  train=0.716588 (diff=0.034222 amp=0.682367)  test=2.374147 (diff=0.016333 amp=2.357814)  diff_lr=1.97e-04 amp_lr=4.94e-05
Epoch 25/300  train=0.665546 (diff=0.035223 amp=0.630323)  test=2.419772 (diff=0.023245 amp=2.396527)  diff_lr=1.97e-04 amp_lr=4.94e-05
Epoch 26/300  train=0.652762 (diff=0.034117 amp=0.618645)  test=2.117866 (diff=0.018946 amp=2.098920)  diff_lr=1.97e-04 amp_lr=4.93e-05
Epoch 27/300  train=0.659628 (diff=0.034193 amp=0.625436)  test=2.587124 (diff=0.012845 amp=2.574280)  diff_lr=1.97e-04 amp_lr=4.93e-05
Epoch 28/300  train=0.673319 (diff=0.036929 amp=0.636391)  test=2.962066 (diff=0.019779 amp=2.942288)  diff_lr=1.96e-04 amp_lr=4.92e-05
Epoch 29/300  train=0.678001 (diff=0.034692 amp=0.643309)  test=2.676958 (diff=0.020092 amp=2.656866)  diff_lr=1.96e-04 amp_lr=4.91e-05
Epoch 30/300  train=0.670712 (diff=0.034325 amp=0.636387)  test=2.255567 (diff=0.022027 amp=2.233540)  diff_lr=1.96e-04 amp_lr=4.91e-05
Epoch 31/300  train=0.651180 (diff=0.034883 amp=0.616298)  test=2.392672 (diff=0.024349 amp=2.368323)  diff_lr=1.95e-04 amp_lr=4.90e-05
Epoch 32/300  train=0.623204 (diff=0.035860 amp=0.587344)  test=2.153086 (diff=0.014767 amp=2.138319)  diff_lr=1.95e-04 amp_lr=4.90e-05
Epoch 33/300  train=0.611744 (diff=0.035730 amp=0.576014)  test=3.189815 (diff=0.026766 amp=3.163049)  diff_lr=1.95e-04 amp_lr=4.89e-05
Epoch 34/300  train=0.620341 (diff=0.031741 amp=0.588600)  test=2.773137 (diff=0.014194 amp=2.758944)  diff_lr=1.94e-04 amp_lr=4.88e-05
Epoch 35/300  train=0.611547 (diff=0.034621 amp=0.576926)  test=2.456065 (diff=0.048454 amp=2.407611)  diff_lr=1.94e-04 amp_lr=4.87e-05
Epoch 36/300  train=0.611959 (diff=0.035408 amp=0.576551)  test=2.559360 (diff=0.013775 amp=2.545585)  diff_lr=1.94e-04 amp_lr=4.87e-05
Epoch 37/300  train=0.652965 (diff=0.033512 amp=0.619453)  test=1.832775 (diff=0.018200 amp=1.814575)  diff_lr=1.93e-04 amp_lr=4.86e-05
Epoch 38/300  train=0.592585 (diff=0.033909 amp=0.558676)  test=2.874855 (diff=0.029558 amp=2.845297)  diff_lr=1.93e-04 amp_lr=4.85e-05
Epoch 39/300  train=0.580446 (diff=0.035292 amp=0.545155)  test=3.289750 (diff=0.023426 amp=3.266324)  diff_lr=1.93e-04 amp_lr=4.84e-05
Epoch 40/300  train=0.618475 (diff=0.033348 amp=0.585128)  test=2.739431 (diff=0.029415 amp=2.710015)  diff_lr=1.92e-04 amp_lr=4.84e-05
Epoch 41/300  train=0.588175 (diff=0.033653 amp=0.554523)  test=2.790013 (diff=0.020151 amp=2.769863)  diff_lr=1.92e-04 amp_lr=4.83e-05
Epoch 42/300  train=0.602523 (diff=0.034067 amp=0.568455)  test=3.005857 (diff=0.029033 amp=2.976824)  diff_lr=1.91e-04 amp_lr=4.82e-05
Epoch 43/300  train=0.614323 (diff=0.032311 amp=0.582012)  test=2.555500 (diff=0.019619 amp=2.535880)  diff_lr=1.91e-04 amp_lr=4.81e-05
Epoch 44/300  train=0.604158 (diff=0.033421 amp=0.570736)  test=2.245993 (diff=0.021939 amp=2.224054)  diff_lr=1.91e-04 amp_lr=4.80e-05
Epoch 45/300  train=0.584390 (diff=0.033627 amp=0.550763)  test=2.424910 (diff=0.036083 amp=2.388827)  diff_lr=1.90e-04 amp_lr=4.79e-05
Epoch 46/300  train=0.603502 (diff=0.031697 amp=0.571805)  test=3.854600 (diff=0.024677 amp=3.829923)  diff_lr=1.90e-04 amp_lr=4.78e-05
Epoch 47/300  train=0.596238 (diff=0.032202 amp=0.564036)  test=3.306399 (diff=0.015380 amp=3.291019)  diff_lr=1.89e-04 amp_lr=4.77e-05
Epoch 48/300  train=0.581387 (diff=0.033038 amp=0.548349)  test=2.715985 (diff=0.028126 amp=2.687859)  diff_lr=1.89e-04 amp_lr=4.76e-05
Epoch 49/300  train=0.599791 (diff=0.033123 amp=0.566668)  test=2.886448 (diff=0.014457 amp=2.871991)  diff_lr=1.88e-04 amp_lr=4.75e-05
Epoch 50/300  train=0.615789 (diff=0.031765 amp=0.584024)  test=2.545363 (diff=0.014445 amp=2.530918)  diff_lr=1.88e-04 amp_lr=4.74e-05
Epoch 51/300  train=0.581852 (diff=0.031616 amp=0.550235)  test=2.263427 (diff=0.019171 amp=2.244256)  diff_lr=1.87e-04 amp_lr=4.73e-05
Epoch 52/300  train=0.560940 (diff=0.032366 amp=0.528574)  test=2.437159 (diff=0.020073 amp=2.417087)  diff_lr=1.87e-04 amp_lr=4.72e-05
Epoch 53/300  train=0.602193 (diff=0.033261 amp=0.568932)  test=2.226245 (diff=0.022581 amp=2.203664)  diff_lr=1.86e-04 amp_lr=4.71e-05
Epoch 54/300  train=0.582551 (diff=0.031681 amp=0.550870)  test=2.707238 (diff=0.023267 amp=2.683971)  diff_lr=1.86e-04 amp_lr=4.70e-05
Epoch 55/300  train=0.591932 (diff=0.032471 amp=0.559461)  test=2.249200 (diff=0.020308 amp=2.228892)  diff_lr=1.85e-04 amp_lr=4.69e-05
Epoch 56/300  train=0.573396 (diff=0.034616 amp=0.538780)  test=2.530377 (diff=0.032418 amp=2.497959)  diff_lr=1.85e-04 amp_lr=4.68e-05
Epoch 57/300  train=0.572444 (diff=0.032072 amp=0.540372)  test=2.590901 (diff=0.017908 amp=2.572993)  diff_lr=1.84e-04 amp_lr=4.67e-05
Epoch 58/300  train=0.571723 (diff=0.033955 amp=0.537768)  test=2.478765 (diff=0.019671 amp=2.459094)  diff_lr=1.84e-04 amp_lr=4.65e-05
Epoch 59/300  train=0.588240 (diff=0.034115 amp=0.554125)  test=2.409726 (diff=0.032329 amp=2.377397)  diff_lr=1.83e-04 amp_lr=4.64e-05
Epoch 60/300  train=0.558209 (diff=0.031560 amp=0.526649)  test=3.422620 (diff=0.023295 amp=3.399325)  diff_lr=1.82e-04 amp_lr=4.63e-05
Epoch 61/300  train=0.548796 (diff=0.030586 amp=0.518210)  test=2.194118 (diff=0.024395 amp=2.169724)  diff_lr=1.82e-04 amp_lr=4.62e-05
Epoch 62/300  train=0.580217 (diff=0.031338 amp=0.548880)  test=3.205557 (diff=0.025473 amp=3.180083)  diff_lr=1.81e-04 amp_lr=4.61e-05
Epoch 63/300  train=0.574649 (diff=0.033226 amp=0.541423)  test=2.520681 (diff=0.029161 amp=2.491520)  diff_lr=1.81e-04 amp_lr=4.59e-05
Epoch 64/300  train=0.561453 (diff=0.030142 amp=0.531311)  test=2.510313 (diff=0.020586 amp=2.489727)  diff_lr=1.80e-04 amp_lr=4.58e-05
Epoch 65/300  train=0.577825 (diff=0.032037 amp=0.545788)  test=2.785409 (diff=0.038995 amp=2.746413)  diff_lr=1.79e-04 amp_lr=4.57e-05
Epoch 66/300  train=0.554543 (diff=0.032380 amp=0.522163)  test=2.350619 (diff=0.017021 amp=2.333598)  diff_lr=1.79e-04 amp_lr=4.55e-05
Epoch 67/300  train=0.573111 (diff=0.031317 amp=0.541794)  test=2.295488 (diff=0.019563 amp=2.275925)  diff_lr=1.78e-04 amp_lr=4.54e-05
Epoch 68/300  train=0.562678 (diff=0.031792 amp=0.530886)  test=2.724806 (diff=0.017038 amp=2.707768)  diff_lr=1.78e-04 amp_lr=4.53e-05
Epoch 69/300  train=0.558176 (diff=0.032066 amp=0.526110)  test=2.530408 (diff=0.013644 amp=2.516765)  diff_lr=1.77e-04 amp_lr=4.51e-05
Epoch 70/300  train=0.549861 (diff=0.034127 amp=0.515735)  test=2.548272 (diff=0.028854 amp=2.519418)  diff_lr=1.76e-04 amp_lr=4.50e-05
Epoch 71/300  train=0.577771 (diff=0.032326 amp=0.545445)  test=2.156526 (diff=0.011384 amp=2.145143)  diff_lr=1.76e-04 amp_lr=4.49e-05
Epoch 72/300  train=0.546781 (diff=0.032066 amp=0.514715)  test=2.197815 (diff=0.029851 amp=2.167964)  diff_lr=1.75e-04 amp_lr=4.47e-05
Epoch 73/300  train=0.560281 (diff=0.033305 amp=0.526976)  test=2.815603 (diff=0.017880 amp=2.797723)  diff_lr=1.74e-04 amp_lr=4.46e-05
Epoch 74/300  train=0.552139 (diff=0.031009 amp=0.521130)  test=2.426398 (diff=0.030104 amp=2.396294)  diff_lr=1.74e-04 amp_lr=4.44e-05
Epoch 75/300  train=0.562116 (diff=0.030108 amp=0.532008)  test=2.537088 (diff=0.020659 amp=2.516429)  diff_lr=1.73e-04 amp_lr=4.43e-05
Epoch 76/300  train=0.536841 (diff=0.033576 amp=0.503266)  test=2.198898 (diff=0.017611 amp=2.181287)  diff_lr=1.72e-04 amp_lr=4.41e-05
Epoch 77/300  train=0.544196 (diff=0.031887 amp=0.512309)  test=2.254153 (diff=0.021963 amp=2.232190)  diff_lr=1.71e-04 amp_lr=4.40e-05
Epoch 78/300  train=0.546697 (diff=0.028372 amp=0.518325)  test=2.390434 (diff=0.016515 amp=2.373919)  diff_lr=1.71e-04 amp_lr=4.38e-05
Epoch 79/300  train=0.550842 (diff=0.032370 amp=0.518472)  test=3.311804 (diff=0.024313 amp=3.287491)  diff_lr=1.70e-04 amp_lr=4.37e-05
Epoch 80/300  train=0.532381 (diff=0.032234 amp=0.500147)  test=2.688611 (diff=0.023723 amp=2.664888)  diff_lr=1.69e-04 amp_lr=4.35e-05
Epoch 81/300  train=0.544449 (diff=0.033275 amp=0.511174)  test=1.864712 (diff=0.036210 amp=1.828502)  diff_lr=1.69e-04 amp_lr=4.34e-05
Epoch 82/300  train=0.551510 (diff=0.031289 amp=0.520221)  test=2.316764 (diff=0.025808 amp=2.290956)  diff_lr=1.68e-04 amp_lr=4.32e-05
Epoch 83/300  train=0.556563 (diff=0.029476 amp=0.527087)  test=2.862131 (diff=0.032921 amp=2.829210)  diff_lr=1.67e-04 amp_lr=4.31e-05
Epoch 84/300  train=0.546452 (diff=0.030407 amp=0.516045)  test=2.867401 (diff=0.033144 amp=2.834257)  diff_lr=1.66e-04 amp_lr=4.29e-05
Epoch 85/300  train=0.559354 (diff=0.029966 amp=0.529387)  test=2.908415 (diff=0.026590 amp=2.881825)  diff_lr=1.66e-04 amp_lr=4.27e-05
Epoch 86/300  train=0.563550 (diff=0.028364 amp=0.535186)  test=2.406681 (diff=0.018486 amp=2.388195)  diff_lr=1.65e-04 amp_lr=4.26e-05
Epoch 87/300  train=0.518131 (diff=0.029588 amp=0.488543)  test=2.756358 (diff=0.024613 amp=2.731745)  diff_lr=1.64e-04 amp_lr=4.24e-05
Epoch 88/300  train=0.568218 (diff=0.030713 amp=0.537505)  test=2.603466 (diff=0.017693 amp=2.585773)  diff_lr=1.63e-04 amp_lr=4.23e-05
Epoch 89/300  train=0.536301 (diff=0.030221 amp=0.506080)  test=2.256991 (diff=0.039231 amp=2.217760)  diff_lr=1.62e-04 amp_lr=4.21e-05
Epoch 90/300  train=0.526339 (diff=0.031329 amp=0.495010)  test=2.989356 (diff=0.014463 amp=2.974893)  diff_lr=1.62e-04 amp_lr=4.19e-05
Epoch 91/300  train=0.521618 (diff=0.030777 amp=0.490841)  test=2.765533 (diff=0.029428 amp=2.736105)  diff_lr=1.61e-04 amp_lr=4.18e-05
Epoch 92/300  train=0.558526 (diff=0.030642 amp=0.527884)  test=2.134382 (diff=0.027233 amp=2.107149)  diff_lr=1.60e-04 amp_lr=4.16e-05
Epoch 93/300  train=0.522100 (diff=0.032459 amp=0.489641)  test=2.685633 (diff=0.016180 amp=2.669453)  diff_lr=1.59e-04 amp_lr=4.14e-05
Epoch 94/300  train=0.541761 (diff=0.028400 amp=0.513362)  test=2.548334 (diff=0.028807 amp=2.519527)  diff_lr=1.58e-04 amp_lr=4.12e-05
Epoch 95/300  train=0.515634 (diff=0.029780 amp=0.485854)  test=3.042404 (diff=0.025205 amp=3.017200)  diff_lr=1.58e-04 amp_lr=4.11e-05
Epoch 96/300  train=0.515739 (diff=0.030811 amp=0.484928)  test=2.007119 (diff=0.015133 amp=1.991986)  diff_lr=1.57e-04 amp_lr=4.09e-05
Epoch 97/300  train=0.550698 (diff=0.030916 amp=0.519782)  test=2.433182 (diff=0.022656 amp=2.410526)  diff_lr=1.56e-04 amp_lr=4.07e-05
Epoch 98/300  train=0.534310 (diff=0.030334 amp=0.503975)  test=2.531980 (diff=0.018985 amp=2.512994)  diff_lr=1.55e-04 amp_lr=4.05e-05
Epoch 99/300  train=0.542281 (diff=0.031213 amp=0.511068)  test=2.082848 (diff=0.019848 amp=2.063000)  diff_lr=1.54e-04 amp_lr=4.04e-05
Epoch 100/300  train=0.556693 (diff=0.030021 amp=0.526672)  test=1.810668 (diff=0.023615 amp=1.787053)  diff_lr=1.53e-04 amp_lr=4.02e-05
Epoch 101/300  train=0.512217 (diff=0.029494 amp=0.482723)  test=2.370926 (diff=0.024639 amp=2.346287)  diff_lr=1.53e-04 amp_lr=4.00e-05
Epoch 102/300  train=0.522815 (diff=0.031858 amp=0.490957)  test=2.302923 (diff=0.023738 amp=2.279184)  diff_lr=1.52e-04 amp_lr=3.98e-05
Epoch 103/300  train=0.508553 (diff=0.030268 amp=0.478284)  test=2.421360 (diff=0.017102 amp=2.404258)  diff_lr=1.51e-04 amp_lr=3.96e-05
Epoch 104/300  train=0.594604 (diff=0.031479 amp=0.563125)  test=2.228794 (diff=0.018529 amp=2.210265)  diff_lr=1.50e-04 amp_lr=3.95e-05
Epoch 105/300  train=0.506983 (diff=0.031408 amp=0.475574)  test=2.163679 (diff=0.025726 amp=2.137952)  diff_lr=1.49e-04 amp_lr=3.93e-05
Epoch 106/300  train=0.501780 (diff=0.029824 amp=0.471957)  test=2.427704 (diff=0.017173 amp=2.410531)  diff_lr=1.48e-04 amp_lr=3.91e-05
Epoch 107/300  train=0.555876 (diff=0.031510 amp=0.524366)  test=2.173519 (diff=0.025214 amp=2.148305)  diff_lr=1.47e-04 amp_lr=3.89e-05
Epoch 108/300  train=0.509789 (diff=0.031456 amp=0.478333)  test=2.113815 (diff=0.017806 amp=2.096008)  diff_lr=1.46e-04 amp_lr=3.87e-05
Epoch 109/300  train=0.526313 (diff=0.030601 amp=0.495712)  test=2.219825 (diff=0.021729 amp=2.198096)  diff_lr=1.45e-04 amp_lr=3.85e-05
Epoch 110/300  train=0.522807 (diff=0.029178 amp=0.493629)  test=2.507179 (diff=0.016114 amp=2.491065)  diff_lr=1.45e-04 amp_lr=3.83e-05
Epoch 111/300  train=0.501668 (diff=0.029660 amp=0.472008)  test=3.157966 (diff=0.017453 amp=3.140514)  diff_lr=1.44e-04 amp_lr=3.81e-05
Epoch 112/300  train=0.496528 (diff=0.032407 amp=0.464121)  test=2.494001 (diff=0.009099 amp=2.484902)  diff_lr=1.43e-04 amp_lr=3.79e-05
Epoch 113/300  train=0.520233 (diff=0.030498 amp=0.489735)  test=2.282441 (diff=0.033057 amp=2.249384)  diff_lr=1.42e-04 amp_lr=3.78e-05
Epoch 114/300  train=0.501215 (diff=0.030809 amp=0.470406)  test=2.764112 (diff=0.015241 amp=2.748871)  diff_lr=1.41e-04 amp_lr=3.76e-05
Epoch 115/300  train=0.521195 (diff=0.028286 amp=0.492909)  test=2.687538 (diff=0.027808 amp=2.659729)  diff_lr=1.40e-04 amp_lr=3.74e-05
Epoch 116/300  train=0.515730 (diff=0.029435 amp=0.486295)  test=1.943974 (diff=0.016437 amp=1.927538)  diff_lr=1.39e-04 amp_lr=3.72e-05
Epoch 117/300  train=0.498300 (diff=0.029008 amp=0.469292)  test=2.531813 (diff=0.023440 amp=2.508372)  diff_lr=1.38e-04 amp_lr=3.70e-05
Epoch 118/300  train=0.505729 (diff=0.031213 amp=0.474516)  test=2.465432 (diff=0.021355 amp=2.444077)  diff_lr=1.37e-04 amp_lr=3.68e-05
Epoch 119/300  train=0.511678 (diff=0.031742 amp=0.479936)  test=2.644659 (diff=0.014768 amp=2.629891)  diff_lr=1.36e-04 amp_lr=3.66e-05
Epoch 120/300  train=0.494774 (diff=0.028262 amp=0.466512)  test=2.486092 (diff=0.020872 amp=2.465220)  diff_lr=1.35e-04 amp_lr=3.64e-05
Epoch 121/300  train=0.519524 (diff=0.031048 amp=0.488477)  test=2.813157 (diff=0.018794 amp=2.794363)  diff_lr=1.34e-04 amp_lr=3.62e-05
Epoch 122/300  train=0.510254 (diff=0.031198 amp=0.479056)  test=2.649605 (diff=0.023165 amp=2.626440)  diff_lr=1.33e-04 amp_lr=3.60e-05
Epoch 123/300  train=0.498809 (diff=0.029797 amp=0.469012)  test=3.009369 (diff=0.029863 amp=2.979505)  diff_lr=1.32e-04 amp_lr=3.58e-05
Epoch 124/300  train=0.501348 (diff=0.030943 amp=0.470405)  test=2.794363 (diff=0.025598 amp=2.768766)  diff_lr=1.32e-04 amp_lr=3.56e-05
Epoch 125/300  train=0.477518 (diff=0.029584 amp=0.447934)  test=2.819608 (diff=0.021220 amp=2.798387)  diff_lr=1.31e-04 amp_lr=3.54e-05
Epoch 126/300  train=0.514145 (diff=0.029097 amp=0.485047)  test=2.127984 (diff=0.021717 amp=2.106267)  diff_lr=1.30e-04 amp_lr=3.52e-05
Epoch 127/300  train=0.491943 (diff=0.030144 amp=0.461799)  test=2.703095 (diff=0.015880 amp=2.687214)  diff_lr=1.29e-04 amp_lr=3.50e-05
Epoch 128/300  train=0.517436 (diff=0.030256 amp=0.487180)  test=2.297540 (diff=0.017943 amp=2.279597)  diff_lr=1.28e-04 amp_lr=3.48e-05
Epoch 129/300  train=0.505819 (diff=0.028251 amp=0.477567)  test=2.325372 (diff=0.021858 amp=2.303514)  diff_lr=1.27e-04 amp_lr=3.46e-05
Epoch 130/300  train=0.521674 (diff=0.029475 amp=0.492198)  test=2.445088 (diff=0.016076 amp=2.429012)  diff_lr=1.26e-04 amp_lr=3.44e-05
Epoch 131/300  train=0.472805 (diff=0.028517 amp=0.444288)  test=2.260812 (diff=0.030355 amp=2.230457)  diff_lr=1.25e-04 amp_lr=3.42e-05
Epoch 132/300  train=0.473164 (diff=0.028676 amp=0.444488)  test=2.561387 (diff=0.020225 amp=2.541162)  diff_lr=1.24e-04 amp_lr=3.40e-05
Epoch 133/300  train=0.518941 (diff=0.027821 amp=0.491121)  test=2.138824 (diff=0.029553 amp=2.109271)  diff_lr=1.23e-04 amp_lr=3.37e-05
Epoch 134/300  train=0.498242 (diff=0.030952 amp=0.467290)  test=2.434979 (diff=0.024161 amp=2.410818)  diff_lr=1.22e-04 amp_lr=3.35e-05
Epoch 135/300  train=0.478408 (diff=0.029377 amp=0.449031)  test=2.892492 (diff=0.032907 amp=2.859585)  diff_lr=1.21e-04 amp_lr=3.33e-05
Epoch 136/300  train=0.494672 (diff=0.028599 amp=0.466073)  test=2.066238 (diff=0.017278 amp=2.048960)  diff_lr=1.20e-04 amp_lr=3.31e-05
Epoch 137/300  train=0.506806 (diff=0.029723 amp=0.477083)  test=2.223922 (diff=0.023327 amp=2.200595)  diff_lr=1.19e-04 amp_lr=3.29e-05
Epoch 138/300  train=0.482581 (diff=0.028243 amp=0.454338)  test=2.371975 (diff=0.015992 amp=2.355982)  diff_lr=1.18e-04 amp_lr=3.27e-05
Epoch 139/300  train=0.512825 (diff=0.027594 amp=0.485232)  test=2.629047 (diff=0.018086 amp=2.610961)  diff_lr=1.17e-04 amp_lr=3.25e-05
Epoch 140/300  train=0.463898 (diff=0.029025 amp=0.434874)  test=2.427905 (diff=0.022249 amp=2.405657)  diff_lr=1.16e-04 amp_lr=3.23e-05
Epoch 141/300  train=0.501437 (diff=0.029978 amp=0.471459)  test=2.316866 (diff=0.017069 amp=2.299797)  diff_lr=1.15e-04 amp_lr=3.21e-05
Epoch 142/300  train=0.498791 (diff=0.027934 amp=0.470857)  test=2.365127 (diff=0.015379 amp=2.349748)  diff_lr=1.14e-04 amp_lr=3.19e-05
Epoch 143/300  train=0.535935 (diff=0.029478 amp=0.506457)  test=2.406432 (diff=0.023660 amp=2.382772)  diff_lr=1.13e-04 amp_lr=3.17e-05
Epoch 144/300  train=0.489983 (diff=0.029890 amp=0.460093)  test=2.619015 (diff=0.016906 amp=2.602109)  diff_lr=1.12e-04 amp_lr=3.15e-05
Epoch 145/300  train=0.507825 (diff=0.028925 amp=0.478900)  test=2.493588 (diff=0.014184 amp=2.479404)  diff_lr=1.11e-04 amp_lr=3.13e-05
Epoch 146/300  train=0.501570 (diff=0.031526 amp=0.470045)  test=2.499065 (diff=0.014010 amp=2.485055)  diff_lr=1.10e-04 amp_lr=3.10e-05
Epoch 147/300  train=0.504012 (diff=0.030133 amp=0.473879)  test=2.629474 (diff=0.013744 amp=2.615729)  diff_lr=1.09e-04 amp_lr=3.08e-05
Epoch 148/300  train=0.477358 (diff=0.029437 amp=0.447920)  test=2.536456 (diff=0.013804 amp=2.522652)  diff_lr=1.08e-04 amp_lr=3.06e-05
Epoch 149/300  train=0.487672 (diff=0.027115 amp=0.460557)  test=2.576526 (diff=0.021224 amp=2.555302)  diff_lr=1.07e-04 amp_lr=3.04e-05
Epoch 150/300  train=0.493290 (diff=0.031314 amp=0.461976)  test=2.553198 (diff=0.023708 amp=2.529490)  diff_lr=1.06e-04 amp_lr=3.02e-05
Epoch 151/300  train=0.488269 (diff=0.029009 amp=0.459260)  test=2.589269 (diff=0.026988 amp=2.562281)  diff_lr=1.05e-04 amp_lr=3.00e-05
Epoch 152/300  train=0.478965 (diff=0.026957 amp=0.452007)  test=2.672297 (diff=0.016624 amp=2.655673)  diff_lr=1.04e-04 amp_lr=2.98e-05
Epoch 153/300  train=0.506260 (diff=0.028734 amp=0.477526)  test=2.346200 (diff=0.022487 amp=2.323714)  diff_lr=1.03e-04 amp_lr=2.96e-05
Epoch 154/300  train=0.500455 (diff=0.029729 amp=0.470726)  test=2.233824 (diff=0.017976 amp=2.215847)  diff_lr=1.02e-04 amp_lr=2.94e-05
Epoch 155/300  train=0.465998 (diff=0.028752 amp=0.437246)  test=2.337227 (diff=0.013333 amp=2.323894)  diff_lr=1.01e-04 amp_lr=2.92e-05
Epoch 156/300  train=0.502905 (diff=0.028863 amp=0.474042)  test=2.834701 (diff=0.019275 amp=2.815426)  diff_lr=1.00e-04 amp_lr=2.90e-05
Epoch 157/300  train=0.489352 (diff=0.030562 amp=0.458789)  test=2.169350 (diff=0.021082 amp=2.148268)  diff_lr=9.90e-05 amp_lr=2.87e-05
Epoch 158/300  train=0.483974 (diff=0.026961 amp=0.457013)  test=2.809595 (diff=0.015758 amp=2.793837)  diff_lr=9.80e-05 amp_lr=2.85e-05
Epoch 159/300  train=0.528487 (diff=0.029654 amp=0.498834)  test=2.512828 (diff=0.027997 amp=2.484831)  diff_lr=9.71e-05 amp_lr=2.83e-05
Epoch 160/300  train=0.463723 (diff=0.026842 amp=0.436881)  test=2.792461 (diff=0.031457 amp=2.761004)  diff_lr=9.61e-05 amp_lr=2.81e-05
Epoch 161/300  train=0.486594 (diff=0.028572 amp=0.458022)  test=2.479507 (diff=0.028562 amp=2.450945)  diff_lr=9.51e-05 amp_lr=2.79e-05
Epoch 162/300  train=0.502163 (diff=0.027554 amp=0.474609)  test=2.966391 (diff=0.017733 amp=2.948658)  diff_lr=9.41e-05 amp_lr=2.77e-05
Epoch 163/300  train=0.479816 (diff=0.026051 amp=0.453765)  test=2.491413 (diff=0.023410 amp=2.468003)  diff_lr=9.31e-05 amp_lr=2.75e-05
Epoch 164/300  train=0.488219 (diff=0.029790 amp=0.458429)  test=2.601344 (diff=0.033609 amp=2.567735)  diff_lr=9.21e-05 amp_lr=2.73e-05
Epoch 165/300  train=0.474265 (diff=0.029917 amp=0.444348)  test=2.329992 (diff=0.027995 amp=2.301996)  diff_lr=9.11e-05 amp_lr=2.71e-05
Epoch 166/300  train=0.486073 (diff=0.028817 amp=0.457256)  test=2.445482 (diff=0.023324 amp=2.422158)  diff_lr=9.01e-05 amp_lr=2.69e-05
Epoch 167/300  train=0.512059 (diff=0.026984 amp=0.485075)  test=2.351234 (diff=0.022471 amp=2.328763)  diff_lr=8.92e-05 amp_lr=2.67e-05
Epoch 168/300  train=0.487903 (diff=0.028860 amp=0.459043)  test=2.512211 (diff=0.018790 amp=2.493421)  diff_lr=8.82e-05 amp_lr=2.65e-05
Epoch 169/300  train=0.505386 (diff=0.030513 amp=0.474873)  test=2.434998 (diff=0.025568 amp=2.409431)  diff_lr=8.72e-05 amp_lr=2.63e-05
Epoch 170/300  train=0.463506 (diff=0.028010 amp=0.435496)  test=2.404932 (diff=0.017333 amp=2.387599)  diff_lr=8.62e-05 amp_lr=2.60e-05
Epoch 171/300  train=0.495554 (diff=0.027902 amp=0.467652)  test=2.757461 (diff=0.011669 amp=2.745792)  diff_lr=8.52e-05 amp_lr=2.58e-05
Epoch 172/300  train=0.467576 (diff=0.028597 amp=0.438980)  test=2.811849 (diff=0.023859 amp=2.787990)  diff_lr=8.43e-05 amp_lr=2.56e-05
Epoch 173/300  train=0.469982 (diff=0.027608 amp=0.442373)  test=2.405746 (diff=0.023530 amp=2.382216)  diff_lr=8.33e-05 amp_lr=2.54e-05
Epoch 174/300  train=0.482382 (diff=0.027314 amp=0.455068)  test=2.335965 (diff=0.019613 amp=2.316353)  diff_lr=8.23e-05 amp_lr=2.52e-05
Epoch 175/300  train=0.467777 (diff=0.025861 amp=0.441916)  test=2.419193 (diff=0.022111 amp=2.397082)  diff_lr=8.14e-05 amp_lr=2.50e-05
Epoch 176/300  train=0.484489 (diff=0.027380 amp=0.457109)  test=2.694015 (diff=0.039379 amp=2.654636)  diff_lr=8.04e-05 amp_lr=2.48e-05
Epoch 177/300  train=0.462215 (diff=0.026919 amp=0.435296)  test=2.880479 (diff=0.025805 amp=2.854674)  diff_lr=7.95e-05 amp_lr=2.46e-05
Epoch 178/300  train=0.505343 (diff=0.025367 amp=0.479976)  test=2.690962 (diff=0.018237 amp=2.672726)  diff_lr=7.85e-05 amp_lr=2.44e-05
Epoch 179/300  train=0.477748 (diff=0.027817 amp=0.449931)  test=2.627083 (diff=0.024938 amp=2.602145)  diff_lr=7.75e-05 amp_lr=2.42e-05
Epoch 180/300  train=0.448168 (diff=0.027601 amp=0.420567)  test=2.388916 (diff=0.011649 amp=2.377267)  diff_lr=7.66e-05 amp_lr=2.40e-05
Epoch 181/300  train=0.456134 (diff=0.027007 amp=0.429127)  test=2.702738 (diff=0.030185 amp=2.672552)  diff_lr=7.56e-05 amp_lr=2.38e-05
Epoch 182/300  train=0.507897 (diff=0.024955 amp=0.482943)  test=2.738443 (diff=0.027831 amp=2.710612)  diff_lr=7.47e-05 amp_lr=2.36e-05
Epoch 183/300  train=0.447979 (diff=0.025955 amp=0.422024)  test=2.328435 (diff=0.008155 amp=2.320280)  diff_lr=7.38e-05 amp_lr=2.34e-05
Epoch 184/300  train=0.471048 (diff=0.026200 amp=0.444849)  test=3.033729 (diff=0.019263 amp=3.014465)  diff_lr=7.28e-05 amp_lr=2.32e-05
Epoch 185/300  train=0.473003 (diff=0.026890 amp=0.446112)  test=2.388119 (diff=0.011842 amp=2.376277)  diff_lr=7.19e-05 amp_lr=2.30e-05
Epoch 186/300  train=0.464958 (diff=0.026522 amp=0.438435)  test=2.072851 (diff=0.018385 amp=2.054466)  diff_lr=7.10e-05 amp_lr=2.28e-05
Epoch 187/300  train=0.479565 (diff=0.026888 amp=0.452677)  test=2.724804 (diff=0.012257 amp=2.712547)  diff_lr=7.00e-05 amp_lr=2.26e-05
Epoch 188/300  train=0.482249 (diff=0.026786 amp=0.455464)  test=2.367213 (diff=0.014135 amp=2.353078)  diff_lr=6.91e-05 amp_lr=2.24e-05
Epoch 189/300  train=0.495424 (diff=0.028643 amp=0.466781)  test=2.249555 (diff=0.028348 amp=2.221207)  diff_lr=6.82e-05 amp_lr=2.22e-05
Epoch 190/300  train=0.460422 (diff=0.026809 amp=0.433614)  test=2.475057 (diff=0.014651 amp=2.460406)  diff_lr=6.73e-05 amp_lr=2.21e-05
Epoch 191/300  train=0.448496 (diff=0.028024 amp=0.420472)  test=2.338417 (diff=0.021241 amp=2.317175)  diff_lr=6.64e-05 amp_lr=2.19e-05
Epoch 192/300  train=0.465696 (diff=0.026228 amp=0.439468)  test=2.423087 (diff=0.027710 amp=2.395377)  diff_lr=6.55e-05 amp_lr=2.17e-05
Epoch 193/300  train=0.495083 (diff=0.026875 amp=0.468208)  test=2.729050 (diff=0.017969 amp=2.711081)  diff_lr=6.46e-05 amp_lr=2.15e-05
Epoch 194/300  train=0.454489 (diff=0.025967 amp=0.428522)  test=2.477853 (diff=0.006206 amp=2.471647)  diff_lr=6.37e-05 amp_lr=2.13e-05
Epoch 195/300  train=0.466251 (diff=0.026448 amp=0.439803)  test=2.705551 (diff=0.014253 amp=2.691298)  diff_lr=6.28e-05 amp_lr=2.11e-05
Epoch 196/300  train=0.481077 (diff=0.026443 amp=0.454635)  test=2.579663 (diff=0.012383 amp=2.567280)  diff_lr=6.19e-05 amp_lr=2.09e-05
Epoch 197/300  train=0.484344 (diff=0.023731 amp=0.460613)  test=2.600322 (diff=0.013123 amp=2.587200)  diff_lr=6.10e-05 amp_lr=2.07e-05
Epoch 198/300  train=0.476692 (diff=0.025758 amp=0.450934)  test=2.744977 (diff=0.007221 amp=2.737756)  diff_lr=6.01e-05 amp_lr=2.05e-05
Epoch 199/300  train=0.465325 (diff=0.027256 amp=0.438068)  test=2.603861 (diff=0.014172 amp=2.589689)  diff_lr=5.92e-05 amp_lr=2.04e-05
Epoch 200/300  train=0.501773 (diff=0.026328 amp=0.475445)  test=2.648035 (diff=0.020532 amp=2.627502)  diff_lr=5.84e-05 amp_lr=2.02e-05
Epoch 201/300  train=0.466534 (diff=0.026608 amp=0.439926)  test=2.733382 (diff=0.024520 amp=2.708862)  diff_lr=5.75e-05 amp_lr=2.00e-05
Epoch 202/300  train=0.475768 (diff=0.026883 amp=0.448885)  test=2.480245 (diff=0.017465 amp=2.462779)  diff_lr=5.66e-05 amp_lr=1.98e-05
Epoch 203/300  train=0.484442 (diff=0.025223 amp=0.459219)  test=2.633212 (diff=0.018765 amp=2.614446)  diff_lr=5.58e-05 amp_lr=1.96e-05
Epoch 204/300  train=0.479227 (diff=0.025828 amp=0.453399)  test=2.721116 (diff=0.029306 amp=2.691810)  diff_lr=5.49e-05 amp_lr=1.95e-05
Epoch 205/300  train=0.487776 (diff=0.026698 amp=0.461077)  test=2.494938 (diff=0.016220 amp=2.478718)  diff_lr=5.41e-05 amp_lr=1.93e-05
Epoch 206/300  train=0.466606 (diff=0.027377 amp=0.439229)  test=2.434791 (diff=0.021343 amp=2.413448)  diff_lr=5.33e-05 amp_lr=1.91e-05
Epoch 207/300  train=0.488526 (diff=0.027098 amp=0.461428)  test=2.612171 (diff=0.016463 amp=2.595707)  diff_lr=5.24e-05 amp_lr=1.89e-05
Epoch 208/300  train=0.460927 (diff=0.025074 amp=0.435853)  test=2.546601 (diff=0.021109 amp=2.525491)  diff_lr=5.16e-05 amp_lr=1.88e-05
Epoch 209/300  train=0.455313 (diff=0.025924 amp=0.429389)  test=2.421455 (diff=0.012548 amp=2.408908)  diff_lr=5.08e-05 amp_lr=1.86e-05
Epoch 210/300  train=0.463669 (diff=0.025824 amp=0.437844)  test=2.477563 (diff=0.013647 amp=2.463916)  diff_lr=5.00e-05 amp_lr=1.84e-05
Epoch 211/300  train=0.467503 (diff=0.025519 amp=0.441985)  test=2.435892 (diff=0.018299 amp=2.417594)  diff_lr=4.92e-05 amp_lr=1.82e-05
Epoch 212/300  train=0.449612 (diff=0.024463 amp=0.425148)  test=2.451949 (diff=0.017082 amp=2.434867)  diff_lr=4.84e-05 amp_lr=1.81e-05
Epoch 213/300  train=0.484161 (diff=0.026571 amp=0.457591)  test=2.624011 (diff=0.019322 amp=2.604689)  diff_lr=4.76e-05 amp_lr=1.79e-05
Epoch 214/300  train=0.466063 (diff=0.026393 amp=0.439670)  test=2.598140 (diff=0.011291 amp=2.586849)  diff_lr=4.68e-05 amp_lr=1.77e-05
Epoch 215/300  train=0.442698 (diff=0.023919 amp=0.418779)  test=2.641297 (diff=0.006169 amp=2.635128)  diff_lr=4.60e-05 amp_lr=1.76e-05
Epoch 216/300  train=0.461808 (diff=0.026402 amp=0.435406)  test=2.387229 (diff=0.031220 amp=2.356010)  diff_lr=4.52e-05 amp_lr=1.74e-05
Epoch 217/300  train=0.513276 (diff=0.025230 amp=0.488046)  test=2.707709 (diff=0.015112 amp=2.692598)  diff_lr=4.44e-05 amp_lr=1.73e-05
Epoch 218/300  train=0.481110 (diff=0.024944 amp=0.456166)  test=2.647760 (diff=0.024075 amp=2.623685)  diff_lr=4.37e-05 amp_lr=1.71e-05
Epoch 219/300  train=0.456054 (diff=0.022665 amp=0.433388)  test=2.662379 (diff=0.023145 amp=2.639234)  diff_lr=4.29e-05 amp_lr=1.69e-05
Epoch 220/300  train=0.438193 (diff=0.024452 amp=0.413741)  test=2.474959 (diff=0.027419 amp=2.447540)  diff_lr=4.22e-05 amp_lr=1.68e-05
Epoch 221/300  train=0.488210 (diff=0.025540 amp=0.462670)  test=2.593063 (diff=0.027503 amp=2.565560)  diff_lr=4.14e-05 amp_lr=1.66e-05
Epoch 222/300  train=0.495998 (diff=0.024540 amp=0.471457)  test=2.846516 (diff=0.011926 amp=2.834590)  diff_lr=4.07e-05 amp_lr=1.65e-05
Epoch 223/300  train=0.486777 (diff=0.026968 amp=0.459809)  test=2.496514 (diff=0.022670 amp=2.473844)  diff_lr=4.00e-05 amp_lr=1.63e-05
Epoch 224/300  train=0.447450 (diff=0.026040 amp=0.421410)  test=2.503977 (diff=0.023276 amp=2.480702)  diff_lr=3.92e-05 amp_lr=1.62e-05
Epoch 225/300  train=0.439042 (diff=0.025981 amp=0.413061)  test=2.537189 (diff=0.019651 amp=2.517539)  diff_lr=3.85e-05 amp_lr=1.60e-05
Epoch 226/300  train=0.463317 (diff=0.024923 amp=0.438394)  test=2.398648 (diff=0.016170 amp=2.382478)  diff_lr=3.78e-05 amp_lr=1.59e-05
Epoch 227/300  train=0.499551 (diff=0.026134 amp=0.473417)  test=2.764850 (diff=0.016673 amp=2.748177)  diff_lr=3.71e-05 amp_lr=1.57e-05
Epoch 228/300  train=0.473105 (diff=0.026091 amp=0.447014)  test=2.689520 (diff=0.019742 amp=2.669777)  diff_lr=3.64e-05 amp_lr=1.56e-05
Epoch 229/300  train=0.467302 (diff=0.023292 amp=0.444011)  test=2.555283 (diff=0.013906 amp=2.541377)  diff_lr=3.57e-05 amp_lr=1.54e-05
Epoch 230/300  train=0.476585 (diff=0.024313 amp=0.452272)  test=2.465785 (diff=0.020033 amp=2.445752)  diff_lr=3.51e-05 amp_lr=1.53e-05
Epoch 231/300  train=0.442058 (diff=0.024840 amp=0.417218)  test=2.251060 (diff=0.028348 amp=2.222712)  diff_lr=3.44e-05 amp_lr=1.51e-05
Epoch 232/300  train=0.472721 (diff=0.023501 amp=0.449220)  test=2.488540 (diff=0.007345 amp=2.481195)  diff_lr=3.37e-05 amp_lr=1.50e-05
Epoch 233/300  train=0.459712 (diff=0.024125 amp=0.435587)  test=2.494566 (diff=0.016847 amp=2.477719)  diff_lr=3.31e-05 amp_lr=1.49e-05
Epoch 234/300  train=0.452716 (diff=0.024739 amp=0.427977)  test=2.538263 (diff=0.012573 amp=2.525691)  diff_lr=3.24e-05 amp_lr=1.47e-05
Epoch 235/300  train=0.445808 (diff=0.025505 amp=0.420303)  test=2.504622 (diff=0.015126 amp=2.489496)  diff_lr=3.18e-05 amp_lr=1.46e-05
Epoch 236/300  train=0.461030 (diff=0.025208 amp=0.435822)  test=2.473742 (diff=0.033853 amp=2.439889)  diff_lr=3.12e-05 amp_lr=1.45e-05
Epoch 237/300  train=0.448729 (diff=0.024463 amp=0.424266)  test=2.469452 (diff=0.025981 amp=2.443471)  diff_lr=3.05e-05 amp_lr=1.43e-05
Epoch 238/300  train=0.471114 (diff=0.024842 amp=0.446272)  test=2.654822 (diff=0.012586 amp=2.642237)  diff_lr=2.99e-05 amp_lr=1.42e-05
Epoch 239/300  train=0.457068 (diff=0.024460 amp=0.432608)  test=2.347427 (diff=0.019016 amp=2.328411)  diff_lr=2.93e-05 amp_lr=1.41e-05
Epoch 240/300  train=0.463106 (diff=0.025727 amp=0.437379)  test=2.587322 (diff=0.016297 amp=2.571025)  diff_lr=2.87e-05 amp_lr=1.39e-05
Epoch 241/300  train=0.443325 (diff=0.024736 amp=0.418588)  test=2.609868 (diff=0.020637 amp=2.589231)  diff_lr=2.81e-05 amp_lr=1.38e-05
Epoch 242/300  train=0.468022 (diff=0.025694 amp=0.442329)  test=2.434187 (diff=0.017709 amp=2.416479)  diff_lr=2.76e-05 amp_lr=1.37e-05
Epoch 243/300  train=0.464999 (diff=0.023799 amp=0.441200)  test=2.795845 (diff=0.023809 amp=2.772037)  diff_lr=2.70e-05 amp_lr=1.36e-05
Epoch 244/300  train=0.448896 (diff=0.024280 amp=0.424616)  test=2.368942 (diff=0.012249 amp=2.356693)  diff_lr=2.64e-05 amp_lr=1.35e-05
Epoch 245/300  train=0.453978 (diff=0.024304 amp=0.429674)  test=2.681128 (diff=0.017837 amp=2.663291)  diff_lr=2.59e-05 amp_lr=1.33e-05
Epoch 246/300  train=0.464347 (diff=0.023855 amp=0.440492)  test=2.537101 (diff=0.018683 amp=2.518417)  diff_lr=2.53e-05 amp_lr=1.32e-05
Epoch 247/300  train=0.452857 (diff=0.024726 amp=0.428131)  test=2.189257 (diff=0.013984 amp=2.175273)  diff_lr=2.48e-05 amp_lr=1.31e-05
Epoch 248/300  train=0.445164 (diff=0.027051 amp=0.418113)  test=2.433589 (diff=0.013937 amp=2.419652)  diff_lr=2.43e-05 amp_lr=1.30e-05
Epoch 249/300  train=0.438362 (diff=0.024724 amp=0.413637)  test=2.212858 (diff=0.035097 amp=2.177761)  diff_lr=2.37e-05 amp_lr=1.29e-05
Epoch 250/300  train=0.446721 (diff=0.026075 amp=0.420646)  test=2.568551 (diff=0.021319 amp=2.547232)  diff_lr=2.32e-05 amp_lr=1.28e-05
Epoch 251/300  train=0.466773 (diff=0.023478 amp=0.443295)  test=2.550025 (diff=0.021938 amp=2.528087)  diff_lr=2.27e-05 amp_lr=1.27e-05
Epoch 252/300  train=0.476496 (diff=0.022220 amp=0.454275)  test=2.366028 (diff=0.021382 amp=2.344646)  diff_lr=2.22e-05 amp_lr=1.26e-05
Epoch 253/300  train=0.478735 (diff=0.022168 amp=0.456567)  test=2.818570 (diff=0.015697 amp=2.802873)  diff_lr=2.18e-05 amp_lr=1.25e-05
Epoch 254/300  train=0.476385 (diff=0.025045 amp=0.451340)  test=2.657121 (diff=0.018077 amp=2.639043)  diff_lr=2.13e-05 amp_lr=1.24e-05
Epoch 255/300  train=0.455864 (diff=0.025019 amp=0.430845)  test=2.706373 (diff=0.019347 amp=2.687026)  diff_lr=2.08e-05 amp_lr=1.23e-05
Epoch 256/300  train=0.448005 (diff=0.023004 amp=0.425001)  test=2.654477 (diff=0.009181 amp=2.645297)  diff_lr=2.04e-05 amp_lr=1.22e-05
Epoch 257/300  train=0.466093 (diff=0.023042 amp=0.443051)  test=2.419390 (diff=0.027383 amp=2.392007)  diff_lr=1.99e-05 amp_lr=1.21e-05
Epoch 258/300  train=0.447232 (diff=0.023786 amp=0.423446)  test=2.554317 (diff=0.032112 amp=2.522205)  diff_lr=1.95e-05 amp_lr=1.20e-05
Epoch 259/300  train=0.458564 (diff=0.024095 amp=0.434470)  test=2.306510 (diff=0.025896 amp=2.280614)  diff_lr=1.90e-05 amp_lr=1.19e-05
Epoch 260/300  train=0.445261 (diff=0.023132 amp=0.422129)  test=2.808255 (diff=0.013694 amp=2.794562)  diff_lr=1.86e-05 amp_lr=1.18e-05
Epoch 261/300  train=0.458463 (diff=0.022573 amp=0.435890)  test=2.835895 (diff=0.020499 amp=2.815397)  diff_lr=1.82e-05 amp_lr=1.17e-05
Epoch 262/300  train=0.437682 (diff=0.023568 amp=0.414114)  test=2.701258 (diff=0.018027 amp=2.683231)  diff_lr=1.78e-05 amp_lr=1.16e-05
Epoch 263/300  train=0.464673 (diff=0.023897 amp=0.440776)  test=2.707703 (diff=0.013532 amp=2.694171)  diff_lr=1.74e-05 amp_lr=1.16e-05
Epoch 264/300  train=0.443343 (diff=0.023324 amp=0.420019)  test=2.505662 (diff=0.019208 amp=2.486454)  diff_lr=1.70e-05 amp_lr=1.15e-05
Epoch 265/300  train=0.450923 (diff=0.025672 amp=0.425251)  test=2.548003 (diff=0.018785 amp=2.529218)  diff_lr=1.67e-05 amp_lr=1.14e-05
Epoch 266/300  train=0.426624 (diff=0.023995 amp=0.402629)  test=2.494240 (diff=0.017809 amp=2.476431)  diff_lr=1.63e-05 amp_lr=1.13e-05
Epoch 267/300  train=0.462533 (diff=0.023189 amp=0.439343)  test=2.860125 (diff=0.012775 amp=2.847349)  diff_lr=1.60e-05 amp_lr=1.13e-05
Epoch 268/300  train=0.432562 (diff=0.024754 amp=0.407808)  test=2.537697 (diff=0.028757 amp=2.508939)  diff_lr=1.56e-05 amp_lr=1.12e-05
Epoch 269/300  train=0.446196 (diff=0.023611 amp=0.422585)  test=2.654787 (diff=0.027621 amp=2.627166)  diff_lr=1.53e-05 amp_lr=1.11e-05
Epoch 270/300  train=0.467325 (diff=0.024425 amp=0.442901)  test=2.759048 (diff=0.018645 amp=2.740404)  diff_lr=1.50e-05 amp_lr=1.10e-05
Epoch 271/300  train=0.508807 (diff=0.023449 amp=0.485359)  test=2.843320 (diff=0.015860 amp=2.827460)  diff_lr=1.46e-05 amp_lr=1.10e-05
Epoch 272/300  train=0.435427 (diff=0.023526 amp=0.411901)  test=2.524435 (diff=0.020694 amp=2.503741)  diff_lr=1.43e-05 amp_lr=1.09e-05
Epoch 273/300  train=0.448856 (diff=0.025969 amp=0.422887)  test=2.430919 (diff=0.012636 amp=2.418283)  diff_lr=1.41e-05 amp_lr=1.09e-05
Epoch 274/300  train=0.462403 (diff=0.022911 amp=0.439493)  test=2.465472 (diff=0.019358 amp=2.446114)  diff_lr=1.38e-05 amp_lr=1.08e-05
Epoch 275/300  train=0.461440 (diff=0.022478 amp=0.438961)  test=2.470721 (diff=0.015953 amp=2.454767)  diff_lr=1.35e-05 amp_lr=1.07e-05
Epoch 276/300  train=0.453703 (diff=0.022519 amp=0.431184)  test=2.478338 (diff=0.020085 amp=2.458253)  diff_lr=1.32e-05 amp_lr=1.07e-05
Epoch 277/300  train=0.475030 (diff=0.022293 amp=0.452737)  test=2.669666 (diff=0.031405 amp=2.638261)  diff_lr=1.30e-05 amp_lr=1.06e-05
Epoch 278/300  train=0.442256 (diff=0.023128 amp=0.419128)  test=2.562169 (diff=0.014702 amp=2.547467)  diff_lr=1.27e-05 amp_lr=1.06e-05
Epoch 279/300  train=0.440298 (diff=0.022547 amp=0.417751)  test=2.456414 (diff=0.014727 amp=2.441687)  diff_lr=1.25e-05 amp_lr=1.05e-05
Epoch 280/300  train=0.440942 (diff=0.023272 amp=0.417670)  test=2.528911 (diff=0.014122 amp=2.514790)  diff_lr=1.23e-05 amp_lr=1.05e-05
Epoch 281/300  train=0.450929 (diff=0.022326 amp=0.428603)  test=2.471894 (diff=0.017612 amp=2.454281)  diff_lr=1.21e-05 amp_lr=1.04e-05
Epoch 282/300  train=0.467020 (diff=0.025196 amp=0.441824)  test=2.458991 (diff=0.023567 amp=2.435424)  diff_lr=1.19e-05 amp_lr=1.04e-05
Epoch 283/300  train=0.435159 (diff=0.023412 amp=0.411747)  test=2.577908 (diff=0.012599 amp=2.565309)  diff_lr=1.17e-05 amp_lr=1.04e-05
Epoch 284/300  train=0.468927 (diff=0.023444 amp=0.445483)  test=2.434797 (diff=0.013007 amp=2.421790)  diff_lr=1.15e-05 amp_lr=1.03e-05
Epoch 285/300  train=0.476070 (diff=0.025180 amp=0.450889)  test=2.704277 (diff=0.027127 amp=2.677150)  diff_lr=1.13e-05 amp_lr=1.03e-05
Epoch 286/300  train=0.438556 (diff=0.023390 amp=0.415166)  test=2.714808 (diff=0.015593 amp=2.699214)  diff_lr=1.12e-05 amp_lr=1.02e-05
Epoch 287/300  train=0.450579 (diff=0.022565 amp=0.428015)  test=2.548743 (diff=0.018577 amp=2.530167)  diff_lr=1.10e-05 amp_lr=1.02e-05
Epoch 288/300  train=0.449950 (diff=0.024517 amp=0.425432)  test=2.482476 (diff=0.027754 amp=2.454721)  diff_lr=1.09e-05 amp_lr=1.02e-05
Epoch 289/300  train=0.457575 (diff=0.023707 amp=0.433868)  test=2.406281 (diff=0.018230 amp=2.388052)  diff_lr=1.07e-05 amp_lr=1.02e-05
Epoch 290/300  train=0.429045 (diff=0.023829 amp=0.405216)  test=2.469149 (diff=0.016972 amp=2.452177)  diff_lr=1.06e-05 amp_lr=1.01e-05
Epoch 291/300  train=0.424503 (diff=0.024125 amp=0.400378)  test=2.485915 (diff=0.018606 amp=2.467309)  diff_lr=1.05e-05 amp_lr=1.01e-05
Epoch 292/300  train=0.445686 (diff=0.022707 amp=0.422979)  test=2.495105 (diff=0.014131 amp=2.480974)  diff_lr=1.04e-05 amp_lr=1.01e-05
Epoch 293/300  train=0.447302 (diff=0.022998 amp=0.424304)  test=2.804322 (diff=0.013707 amp=2.790614)  diff_lr=1.03e-05 amp_lr=1.01e-05
Epoch 294/300  train=0.448094 (diff=0.024928 amp=0.423165)  test=2.576708 (diff=0.013771 amp=2.562937)  diff_lr=1.03e-05 amp_lr=1.01e-05
Epoch 295/300  train=0.456834 (diff=0.024655 amp=0.432179)  test=2.575024 (diff=0.017862 amp=2.557162)  diff_lr=1.02e-05 amp_lr=1.00e-05
Epoch 296/300  train=0.429395 (diff=0.024051 amp=0.405344)  test=2.576109 (diff=0.012003 amp=2.564106)  diff_lr=1.01e-05 amp_lr=1.00e-05
Epoch 297/300  train=0.440849 (diff=0.023566 amp=0.417283)  test=2.510286 (diff=0.023815 amp=2.486472)  diff_lr=1.01e-05 amp_lr=1.00e-05
Epoch 298/300  train=0.451335 (diff=0.025787 amp=0.425548)  test=2.608443 (diff=0.017830 amp=2.590613)  diff_lr=1.00e-05 amp_lr=1.00e-05
Epoch 299/300  train=0.446461 (diff=0.022969 amp=0.423492)  test=2.674314 (diff=0.019819 amp=2.654495)  diff_lr=1.00e-05 amp_lr=1.00e-05
Epoch 300/300  train=0.446876 (diff=0.022201 amp=0.424674)  test=2.609947 (diff=0.017625 amp=2.592321)  diff_lr=1.00e-05 amp_lr=1.00e-05

Training complete.

==========================================
exp052: Training complete at: Mon Mar 30 14:42:05     2026
Starting evaluation...
==========================================
C:\lxr\study\final\src\model\diffusion.py:434: UserWarning: enable_nested_tensor is True, but self.use_nested_tensor is False because encoder_layer.norm_first was True
  self.attn = nn.TransformerEncoder(attn_layer, num_layers=n_attn_layers)
C:\lxr\study\final\src\model\evaluate.py:207: FutureWarning: `torch.cuda.amp.autocast(args...)` is deprecated. Please use `torch.amp.autocast('cuda', args...)` instead.
  autocast_ctx = torch.cuda.amp.autocast() if device.type == "cuda" else torch.inference_mode()
Device: cuda
Test tracks: 30

--- Evaluating Baseline ---
{
  "baseline_rpa": {
    "mean": 0.9445869681158983,
    "std": 0.03878122170824569,
    "min": 0.7956131605184447,
    "max": 0.9896858884200657
  },
  "baseline_f0_mae": {
    "mean": 34.05123475392659,
    "std": 50.31242604080701,
    "min": 14.571198463439941,
    "max": 278.82073974609375
  },
  "baseline_amp_corr": {
    "mean": 0.746201465827056,
    "std": 0.11316425982899686,
    "min": 0.5764140945255121,
    "max": 0.9353485301846435
  },
  "baseline_amp_rmse_log": {
    "mean": 0.837400229771932,
    "std": 0.4897323816360537,
    "min": 0.4061357378959656,
    "max": 2.9984285831451416
  },
  "baseline_vde_mean": {
    "mean": 11.481504429772894,
    "std": 7.209296107203445,
    "min": 1.594020405024407,
    "max": 34.72117302540664
  },
  "baseline_vre_mean": {
    "mean": 0.8443864927825604,
    "std": 0.31131508271530967,
    "min": 0.0,
    "max": 1.8167100062409574
  },
  "baseline_n_vibrato_notes": {
    "mean": 58.46666666666667,
    "std": 56.164480669626855,
    "min": 2.0,
    "max": 185.0
  }
}

--- Evaluating Diffusion ---
Loaded baseline from experiments/checkpoints/exp052\baseline_best.pt
Loaded AmpPredictor (hidden=256, gru_hidden=128, layers=2, dropout=0.3, f0_conditioned=False, use_attention=True, n_attn_heads=4, n_attn_layers=2, instrument_conditioned=False, note_position_conditioned=False, velocity_conditioned=False, condition_dropout=0.0) from experiments/checkpoints/exp052\amp_predictor_best.pt
  Track 1: truncated 13092 -> 8192 frames (4900 dropped)
  Track 2: truncated 13092 -> 8192 frames (4900 dropped)
  Track 3: truncated 22520 -> 8192 frames (14328 dropped)
  Track 4: truncated 22520 -> 8192 frames (14328 dropped)
  Track 5: truncated 22520 -> 8192 frames (14328 dropped)
  Track 6: truncated 22520 -> 8192 frames (14328 dropped)
  Track 7: truncated 13092 -> 8192 frames (4900 dropped)
  Track 8: truncated 22520 -> 8192 frames (14328 dropped)
  Track 27: truncated 19106 -> 8192 frames (10914 dropped)
{
  "diffusion_rpa_mean": {
    "mean": 0.6240894311396923,
    "std": 0.12851444453168903,
    "min": 0.34559125085440867,
    "max": 0.8683976608187134
  },
  "diffusion_rpa_oracle": {
    "mean": 0.9174578252363746,
    "std": 0.05713883348999281,
    "min": 0.7358168147641831,
    "max": 0.9920411985018727
  },
  "diffusion_f0_mae_mean": {
    "mean": 73.17080549875895,
    "std": 52.04596838605997,
    "min": 29.09632797241211,
    "max": 328.785791015625
  },
  "diffusion_f0_mae_oracle": {
    "mean": 35.830105209350585,
    "std": 47.504970591783824,
    "min": 13.960957527160645,
    "max": 284.0897521972656
  },
  "diffusion_amp_corr_mean": {
    "mean": 0.7600838851509639,
    "std": 0.10811785186060811,
    "min": 0.5905442220922205,
    "max": 0.9318708029045155
  },
  "diffusion_amp_corr_oracle": {
    "mean": 0.7600838851509638,
    "std": 0.1081178518606081,
    "min": 0.5905442220922205,
    "max": 0.9318708029045154
  },
  "diffusion_amp_rmse_log_mean": {
    "mean": 0.8923040529092153,
    "std": 0.4053246685419121,
    "min": 0.43613842129707336,
    "max": 2.3432273864746094
  },
  "diffusion_amp_rmse_log_oracle": {
    "mean": 0.8923040529092153,
    "std": 0.4053246685419121,
    "min": 0.43613842129707336,
    "max": 2.3432273864746094
  },
  "diffusion_vde_mean_avg": {
    "mean": 19.234215624052982,
    "std": 9.258333334679696,
    "min": 1.4900762546339312,
    "max": 35.85465808017862
  },
  "diffusion_vde_mean_oracle": {
    "mean": 10.377075504856526,
    "std": 6.652058083300121,
    "min": 1.0490843341220675,
    "max": 32.89772047814603
  },
  "diffusion_vre_mean_avg": {
    "mean": 0.8207430037709865,
    "std": 0.31585108833021475,
    "min": 0.0,
    "max": 1.5516180982708296
  },
  "diffusion_vre_mean_oracle": {
    "mean": 0.8378656369133556,
    "std": 0.3161647843965491,
    "min": 0.0,
    "max": 1.4095913007544696
  },
  "diffusion_f0_diversity_cents": {
    "mean": 68.02927697499594,
    "std": 23.285051520713,
    "min": 31.8730525970459,
    "max": 113.73884582519531
  },
  "diffusion_amp_diversity": {
    "mean": 3.165688181501943e-10,
    "std": 3.47370344275812e-10,
    "min": 7.062794793455396e-11,
    "max": 1.2647278779809312e-09
  },
  "diffusion_n_vibrato_notes": {
    "mean": 34.0,
    "std": 17.410724664221572,
    "min": 2.0,
    "max": 71.0
  }
}

Results saved to experiments/results/exp052.json

==========================================
exp052: All done at: Mon Mar 30 14:50:21     2026
Results: experiments/results/exp052.json
==========================================
[Training] Finished with exit code: 0
[Worker] Logging results...
The log has been updated. The "当前最佳" does NOT need updating since exp052 did not beat any previous best.

Here's a summary of the exp052 results:

## exp052 Results: Global Statistics 12-dim — ❌ Failed

**Key metrics:**
- **Baseline Amp Corr**: 0.746 (overall, 30 tracks) — well below target of 0.80-0.82
- **Common 9 URMP tracks**: 0.890 (exp033) → 0.878 (exp052), **delta = -0.012** (actually worse)
- **f0 RPA**: 94.46% baseline, 91.75% diffusion oracle — f0 generally OK
- **Diffusion f0 diversity**: 68.03 cents — healthy

**Why it failed:**
1. The 5 global statistics (mean_pitch, pitch_range, mean_velocity, note_density, mean_duration) are **constant per track** — every frame has the exact same values. The GRU likely treats these as constant biases and ignores them.
2. Adding 5 redundant dimensions (12 vs 7) may have interfered with encoder training.
3. Stage 2 AmpPredictor was extremely unstable — best at epoch 11 out of 300, with test amp loss oscillating wildly (1.4 → 3.8).

**Status**: 34 attempts to improve Amp Corr without instrument embedding, all failed. The 0.79 ceiling without instrument ID appears to be real. The supervisor will decide the next direction.
[Supervisor] Reviewing results...
The plan is written. Let me print the status summary:

---

## Supervisor Review Summary — Round 67

### Experiment Reviewed: exp052 (Global Statistics 12-dim)
- **Verdict**: ❌ FAILED — Global stats hurt performance
- **Baseline Amp Corr**: 0.746 (30 tracks) / 0.878 (9 common URMP tracks vs exp033's 0.890 = **-0.012**)
- **Root cause**: 5 constant-per-frame global features ignored by GRU, and 12-dim input degraded encoder learning of core 7-dim features
- **Stage 2 training unstable**: Best at epoch 11/300, then loss spiked to 3.8

### Critical Issues Found (3)
1. **[C1] encoder.py input_dim=12 must revert to 7** — breaks all exp033-based experiments
2. **[C2] dataset.py 12-dim features must revert to 7** — shape mismatch with exp033 checkpoints
3. **[C3] TCNAmpPredictor.forward() missing kwargs** — will TypeError when called from train.py/evaluate.py (needs `**kwargs`)

### Next Plan: exp053 — TCN-based AmpPredictor
- **Key insight**: `TCNAmpPredictor` (WaveNet-style dilated CNN) is **already fully implemented** in diffusion.py, train.py, and evaluate.py — but has **never been tested in any experiment**!
- **Architecture change**: GRU+Attention → Dilated Conv stack (8 layers, dilations 1→128)
- **Why this might work**: Multi-scale parallel temporal modeling vs sequential GRU; better for smooth amplitude envelopes
- **Cost**: Fix 3 bugs, create config, train ~30 min
- **Expected**: 0.78-0.82 Amp Corr

### Progress Toward Goal
| Target | Current Best | Gap | Status |
|--------|-------------|-----|--------|
| f0 RPA > 85% | 95.82% | ✅ Done | Complete |
| Amp Corr > 0.90 | 0.807 (w/inst) / 0.789 (no inst) | -0.093/-0.111 | **35th attempt next** |
| f0 MAE < 20 | 23.44 | -3.44 | Deferred |
| VDE < 6.0 | 7.22 | -1.22 | Deferred |

**Biggest bottleneck**: Amp Corr — 34 attempts all GRU-based, never tested the already-implemented TCN architecture. This is the most promising unexplored direction.
[Backup] Saving source code to experiments/checkpoints/exp052/src_backup...

Round 65 complete. Check experiments/log.md for results.

========================================
  Round 66 / 20
========================================
[Worker] Preparing experiment...
Everything is in order. Here's a summary of what was prepared:

---

## Summary: exp053 — TCN AmpPredictor

### Bug Fixes Applied (3 critical)
1. **[C1] encoder.py**: Reverted `input_dim` from 12 → 7 (was changed for exp052's 12-dim global stats)
2. **[C2] dataset.py**: Reverted `notes_to_frame_features()` to return 7-dim features (removed global statistics features 7-11)
3. **[C3] diffusion.py**: Added `**kwargs` to `TCNAmpPredictor.forward()` to absorb `instrument_id`, `note_position`, `velocity` kwargs that train.py and evaluate.py pass

### Experiment Config
- **File**: `experiments/configs/exp053.yaml`
- **Architecture**: WaveNet-style dilated CNN (`TCNAmpPredictor`) — 256 channels, 8 layers (dilations 1→128), kernel=3, ~1.65M params
- **Frozen components**: exp033 encoder + exp034 diffusion (only training TCN AmpPredictor)
- **Loss/optimizer**: Same as exp045 (amp_corr_weight=0.3, amp_grad_weight=0.2, lr=5e-5)
- **Data**: URMP + Bach10 (173 tracks), same as exp045 for fair comparison

### Training Script
- **File**: `experiments/next_train_cmd.sh`
- Runs stage 2 training (~30 min expected) then evaluation
- No GPU memory overrides (respects existing `set_per_process_memory_fraction(0.85)`)

### Verification
- exp033 checkpoint loads correctly with 7-dim encoder ✓
- TCNAmpPredictor instantiates with 1,645,057 params ✓
- Forward pass with `**kwargs` (instrument_id, note_position, velocity) works ✓
[Training] Executing training script...
==========================================
exp053: TCN AmpPredictor (dilated CNN)
Training started at: Mon Mar 30 15:10:50     2026
==========================================
Device: cuda
Config: {
  "data_dir": "C:\\lxr\\study\\final\\datagen\\solo\\URMP",
  "bach10_dir": "C:\\lxr\\study\\final\\datagen\\solo\\Bach10",
  "phenicx_dir": "C:\\lxr\\study\\final\\datagen\\solo\\PHENICX",
  "trios_dir": "C:\\lxr\\study\\final\\datagen\\solo\\TRIOS",
  "output_dir": "experiments/checkpoints/exp053",
  "instruments": [
    "vn",
    "va",
    "vc",
    "fl",
    "ob",
    "cl",
    "sax",
    "tpt",
    "tbn",
    "bn"
  ],
  "crop_len": 512,
  "seed": 42,
  "stage1": {
    "batch_size": 32,
    "lr": 0.001,
    "epochs": 100,
    "lam": 1.0,
    "patience": 15,
    "lr_patience": 5,
    "lr_factor": 0.5,
    "dropout": 0.3
  },
  "stage2": {
    "batch_size": 16,
    "lr": 0.0002,
    "epochs": 300,
    "ema_decay": 0.995,
    "n_diffusion_steps": 1000,
    "samples_per_epoch": 1860,
    "lr_min": 1e-05,
    "n_channels": 1,
    "amp_type": "tcn",
    "tcn_channels": 256,
    "tcn_layers": 8,
    "tcn_kernel_size": 3,
    "amp_dropout": 0.2,
    "amp_corr_weight": 0.3,
    "amp_grad_weight": 0.2,
    "amp_lr": 5e-05,
    "amp_weight_decay": 0.0001,
    "amp_augment": true,
    "amp_augment_scale": 0.2,
    "amp_augment_jitter": 0.05,
    "freeze_diffusion": true,
    "diffusion_checkpoint": "experiments/checkpoints/exp034/diffusion_best_ema.pt",
    "amp_instrument_conditioned": false
  },
  "stage3": {
    "batch_size": 16,
    "lr": 0.0002,
    "epochs": 200,
    "ema_decay": 0.995,
    "n_diffusion_steps": 1000,
    "samples_per_epoch": null
  },
  "save_every": 10,
  "baseline_checkpoint": "experiments/checkpoints/exp033/baseline_best.pt"
}
Loaded baseline from experiments/checkpoints/exp033/baseline_best.pt

============================================================
Stage 2: Training 1ch Diffusion (f0) + AmpPredictor
============================================================
Train: 153 tracks, samples_per_epoch=1860
Amp log stats: mean=-4.6780, std=1.5514
Diffusion n_channels=1
Loaded pre-trained diffusion from experiments/checkpoints/exp034/diffusion_best_ema.pt
Diffusion FROZEN �� only training AmpPredictor
TCNAmpPredictor (channels=256, layers=8, kernel=3, dropout=0.2)
AmpPredictor optimizer: lr=5e-05, weight_decay=0.0001
Using CosineAnnealingLR (amp): lr 5e-05 -> 1e-05 over 300 epochs
Amplitude augmentation ENABLED: scale=0.2, jitter=0.05
Epoch 1/300  train=12.615917 (diff=0.032424 amp=12.615917)  test=5.134031 (diff=0.033119 amp=5.100911)  diff_lr=0.00e+00 amp_lr=5.00e-05
  -> New best test_loss=5.134031
  -> New best test_amp_loss=5.100911, saved amp_predictor
Epoch 2/300  train=2.049836 (diff=0.033005 amp=2.049836)  test=7.346180 (diff=0.026189 amp=7.319991)  diff_lr=0.00e+00 amp_lr=5.00e-05
Epoch 3/300  train=1.586231 (diff=0.030789 amp=1.586231)  test=2.231476 (diff=0.020072 amp=2.211404)  diff_lr=0.00e+00 amp_lr=5.00e-05
  -> New best test_loss=2.231476
  -> New best test_amp_loss=2.211404, saved amp_predictor
Epoch 4/300  train=1.455806 (diff=0.032171 amp=1.455806)  test=3.194374 (diff=0.015738 amp=3.178636)  diff_lr=0.00e+00 amp_lr=5.00e-05
Epoch 5/300  train=1.272989 (diff=0.032983 amp=1.272989)  test=1.890294 (diff=0.020650 amp=1.869644)  diff_lr=0.00e+00 amp_lr=5.00e-05
  -> New best test_loss=1.890294
  -> New best test_amp_loss=1.869644, saved amp_predictor
Epoch 6/300  train=1.235035 (diff=0.031363 amp=1.235035)  test=2.152710 (diff=0.011645 amp=2.141065)  diff_lr=0.00e+00 amp_lr=5.00e-05
Epoch 7/300  train=1.100499 (diff=0.030685 amp=1.100499)  test=1.903911 (diff=0.028026 amp=1.875884)  diff_lr=0.00e+00 amp_lr=5.00e-05
Epoch 8/300  train=1.104593 (diff=0.031102 amp=1.104593)  test=2.697550 (diff=0.023099 amp=2.674451)  diff_lr=0.00e+00 amp_lr=4.99e-05
Epoch 9/300  train=1.067434 (diff=0.031892 amp=1.067434)  test=2.235660 (diff=0.029951 amp=2.205709)  diff_lr=0.00e+00 amp_lr=4.99e-05
Epoch 10/300  train=1.058308 (diff=0.028867 amp=1.058308)  test=2.199069 (diff=0.021394 amp=2.177675)  diff_lr=0.00e+00 amp_lr=4.99e-05
Epoch 11/300  train=1.042297 (diff=0.030425 amp=1.042297)  test=2.458726 (diff=0.027984 amp=2.430742)  diff_lr=0.00e+00 amp_lr=4.99e-05
Epoch 12/300  train=0.985118 (diff=0.032254 amp=0.985118)  test=2.171698 (diff=0.037045 amp=2.134653)  diff_lr=0.00e+00 amp_lr=4.99e-05
Epoch 13/300  train=0.971641 (diff=0.031724 amp=0.971641)  test=2.062488 (diff=0.044598 amp=2.017891)  diff_lr=0.00e+00 amp_lr=4.98e-05
Epoch 14/300  train=0.975703 (diff=0.032710 amp=0.975703)  test=1.876123 (diff=0.017406 amp=1.858717)  diff_lr=0.00e+00 amp_lr=4.98e-05
  -> New best test_loss=1.876123
  -> New best test_amp_loss=1.858717, saved amp_predictor
Epoch 15/300  train=0.965142 (diff=0.030430 amp=0.965142)  test=1.892057 (diff=0.029530 amp=1.862527)  diff_lr=0.00e+00 amp_lr=4.98e-05
Epoch 16/300  train=0.893519 (diff=0.030912 amp=0.893519)  test=2.041883 (diff=0.021764 amp=2.020119)  diff_lr=0.00e+00 amp_lr=4.98e-05
Epoch 17/300  train=0.910539 (diff=0.032311 amp=0.910539)  test=1.996475 (diff=0.022227 amp=1.974248)  diff_lr=0.00e+00 amp_lr=4.97e-05
Epoch 18/300  train=0.879055 (diff=0.030434 amp=0.879055)  test=2.464003 (diff=0.015816 amp=2.448187)  diff_lr=0.00e+00 amp_lr=4.97e-05
Epoch 19/300  train=0.946321 (diff=0.031302 amp=0.946321)  test=1.950994 (diff=0.021418 amp=1.929576)  diff_lr=0.00e+00 amp_lr=4.96e-05
Epoch 20/300  train=0.849724 (diff=0.032311 amp=0.849724)  test=1.984070 (diff=0.013398 amp=1.970672)  diff_lr=0.00e+00 amp_lr=4.96e-05
Epoch 21/300  train=0.844818 (diff=0.030684 amp=0.844818)  test=2.176031 (diff=0.017722 amp=2.158309)  diff_lr=0.00e+00 amp_lr=4.96e-05
Epoch 22/300  train=0.832744 (diff=0.032039 amp=0.832744)  test=1.988275 (diff=0.047007 amp=1.941268)  diff_lr=0.00e+00 amp_lr=4.95e-05
Epoch 23/300  train=0.857236 (diff=0.030376 amp=0.857236)  test=1.974848 (diff=0.021360 amp=1.953488)  diff_lr=0.00e+00 amp_lr=4.95e-05
Epoch 24/300  train=0.825721 (diff=0.031981 amp=0.825721)  test=1.975554 (diff=0.027750 amp=1.947803)  diff_lr=0.00e+00 amp_lr=4.94e-05
Epoch 25/300  train=0.870101 (diff=0.030326 amp=0.870101)  test=1.945765 (diff=0.022326 amp=1.923438)  diff_lr=0.00e+00 amp_lr=4.94e-05
Epoch 26/300  train=0.835895 (diff=0.030317 amp=0.835895)  test=1.881350 (diff=0.024456 amp=1.856894)  diff_lr=0.00e+00 amp_lr=4.93e-05
  -> New best test_amp_loss=1.856894, saved amp_predictor
Epoch 27/300  train=0.835752 (diff=0.032077 amp=0.835752)  test=1.936119 (diff=0.021169 amp=1.914950)  diff_lr=0.00e+00 amp_lr=4.93e-05
Epoch 28/300  train=0.778140 (diff=0.032151 amp=0.778140)  test=2.080848 (diff=0.013515 amp=2.067332)  diff_lr=0.00e+00 amp_lr=4.92e-05
Epoch 29/300  train=0.793063 (diff=0.030075 amp=0.793063)  test=2.568447 (diff=0.013352 amp=2.555095)  diff_lr=0.00e+00 amp_lr=4.91e-05
Epoch 30/300  train=0.781864 (diff=0.030773 amp=0.781864)  test=1.859201 (diff=0.026826 amp=1.832375)  diff_lr=0.00e+00 amp_lr=4.91e-05
  -> New best test_loss=1.859201
  -> New best test_amp_loss=1.832375, saved amp_predictor
Epoch 31/300  train=0.796678 (diff=0.030399 amp=0.796678)  test=1.858155 (diff=0.019702 amp=1.838453)  diff_lr=0.00e+00 amp_lr=4.90e-05
  -> New best test_loss=1.858155
Epoch 32/300  train=0.822210 (diff=0.031000 amp=0.822210)  test=2.005373 (diff=0.020835 amp=1.984538)  diff_lr=0.00e+00 amp_lr=4.90e-05
Epoch 33/300  train=0.787501 (diff=0.031564 amp=0.787501)  test=1.955602 (diff=0.022356 amp=1.933247)  diff_lr=0.00e+00 amp_lr=4.89e-05
Epoch 34/300  train=0.788760 (diff=0.032481 amp=0.788760)  test=1.952407 (diff=0.024611 amp=1.927796)  diff_lr=0.00e+00 amp_lr=4.88e-05
Epoch 35/300  train=0.763619 (diff=0.031340 amp=0.763619)  test=2.371789 (diff=0.016398 amp=2.355391)  diff_lr=0.00e+00 amp_lr=4.87e-05
Epoch 36/300  train=0.763819 (diff=0.033643 amp=0.763819)  test=2.103036 (diff=0.016853 amp=2.086183)  diff_lr=0.00e+00 amp_lr=4.87e-05
Epoch 37/300  train=0.756579 (diff=0.033416 amp=0.756579)  test=2.091191 (diff=0.019796 amp=2.071395)  diff_lr=0.00e+00 amp_lr=4.86e-05
Epoch 38/300  train=0.760120 (diff=0.031017 amp=0.760120)  test=1.931425 (diff=0.017561 amp=1.913863)  diff_lr=0.00e+00 amp_lr=4.85e-05
Epoch 39/300  train=0.757765 (diff=0.030561 amp=0.757765)  test=1.926297 (diff=0.025040 amp=1.901257)  diff_lr=0.00e+00 amp_lr=4.84e-05
Epoch 40/300  train=0.773798 (diff=0.032483 amp=0.773798)  test=2.071819 (diff=0.014728 amp=2.057091)  diff_lr=0.00e+00 amp_lr=4.84e-05
Epoch 41/300  train=0.740440 (diff=0.030214 amp=0.740440)  test=2.003494 (diff=0.013914 amp=1.989581)  diff_lr=0.00e+00 amp_lr=4.83e-05
Epoch 42/300  train=0.771280 (diff=0.029933 amp=0.771280)  test=1.902430 (diff=0.025588 amp=1.876842)  diff_lr=0.00e+00 amp_lr=4.82e-05
Epoch 43/300  train=0.759125 (diff=0.031398 amp=0.759125)  test=1.871624 (diff=0.014351 amp=1.857274)  diff_lr=0.00e+00 amp_lr=4.81e-05
Epoch 44/300  train=0.721841 (diff=0.030013 amp=0.721841)  test=1.915548 (diff=0.031284 amp=1.884264)  diff_lr=0.00e+00 amp_lr=4.80e-05
Epoch 45/300  train=0.714789 (diff=0.031011 amp=0.714789)  test=1.969783 (diff=0.026953 amp=1.942830)  diff_lr=0.00e+00 amp_lr=4.79e-05
Epoch 46/300  train=0.764488 (diff=0.031814 amp=0.764488)  test=1.922205 (diff=0.018883 amp=1.903322)  diff_lr=0.00e+00 amp_lr=4.78e-05
Epoch 47/300  train=0.718062 (diff=0.031647 amp=0.718062)  test=2.020647 (diff=0.018351 amp=2.002295)  diff_lr=0.00e+00 amp_lr=4.77e-05
Epoch 48/300  train=0.731622 (diff=0.032450 amp=0.731622)  test=1.832123 (diff=0.010559 amp=1.821564)  diff_lr=0.00e+00 amp_lr=4.76e-05
  -> New best test_loss=1.832123
  -> New best test_amp_loss=1.821564, saved amp_predictor
Epoch 49/300  train=0.752712 (diff=0.031495 amp=0.752712)  test=2.081393 (diff=0.021209 amp=2.060184)  diff_lr=0.00e+00 amp_lr=4.75e-05
Epoch 50/300  train=0.726660 (diff=0.031721 amp=0.726660)  test=1.852864 (diff=0.016742 amp=1.836122)  diff_lr=0.00e+00 amp_lr=4.74e-05
Epoch 51/300  train=0.694036 (diff=0.033186 amp=0.694036)  test=1.838074 (diff=0.019704 amp=1.818370)  diff_lr=0.00e+00 amp_lr=4.73e-05
  -> New best test_amp_loss=1.818370, saved amp_predictor
Epoch 52/300  train=0.716928 (diff=0.031352 amp=0.716928)  test=1.847050 (diff=0.022248 amp=1.824802)  diff_lr=0.00e+00 amp_lr=4.72e-05
Epoch 53/300  train=0.761967 (diff=0.031758 amp=0.761967)  test=1.895435 (diff=0.023762 amp=1.871673)  diff_lr=0.00e+00 amp_lr=4.71e-05
Epoch 54/300  train=0.692885 (diff=0.030398 amp=0.692885)  test=1.825287 (diff=0.020821 amp=1.804466)  diff_lr=0.00e+00 amp_lr=4.70e-05
  -> New best test_loss=1.825287
  -> New best test_amp_loss=1.804466, saved amp_predictor
Epoch 55/300  train=0.735713 (diff=0.032611 amp=0.735713)  test=1.853154 (diff=0.018125 amp=1.835030)  diff_lr=0.00e+00 amp_lr=4.69e-05
Epoch 56/300  train=0.744543 (diff=0.031198 amp=0.744543)  test=1.850868 (diff=0.027243 amp=1.823625)  diff_lr=0.00e+00 amp_lr=4.68e-05
Epoch 57/300  train=0.731502 (diff=0.031515 amp=0.731502)  test=1.981576 (diff=0.019160 amp=1.962416)  diff_lr=0.00e+00 amp_lr=4.67e-05
Epoch 58/300  train=0.695873 (diff=0.030740 amp=0.695873)  test=2.386253 (diff=0.022026 amp=2.364228)  diff_lr=0.00e+00 amp_lr=4.65e-05
Epoch 59/300  train=0.710412 (diff=0.032345 amp=0.710412)  test=2.072726 (diff=0.038874 amp=2.033852)  diff_lr=0.00e+00 amp_lr=4.64e-05
Epoch 60/300  train=0.655845 (diff=0.030414 amp=0.655845)  test=1.817831 (diff=0.011073 amp=1.806758)  diff_lr=0.00e+00 amp_lr=4.63e-05
  -> New best test_loss=1.817831
Epoch 61/300  train=0.735488 (diff=0.032278 amp=0.735488)  test=1.926994 (diff=0.021193 amp=1.905801)  diff_lr=0.00e+00 amp_lr=4.62e-05
Epoch 62/300  train=0.684865 (diff=0.033630 amp=0.684865)  test=2.116430 (diff=0.017250 amp=2.099180)  diff_lr=0.00e+00 amp_lr=4.61e-05
Epoch 63/300  train=0.712574 (diff=0.031581 amp=0.712574)  test=1.861532 (diff=0.020626 amp=1.840906)  diff_lr=0.00e+00 amp_lr=4.59e-05
Epoch 64/300  train=0.636409 (diff=0.030443 amp=0.636409)  test=1.835241 (diff=0.020380 amp=1.814861)  diff_lr=0.00e+00 amp_lr=4.58e-05
Epoch 65/300  train=0.716369 (diff=0.030150 amp=0.716369)  test=2.196377 (diff=0.022158 amp=2.174220)  diff_lr=0.00e+00 amp_lr=4.57e-05
Epoch 66/300  train=0.694349 (diff=0.032336 amp=0.694349)  test=1.833378 (diff=0.014639 amp=1.818739)  diff_lr=0.00e+00 amp_lr=4.55e-05
Epoch 67/300  train=0.662309 (diff=0.033633 amp=0.662309)  test=1.887212 (diff=0.022570 amp=1.864642)  diff_lr=0.00e+00 amp_lr=4.54e-05
Epoch 68/300  train=0.676795 (diff=0.032864 amp=0.676795)  test=1.826768 (diff=0.015083 amp=1.811685)  diff_lr=0.00e+00 amp_lr=4.53e-05
Epoch 69/300  train=0.672299 (diff=0.031659 amp=0.672299)  test=1.936320 (diff=0.024919 amp=1.911401)  diff_lr=0.00e+00 amp_lr=4.51e-05
Epoch 70/300  train=0.694080 (diff=0.030148 amp=0.694080)  test=1.828319 (diff=0.025722 amp=1.802597)  diff_lr=0.00e+00 amp_lr=4.50e-05
  -> New best test_amp_loss=1.802597, saved amp_predictor
Epoch 71/300  train=0.691692 (diff=0.032564 amp=0.691692)  test=1.911180 (diff=0.013145 amp=1.898035)  diff_lr=0.00e+00 amp_lr=4.49e-05
Epoch 72/300  train=0.727783 (diff=0.029915 amp=0.727783)  test=1.841850 (diff=0.016235 amp=1.825614)  diff_lr=0.00e+00 amp_lr=4.47e-05
Epoch 73/300  train=0.627317 (diff=0.033065 amp=0.627317)  test=1.845203 (diff=0.023689 amp=1.821515)  diff_lr=0.00e+00 amp_lr=4.46e-05
Epoch 74/300  train=0.639944 (diff=0.032981 amp=0.639944)  test=1.900527 (diff=0.027229 amp=1.873298)  diff_lr=0.00e+00 amp_lr=4.44e-05
Epoch 75/300  train=0.713805 (diff=0.031093 amp=0.713805)  test=1.800160 (diff=0.024513 amp=1.775647)  diff_lr=0.00e+00 amp_lr=4.43e-05
  -> New best test_loss=1.800160
  -> New best test_amp_loss=1.775647, saved amp_predictor
Epoch 76/300  train=0.690886 (diff=0.031973 amp=0.690886)  test=1.951890 (diff=0.028261 amp=1.923629)  diff_lr=0.00e+00 amp_lr=4.41e-05
Epoch 77/300  train=0.655773 (diff=0.031978 amp=0.655773)  test=1.806354 (diff=0.016124 amp=1.790230)  diff_lr=0.00e+00 amp_lr=4.40e-05
Epoch 78/300  train=0.681657 (diff=0.030591 amp=0.681657)  test=1.849802 (diff=0.018607 amp=1.831195)  diff_lr=0.00e+00 amp_lr=4.38e-05
Epoch 79/300  train=0.692891 (diff=0.032153 amp=0.692891)  test=1.849990 (diff=0.026994 amp=1.822997)  diff_lr=0.00e+00 amp_lr=4.37e-05
Epoch 80/300  train=0.695928 (diff=0.031445 amp=0.695928)  test=1.958744 (diff=0.016670 amp=1.942074)  diff_lr=0.00e+00 amp_lr=4.35e-05
Epoch 81/300  train=0.706271 (diff=0.029993 amp=0.706271)  test=1.968391 (diff=0.025953 amp=1.942438)  diff_lr=0.00e+00 amp_lr=4.34e-05
Epoch 82/300  train=0.661629 (diff=0.031873 amp=0.661629)  test=1.900346 (diff=0.022382 amp=1.877964)  diff_lr=0.00e+00 amp_lr=4.32e-05
Epoch 83/300  train=0.682594 (diff=0.031070 amp=0.682594)  test=1.841699 (diff=0.018607 amp=1.823092)  diff_lr=0.00e+00 amp_lr=4.31e-05
Epoch 84/300  train=0.667937 (diff=0.032009 amp=0.667937)  test=1.900044 (diff=0.022013 amp=1.878030)  diff_lr=0.00e+00 amp_lr=4.29e-05
Epoch 85/300  train=0.646673 (diff=0.030105 amp=0.646673)  test=1.831188 (diff=0.020201 amp=1.810987)  diff_lr=0.00e+00 amp_lr=4.27e-05
Epoch 86/300  train=0.666312 (diff=0.032421 amp=0.666312)  test=1.871009 (diff=0.019856 amp=1.851152)  diff_lr=0.00e+00 amp_lr=4.26e-05
Epoch 87/300  train=0.624855 (diff=0.031089 amp=0.624855)  test=1.860833 (diff=0.028643 amp=1.832190)  diff_lr=0.00e+00 amp_lr=4.24e-05
Epoch 88/300  train=0.644056 (diff=0.033197 amp=0.644056)  test=1.832240 (diff=0.020005 amp=1.812235)  diff_lr=0.00e+00 amp_lr=4.23e-05
Epoch 89/300  train=0.662840 (diff=0.033055 amp=0.662840)  test=1.850869 (diff=0.021080 amp=1.829789)  diff_lr=0.00e+00 amp_lr=4.21e-05
Epoch 90/300  train=0.650931 (diff=0.030991 amp=0.650931)  test=1.897546 (diff=0.021132 amp=1.876414)  diff_lr=0.00e+00 amp_lr=4.19e-05
Epoch 91/300  train=0.681308 (diff=0.031543 amp=0.681308)  test=1.850126 (diff=0.030325 amp=1.819801)  diff_lr=0.00e+00 amp_lr=4.18e-05
Epoch 92/300  train=0.620236 (diff=0.032261 amp=0.620236)  test=1.835498 (diff=0.025056 amp=1.810442)  diff_lr=0.00e+00 amp_lr=4.16e-05
Epoch 93/300  train=0.667731 (diff=0.033248 amp=0.667731)  test=1.836562 (diff=0.020575 amp=1.815987)  diff_lr=0.00e+00 amp_lr=4.14e-05
Epoch 94/300  train=0.612121 (diff=0.032281 amp=0.612121)  test=1.799461 (diff=0.012515 amp=1.786945)  diff_lr=0.00e+00 amp_lr=4.12e-05
  -> New best test_loss=1.799461
Epoch 95/300  train=0.643600 (diff=0.031616 amp=0.643600)  test=1.862182 (diff=0.020989 amp=1.841193)  diff_lr=0.00e+00 amp_lr=4.11e-05
Epoch 96/300  train=0.620102 (diff=0.032687 amp=0.620102)  test=2.045655 (diff=0.015609 amp=2.030047)  diff_lr=0.00e+00 amp_lr=4.09e-05
Epoch 97/300  train=0.704236 (diff=0.031717 amp=0.704236)  test=2.153205 (diff=0.017430 amp=2.135775)  diff_lr=0.00e+00 amp_lr=4.07e-05
Epoch 98/300  train=0.677500 (diff=0.031729 amp=0.677500)  test=1.963400 (diff=0.032389 amp=1.931011)  diff_lr=0.00e+00 amp_lr=4.05e-05
Epoch 99/300  train=0.629675 (diff=0.031596 amp=0.629675)  test=2.155854 (diff=0.019920 amp=2.135935)  diff_lr=0.00e+00 amp_lr=4.04e-05
Epoch 100/300  train=0.709757 (diff=0.030248 amp=0.709757)  test=1.826142 (diff=0.021652 amp=1.804490)  diff_lr=0.00e+00 amp_lr=4.02e-05
Epoch 101/300  train=0.704643 (diff=0.028699 amp=0.704643)  test=1.962021 (diff=0.010991 amp=1.951030)  diff_lr=0.00e+00 amp_lr=4.00e-05
Epoch 102/300  train=0.719548 (diff=0.029932 amp=0.719548)  test=1.878687 (diff=0.025763 amp=1.852924)  diff_lr=0.00e+00 amp_lr=3.98e-05
Epoch 103/300  train=0.625965 (diff=0.030943 amp=0.625965)  test=1.888402 (diff=0.029583 amp=1.858820)  diff_lr=0.00e+00 amp_lr=3.96e-05
Epoch 104/300  train=0.662832 (diff=0.033376 amp=0.662832)  test=1.863200 (diff=0.029566 amp=1.833634)  diff_lr=0.00e+00 amp_lr=3.95e-05
Epoch 105/300  train=0.601678 (diff=0.032746 amp=0.601678)  test=1.835493 (diff=0.011809 amp=1.823685)  diff_lr=0.00e+00 amp_lr=3.93e-05
Epoch 106/300  train=0.631981 (diff=0.032319 amp=0.631981)  test=1.892115 (diff=0.026598 amp=1.865516)  diff_lr=0.00e+00 amp_lr=3.91e-05
Epoch 107/300  train=0.691001 (diff=0.029920 amp=0.691001)  test=1.833977 (diff=0.012541 amp=1.821436)  diff_lr=0.00e+00 amp_lr=3.89e-05
Epoch 108/300  train=0.690558 (diff=0.034233 amp=0.690558)  test=1.824562 (diff=0.016480 amp=1.808082)  diff_lr=0.00e+00 amp_lr=3.87e-05
Epoch 109/300  train=0.678518 (diff=0.033086 amp=0.678518)  test=1.901271 (diff=0.028115 amp=1.873156)  diff_lr=0.00e+00 amp_lr=3.85e-05
Epoch 110/300  train=0.706303 (diff=0.030305 amp=0.706303)  test=1.851281 (diff=0.017237 amp=1.834044)  diff_lr=0.00e+00 amp_lr=3.83e-05
Epoch 111/300  train=0.669493 (diff=0.031023 amp=0.669493)  test=1.869821 (diff=0.025072 amp=1.844750)  diff_lr=0.00e+00 amp_lr=3.81e-05
Epoch 112/300  train=0.638927 (diff=0.030927 amp=0.638927)  test=1.878311 (diff=0.022390 amp=1.855921)  diff_lr=0.00e+00 amp_lr=3.79e-05
Epoch 113/300  train=0.602012 (diff=0.031257 amp=0.602012)  test=1.930970 (diff=0.036985 amp=1.893985)  diff_lr=0.00e+00 amp_lr=3.78e-05
Epoch 114/300  train=0.618498 (diff=0.029118 amp=0.618498)  test=1.835508 (diff=0.020041 amp=1.815466)  diff_lr=0.00e+00 amp_lr=3.76e-05
Epoch 115/300  train=0.627560 (diff=0.032427 amp=0.627560)  test=1.883643 (diff=0.018479 amp=1.865164)  diff_lr=0.00e+00 amp_lr=3.74e-05
Epoch 116/300  train=0.655939 (diff=0.029452 amp=0.655939)  test=2.085279 (diff=0.020563 amp=2.064717)  diff_lr=0.00e+00 amp_lr=3.72e-05
Epoch 117/300  train=0.624927 (diff=0.032362 amp=0.624927)  test=1.947344 (diff=0.024331 amp=1.923012)  diff_lr=0.00e+00 amp_lr=3.70e-05
Epoch 118/300  train=0.661807 (diff=0.029742 amp=0.661807)  test=2.005133 (diff=0.016424 amp=1.988709)  diff_lr=0.00e+00 amp_lr=3.68e-05
Epoch 119/300  train=0.685811 (diff=0.034565 amp=0.685811)  test=1.832219 (diff=0.013465 amp=1.818754)  diff_lr=0.00e+00 amp_lr=3.66e-05
Epoch 120/300  train=0.656170 (diff=0.032293 amp=0.656170)  test=1.849419 (diff=0.033545 amp=1.815875)  diff_lr=0.00e+00 amp_lr=3.64e-05
Epoch 121/300  train=0.612318 (diff=0.031220 amp=0.612318)  test=1.873313 (diff=0.020993 amp=1.852321)  diff_lr=0.00e+00 amp_lr=3.62e-05
Epoch 122/300  train=0.698207 (diff=0.030193 amp=0.698207)  test=1.947058 (diff=0.034424 amp=1.912634)  diff_lr=0.00e+00 amp_lr=3.60e-05
Epoch 123/300  train=0.638513 (diff=0.034100 amp=0.638513)  test=1.865130 (diff=0.025112 amp=1.840018)  diff_lr=0.00e+00 amp_lr=3.58e-05
Epoch 124/300  train=0.619132 (diff=0.033288 amp=0.619132)  test=1.797871 (diff=0.021163 amp=1.776708)  diff_lr=0.00e+00 amp_lr=3.56e-05
  -> New best test_loss=1.797871
Epoch 125/300  train=0.624491 (diff=0.028186 amp=0.624491)  test=1.854882 (diff=0.012091 amp=1.842791)  diff_lr=0.00e+00 amp_lr=3.54e-05
Epoch 126/300  train=0.617581 (diff=0.031981 amp=0.617581)  test=1.996022 (diff=0.020293 amp=1.975730)  diff_lr=0.00e+00 amp_lr=3.52e-05
Epoch 127/300  train=0.620698 (diff=0.031700 amp=0.620698)  test=1.819008 (diff=0.011377 amp=1.807631)  diff_lr=0.00e+00 amp_lr=3.50e-05
Epoch 128/300  train=0.668534 (diff=0.028838 amp=0.668534)  test=1.821953 (diff=0.038156 amp=1.783796)  diff_lr=0.00e+00 amp_lr=3.48e-05
Epoch 129/300  train=0.617360 (diff=0.032934 amp=0.617360)  test=1.786585 (diff=0.020911 amp=1.765674)  diff_lr=0.00e+00 amp_lr=3.46e-05
  -> New best test_loss=1.786585
  -> New best test_amp_loss=1.765674, saved amp_predictor
Epoch 130/300  train=0.652787 (diff=0.032527 amp=0.652787)  test=1.825126 (diff=0.018401 amp=1.806725)  diff_lr=0.00e+00 amp_lr=3.44e-05
Epoch 131/300  train=0.597889 (diff=0.031052 amp=0.597889)  test=1.809197 (diff=0.024832 amp=1.784365)  diff_lr=0.00e+00 amp_lr=3.42e-05
Epoch 132/300  train=0.634484 (diff=0.031663 amp=0.634484)  test=1.823846 (diff=0.034370 amp=1.789475)  diff_lr=0.00e+00 amp_lr=3.40e-05
Epoch 133/300  train=0.644406 (diff=0.031716 amp=0.644406)  test=1.858577 (diff=0.028169 amp=1.830408)  diff_lr=0.00e+00 amp_lr=3.37e-05
Epoch 134/300  train=0.641051 (diff=0.031184 amp=0.641051)  test=1.880520 (diff=0.031893 amp=1.848627)  diff_lr=0.00e+00 amp_lr=3.35e-05
Epoch 135/300  train=0.690982 (diff=0.031906 amp=0.690982)  test=1.799605 (diff=0.016205 amp=1.783401)  diff_lr=0.00e+00 amp_lr=3.33e-05
Epoch 136/300  train=0.609627 (diff=0.031266 amp=0.609627)  test=1.810029 (diff=0.021960 amp=1.788069)  diff_lr=0.00e+00 amp_lr=3.31e-05
Epoch 137/300  train=0.684473 (diff=0.032123 amp=0.684473)  test=1.953648 (diff=0.021409 amp=1.932240)  diff_lr=0.00e+00 amp_lr=3.29e-05
Epoch 138/300  train=0.632215 (diff=0.032066 amp=0.632215)  test=1.873127 (diff=0.023965 amp=1.849162)  diff_lr=0.00e+00 amp_lr=3.27e-05
Epoch 139/300  train=0.609500 (diff=0.031298 amp=0.609500)  test=1.837359 (diff=0.022973 amp=1.814386)  diff_lr=0.00e+00 amp_lr=3.25e-05
Epoch 140/300  train=0.601675 (diff=0.031820 amp=0.601675)  test=1.863566 (diff=0.021755 amp=1.841811)  diff_lr=0.00e+00 amp_lr=3.23e-05
Epoch 141/300  train=0.610683 (diff=0.033459 amp=0.610683)  test=1.779111 (diff=0.014896 amp=1.764215)  diff_lr=0.00e+00 amp_lr=3.21e-05
  -> New best test_loss=1.779111
  -> New best test_amp_loss=1.764215, saved amp_predictor
Epoch 142/300  train=0.628197 (diff=0.034281 amp=0.628197)  test=1.873223 (diff=0.013951 amp=1.859271)  diff_lr=0.00e+00 amp_lr=3.19e-05
Epoch 143/300  train=0.661828 (diff=0.030826 amp=0.661828)  test=1.995735 (diff=0.015034 amp=1.980701)  diff_lr=0.00e+00 amp_lr=3.17e-05
Epoch 144/300  train=0.591219 (diff=0.032685 amp=0.591219)  test=2.175863 (diff=0.018616 amp=2.157247)  diff_lr=0.00e+00 amp_lr=3.15e-05
Epoch 145/300  train=0.655422 (diff=0.032278 amp=0.655422)  test=1.865016 (diff=0.028513 amp=1.836503)  diff_lr=0.00e+00 amp_lr=3.13e-05
Epoch 146/300  train=0.569990 (diff=0.030576 amp=0.569990)  test=1.845464 (diff=0.017137 amp=1.828328)  diff_lr=0.00e+00 amp_lr=3.10e-05
Epoch 147/300  train=0.641955 (diff=0.032560 amp=0.641955)  test=1.886065 (diff=0.025628 amp=1.860437)  diff_lr=0.00e+00 amp_lr=3.08e-05
Epoch 148/300  train=0.655391 (diff=0.031711 amp=0.655391)  test=1.928265 (diff=0.037535 amp=1.890730)  diff_lr=0.00e+00 amp_lr=3.06e-05
Epoch 149/300  train=0.642553 (diff=0.033444 amp=0.642553)  test=1.854528 (diff=0.035212 amp=1.819317)  diff_lr=0.00e+00 amp_lr=3.04e-05
Epoch 150/300  train=0.573867 (diff=0.033354 amp=0.573867)  test=1.806440 (diff=0.034443 amp=1.771997)  diff_lr=0.00e+00 amp_lr=3.02e-05
Epoch 151/300  train=0.637406 (diff=0.032801 amp=0.637406)  test=2.039909 (diff=0.021177 amp=2.018732)  diff_lr=0.00e+00 amp_lr=3.00e-05
Epoch 152/300  train=0.683407 (diff=0.032922 amp=0.683407)  test=1.870677 (diff=0.015926 amp=1.854751)  diff_lr=0.00e+00 amp_lr=2.98e-05
Epoch 153/300  train=0.639982 (diff=0.029515 amp=0.639982)  test=1.847689 (diff=0.016409 amp=1.831280)  diff_lr=0.00e+00 amp_lr=2.96e-05
Epoch 154/300  train=0.632414 (diff=0.030945 amp=0.632414)  test=1.828057 (diff=0.021178 amp=1.806880)  diff_lr=0.00e+00 amp_lr=2.94e-05
Epoch 155/300  train=0.621011 (diff=0.030284 amp=0.621011)  test=1.853951 (diff=0.022725 amp=1.831226)  diff_lr=0.00e+00 amp_lr=2.92e-05
Epoch 156/300  train=0.590586 (diff=0.030620 amp=0.590586)  test=1.980898 (diff=0.021218 amp=1.959680)  diff_lr=0.00e+00 amp_lr=2.90e-05
Epoch 157/300  train=0.592910 (diff=0.030939 amp=0.592910)  test=1.930363 (diff=0.031337 amp=1.899027)  diff_lr=0.00e+00 amp_lr=2.87e-05
Epoch 158/300  train=0.683797 (diff=0.032580 amp=0.683797)  test=1.920165 (diff=0.018909 amp=1.901256)  diff_lr=0.00e+00 amp_lr=2.85e-05
Epoch 159/300  train=0.659909 (diff=0.031534 amp=0.659909)  test=1.890613 (diff=0.026392 amp=1.864221)  diff_lr=0.00e+00 amp_lr=2.83e-05
Epoch 160/300  train=0.603186 (diff=0.031882 amp=0.603186)  test=1.941779 (diff=0.031226 amp=1.910553)  diff_lr=0.00e+00 amp_lr=2.81e-05
Epoch 161/300  train=0.659223 (diff=0.033787 amp=0.659223)  test=2.004028 (diff=0.015126 amp=1.988902)  diff_lr=0.00e+00 amp_lr=2.79e-05
Epoch 162/300  train=0.625313 (diff=0.031277 amp=0.625313)  test=1.809278 (diff=0.017045 amp=1.792233)  diff_lr=0.00e+00 amp_lr=2.77e-05
Epoch 163/300  train=0.608321 (diff=0.029336 amp=0.608321)  test=1.807141 (diff=0.013870 amp=1.793271)  diff_lr=0.00e+00 amp_lr=2.75e-05
Epoch 164/300  train=0.680088 (diff=0.032429 amp=0.680088)  test=1.791024 (diff=0.022139 amp=1.768885)  diff_lr=0.00e+00 amp_lr=2.73e-05
Epoch 165/300  train=0.579869 (diff=0.031968 amp=0.579869)  test=1.875716 (diff=0.020829 amp=1.854888)  diff_lr=0.00e+00 amp_lr=2.71e-05
Epoch 166/300  train=0.606223 (diff=0.032569 amp=0.606223)  test=1.850335 (diff=0.023150 amp=1.827184)  diff_lr=0.00e+00 amp_lr=2.69e-05
Epoch 167/300  train=0.617775 (diff=0.029173 amp=0.617775)  test=1.915382 (diff=0.022958 amp=1.892424)  diff_lr=0.00e+00 amp_lr=2.67e-05
Epoch 168/300  train=0.601989 (diff=0.031283 amp=0.601989)  test=1.902176 (diff=0.019191 amp=1.882985)  diff_lr=0.00e+00 amp_lr=2.65e-05
Epoch 169/300  train=0.653133 (diff=0.031196 amp=0.653133)  test=1.891834 (diff=0.018759 amp=1.873075)  diff_lr=0.00e+00 amp_lr=2.63e-05
Epoch 170/300  train=0.612207 (diff=0.031955 amp=0.612207)  test=1.873362 (diff=0.028973 amp=1.844389)  diff_lr=0.00e+00 amp_lr=2.60e-05
Epoch 171/300  train=0.626759 (diff=0.031530 amp=0.626759)  test=1.915214 (diff=0.016626 amp=1.898588)  diff_lr=0.00e+00 amp_lr=2.58e-05
Epoch 172/300  train=0.658466 (diff=0.030739 amp=0.658466)  test=1.878808 (diff=0.023346 amp=1.855462)  diff_lr=0.00e+00 amp_lr=2.56e-05
Epoch 173/300  train=0.591378 (diff=0.031423 amp=0.591378)  test=1.818109 (diff=0.036569 amp=1.781540)  diff_lr=0.00e+00 amp_lr=2.54e-05
Epoch 174/300  train=0.600499 (diff=0.034979 amp=0.600499)  test=1.878620 (diff=0.030767 amp=1.847853)  diff_lr=0.00e+00 amp_lr=2.52e-05
Epoch 175/300  train=0.584037 (diff=0.031833 amp=0.584037)  test=1.906147 (diff=0.015308 amp=1.890839)  diff_lr=0.00e+00 amp_lr=2.50e-05
Epoch 176/300  train=0.624033 (diff=0.032433 amp=0.624033)  test=1.836085 (diff=0.016688 amp=1.819398)  diff_lr=0.00e+00 amp_lr=2.48e-05
Epoch 177/300  train=0.565605 (diff=0.033008 amp=0.565605)  test=1.905674 (diff=0.017419 amp=1.888256)  diff_lr=0.00e+00 amp_lr=2.46e-05
Epoch 178/300  train=0.621095 (diff=0.031498 amp=0.621095)  test=1.832124 (diff=0.024092 amp=1.808031)  diff_lr=0.00e+00 amp_lr=2.44e-05
Epoch 179/300  train=0.613834 (diff=0.031313 amp=0.613834)  test=1.899722 (diff=0.027673 amp=1.872048)  diff_lr=0.00e+00 amp_lr=2.42e-05
Epoch 180/300  train=0.633385 (diff=0.030958 amp=0.633385)  test=1.857130 (diff=0.018626 amp=1.838504)  diff_lr=0.00e+00 amp_lr=2.40e-05
Epoch 181/300  train=0.572234 (diff=0.032894 amp=0.572234)  test=1.836093 (diff=0.019223 amp=1.816870)  diff_lr=0.00e+00 amp_lr=2.38e-05
Epoch 182/300  train=0.536906 (diff=0.032515 amp=0.536906)  test=1.994249 (diff=0.021628 amp=1.972621)  diff_lr=0.00e+00 amp_lr=2.36e-05
Epoch 183/300  train=0.624786 (diff=0.032363 amp=0.624786)  test=1.851375 (diff=0.017906 amp=1.833469)  diff_lr=0.00e+00 amp_lr=2.34e-05
Epoch 184/300  train=0.613537 (diff=0.032303 amp=0.613537)  test=1.824039 (diff=0.023795 amp=1.800245)  diff_lr=0.00e+00 amp_lr=2.32e-05
Epoch 185/300  train=0.588742 (diff=0.031778 amp=0.588742)  test=1.838382 (diff=0.025455 amp=1.812926)  diff_lr=0.00e+00 amp_lr=2.30e-05
Epoch 186/300  train=0.578906 (diff=0.032763 amp=0.578906)  test=1.879208 (diff=0.014640 amp=1.864568)  diff_lr=0.00e+00 amp_lr=2.28e-05
Epoch 187/300  train=0.595565 (diff=0.029940 amp=0.595565)  test=1.777726 (diff=0.009156 amp=1.768570)  diff_lr=0.00e+00 amp_lr=2.26e-05
  -> New best test_loss=1.777726
Epoch 188/300  train=0.640323 (diff=0.031162 amp=0.640323)  test=1.851764 (diff=0.021453 amp=1.830311)  diff_lr=0.00e+00 amp_lr=2.24e-05
Epoch 189/300  train=0.583525 (diff=0.033398 amp=0.583525)  test=1.877736 (diff=0.028586 amp=1.849150)  diff_lr=0.00e+00 amp_lr=2.22e-05
Epoch 190/300  train=0.616144 (diff=0.031269 amp=0.616144)  test=1.794476 (diff=0.012991 amp=1.781485)  diff_lr=0.00e+00 amp_lr=2.21e-05
Epoch 191/300  train=0.560331 (diff=0.032415 amp=0.560331)  test=1.944267 (diff=0.029503 amp=1.914764)  diff_lr=0.00e+00 amp_lr=2.19e-05
Epoch 192/300  train=0.596558 (diff=0.029799 amp=0.596558)  test=1.803247 (diff=0.012639 amp=1.790607)  diff_lr=0.00e+00 amp_lr=2.17e-05
Epoch 193/300  train=0.620794 (diff=0.032438 amp=0.620794)  test=1.939137 (diff=0.015849 amp=1.923287)  diff_lr=0.00e+00 amp_lr=2.15e-05
Epoch 194/300  train=0.567254 (diff=0.032178 amp=0.567254)  test=1.946545 (diff=0.012900 amp=1.933646)  diff_lr=0.00e+00 amp_lr=2.13e-05
Epoch 195/300  train=0.623772 (diff=0.030599 amp=0.623772)  test=1.858620 (diff=0.021421 amp=1.837199)  diff_lr=0.00e+00 amp_lr=2.11e-05
Epoch 196/300  train=0.613788 (diff=0.033460 amp=0.613788)  test=1.880606 (diff=0.020267 amp=1.860339)  diff_lr=0.00e+00 amp_lr=2.09e-05
Epoch 197/300  train=0.599748 (diff=0.032629 amp=0.599748)  test=1.920839 (diff=0.016758 amp=1.904081)  diff_lr=0.00e+00 amp_lr=2.07e-05
Epoch 198/300  train=0.567696 (diff=0.031684 amp=0.567696)  test=1.841953 (diff=0.018047 amp=1.823906)  diff_lr=0.00e+00 amp_lr=2.05e-05
Epoch 199/300  train=0.604066 (diff=0.030468 amp=0.604066)  test=1.840644 (diff=0.020364 amp=1.820280)  diff_lr=0.00e+00 amp_lr=2.04e-05
Epoch 200/300  train=0.595276 (diff=0.031822 amp=0.595276)  test=1.862481 (diff=0.019270 amp=1.843211)  diff_lr=0.00e+00 amp_lr=2.02e-05
Epoch 201/300  train=0.676052 (diff=0.029764 amp=0.676052)  test=1.860097 (diff=0.027343 amp=1.832754)  diff_lr=0.00e+00 amp_lr=2.00e-05
Epoch 202/300  train=0.592138 (diff=0.032922 amp=0.592138)  test=1.826617 (diff=0.018982 amp=1.807635)  diff_lr=0.00e+00 amp_lr=1.98e-05
Epoch 203/300  train=0.640168 (diff=0.032054 amp=0.640168)  test=1.811534 (diff=0.018599 amp=1.792934)  diff_lr=0.00e+00 amp_lr=1.96e-05
Epoch 204/300  train=0.567323 (diff=0.031635 amp=0.567323)  test=1.830022 (diff=0.015527 amp=1.814495)  diff_lr=0.00e+00 amp_lr=1.95e-05
Epoch 205/300  train=0.576447 (diff=0.029866 amp=0.576447)  test=1.837993 (diff=0.042751 amp=1.795242)  diff_lr=0.00e+00 amp_lr=1.93e-05
Epoch 206/300  train=0.568577 (diff=0.033370 amp=0.568577)  test=1.871378 (diff=0.018874 amp=1.852504)  diff_lr=0.00e+00 amp_lr=1.91e-05
Epoch 207/300  train=0.637004 (diff=0.032163 amp=0.637004)  test=1.891276 (diff=0.011497 amp=1.879778)  diff_lr=0.00e+00 amp_lr=1.89e-05
Epoch 208/300  train=0.639322 (diff=0.032455 amp=0.639322)  test=1.903031 (diff=0.019276 amp=1.883755)  diff_lr=0.00e+00 amp_lr=1.88e-05
Epoch 209/300  train=0.631775 (diff=0.030995 amp=0.631775)  test=1.871418 (diff=0.031265 amp=1.840153)  diff_lr=0.00e+00 amp_lr=1.86e-05
Epoch 210/300  train=0.596383 (diff=0.032058 amp=0.596383)  test=1.860293 (diff=0.014669 amp=1.845625)  diff_lr=0.00e+00 amp_lr=1.84e-05
Epoch 211/300  train=0.640301 (diff=0.031081 amp=0.640301)  test=1.988617 (diff=0.027255 amp=1.961362)  diff_lr=0.00e+00 amp_lr=1.82e-05
Epoch 212/300  train=0.573408 (diff=0.034303 amp=0.573408)  test=1.814929 (diff=0.015264 amp=1.799666)  diff_lr=0.00e+00 amp_lr=1.81e-05
Epoch 213/300  train=0.548079 (diff=0.032538 amp=0.548079)  test=1.881481 (diff=0.028355 amp=1.853126)  diff_lr=0.00e+00 amp_lr=1.79e-05
Epoch 214/300  train=0.601556 (diff=0.033725 amp=0.601556)  test=1.829787 (diff=0.014052 amp=1.815736)  diff_lr=0.00e+00 amp_lr=1.77e-05
Epoch 215/300  train=0.573435 (diff=0.032051 amp=0.573435)  test=1.927101 (diff=0.029555 amp=1.897546)  diff_lr=0.00e+00 amp_lr=1.76e-05
Epoch 216/300  train=0.543598 (diff=0.031216 amp=0.543598)  test=1.818037 (diff=0.022320 amp=1.795717)  diff_lr=0.00e+00 amp_lr=1.74e-05
Epoch 217/300  train=0.581298 (diff=0.031802 amp=0.581298)  test=1.811285 (diff=0.009437 amp=1.801848)  diff_lr=0.00e+00 amp_lr=1.73e-05
Epoch 218/300  train=0.645889 (diff=0.033886 amp=0.645889)  test=1.811810 (diff=0.023604 amp=1.788206)  diff_lr=0.00e+00 amp_lr=1.71e-05
Epoch 219/300  train=0.600690 (diff=0.032307 amp=0.600690)  test=1.853898 (diff=0.021346 amp=1.832552)  diff_lr=0.00e+00 amp_lr=1.69e-05
Epoch 220/300  train=0.589044 (diff=0.031510 amp=0.589044)  test=1.826617 (diff=0.024937 amp=1.801681)  diff_lr=0.00e+00 amp_lr=1.68e-05
Epoch 221/300  train=0.605812 (diff=0.033193 amp=0.605812)  test=1.966067 (diff=0.017060 amp=1.949007)  diff_lr=0.00e+00 amp_lr=1.66e-05
Epoch 222/300  train=0.626451 (diff=0.031373 amp=0.626451)  test=1.819967 (diff=0.017920 amp=1.802047)  diff_lr=0.00e+00 amp_lr=1.65e-05
Epoch 223/300  train=0.594298 (diff=0.031516 amp=0.594298)  test=1.800598 (diff=0.011450 amp=1.789148)  diff_lr=0.00e+00 amp_lr=1.63e-05
Epoch 224/300  train=0.544842 (diff=0.031359 amp=0.544842)  test=1.825981 (diff=0.023965 amp=1.802015)  diff_lr=0.00e+00 amp_lr=1.62e-05
Epoch 225/300  train=0.601160 (diff=0.031421 amp=0.601160)  test=1.801827 (diff=0.022982 amp=1.778845)  diff_lr=0.00e+00 amp_lr=1.60e-05
Epoch 226/300  train=0.532958 (diff=0.031999 amp=0.532958)  test=1.822007 (diff=0.025546 amp=1.796461)  diff_lr=0.00e+00 amp_lr=1.59e-05
Epoch 227/300  train=0.586574 (diff=0.030327 amp=0.586574)  test=2.032925 (diff=0.038172 amp=1.994753)  diff_lr=0.00e+00 amp_lr=1.57e-05
Epoch 228/300  train=0.591992 (diff=0.031738 amp=0.591992)  test=1.796027 (diff=0.016465 amp=1.779562)  diff_lr=0.00e+00 amp_lr=1.56e-05
Epoch 229/300  train=0.644031 (diff=0.030343 amp=0.644031)  test=1.789930 (diff=0.010740 amp=1.779190)  diff_lr=0.00e+00 amp_lr=1.54e-05
Epoch 230/300  train=0.623242 (diff=0.032100 amp=0.623242)  test=1.811119 (diff=0.017433 amp=1.793686)  diff_lr=0.00e+00 amp_lr=1.53e-05
Epoch 231/300  train=0.585406 (diff=0.032229 amp=0.585406)  test=1.780104 (diff=0.013739 amp=1.766365)  diff_lr=0.00e+00 amp_lr=1.51e-05
Epoch 232/300  train=0.620099 (diff=0.032721 amp=0.620099)  test=1.817631 (diff=0.017693 amp=1.799937)  diff_lr=0.00e+00 amp_lr=1.50e-05
Epoch 233/300  train=0.586662 (diff=0.030205 amp=0.586662)  test=1.797806 (diff=0.026145 amp=1.771662)  diff_lr=0.00e+00 amp_lr=1.49e-05
Epoch 234/300  train=0.607494 (diff=0.032147 amp=0.607494)  test=1.955635 (diff=0.017794 amp=1.937841)  diff_lr=0.00e+00 amp_lr=1.47e-05
Epoch 235/300  train=0.586647 (diff=0.032584 amp=0.586647)  test=1.788616 (diff=0.023443 amp=1.765173)  diff_lr=0.00e+00 amp_lr=1.46e-05
Epoch 236/300  train=0.568416 (diff=0.030113 amp=0.568416)  test=1.793109 (diff=0.034537 amp=1.758572)  diff_lr=0.00e+00 amp_lr=1.45e-05
  -> New best test_amp_loss=1.758572, saved amp_predictor
Epoch 237/300  train=0.558749 (diff=0.030926 amp=0.558749)  test=1.805345 (diff=0.026518 amp=1.778827)  diff_lr=0.00e+00 amp_lr=1.43e-05
Epoch 238/300  train=0.599520 (diff=0.031318 amp=0.599520)  test=1.808783 (diff=0.034120 amp=1.774663)  diff_lr=0.00e+00 amp_lr=1.42e-05
Epoch 239/300  train=0.517267 (diff=0.032296 amp=0.517267)  test=1.821300 (diff=0.020180 amp=1.801120)  diff_lr=0.00e+00 amp_lr=1.41e-05
Epoch 240/300  train=0.621118 (diff=0.031243 amp=0.621118)  test=1.846877 (diff=0.039049 amp=1.807828)  diff_lr=0.00e+00 amp_lr=1.39e-05
Epoch 241/300  train=0.572651 (diff=0.031335 amp=0.572651)  test=1.828907 (diff=0.014023 amp=1.814884)  diff_lr=0.00e+00 amp_lr=1.38e-05
Epoch 242/300  train=0.585122 (diff=0.032018 amp=0.585122)  test=1.808692 (diff=0.019294 amp=1.789397)  diff_lr=0.00e+00 amp_lr=1.37e-05
Epoch 243/300  train=0.608616 (diff=0.030985 amp=0.608616)  test=1.910623 (diff=0.031794 amp=1.878830)  diff_lr=0.00e+00 amp_lr=1.36e-05
Epoch 244/300  train=0.585856 (diff=0.030729 amp=0.585856)  test=1.813694 (diff=0.020218 amp=1.793475)  diff_lr=0.00e+00 amp_lr=1.35e-05
Epoch 245/300  train=0.537681 (diff=0.032866 amp=0.537681)  test=1.795609 (diff=0.015141 amp=1.780468)  diff_lr=0.00e+00 amp_lr=1.33e-05
Epoch 246/300  train=0.566800 (diff=0.031854 amp=0.566800)  test=1.790686 (diff=0.023253 amp=1.767433)  diff_lr=0.00e+00 amp_lr=1.32e-05
Epoch 247/300  train=0.594981 (diff=0.032173 amp=0.594981)  test=1.823216 (diff=0.023534 amp=1.799682)  diff_lr=0.00e+00 amp_lr=1.31e-05
Epoch 248/300  train=0.595531 (diff=0.032604 amp=0.595531)  test=1.885386 (diff=0.025639 amp=1.859747)  diff_lr=0.00e+00 amp_lr=1.30e-05
Epoch 249/300  train=0.580895 (diff=0.031788 amp=0.580895)  test=1.878517 (diff=0.015814 amp=1.862703)  diff_lr=0.00e+00 amp_lr=1.29e-05
Epoch 250/300  train=0.620081 (diff=0.032273 amp=0.620081)  test=1.779103 (diff=0.023507 amp=1.755595)  diff_lr=0.00e+00 amp_lr=1.28e-05
  -> New best test_amp_loss=1.755595, saved amp_predictor
Epoch 251/300  train=0.558019 (diff=0.030873 amp=0.558019)  test=1.810490 (diff=0.018169 amp=1.792321)  diff_lr=0.00e+00 amp_lr=1.27e-05
Epoch 252/300  train=0.556608 (diff=0.033060 amp=0.556608)  test=1.806370 (diff=0.016269 amp=1.790100)  diff_lr=0.00e+00 amp_lr=1.26e-05
Epoch 253/300  train=0.616541 (diff=0.033343 amp=0.616541)  test=1.782422 (diff=0.013553 amp=1.768869)  diff_lr=0.00e+00 amp_lr=1.25e-05
Epoch 254/300  train=0.563973 (diff=0.030625 amp=0.563973)  test=1.833894 (diff=0.018698 amp=1.815196)  diff_lr=0.00e+00 amp_lr=1.24e-05
Epoch 255/300  train=0.575183 (diff=0.032340 amp=0.575183)  test=1.794128 (diff=0.017337 amp=1.776791)  diff_lr=0.00e+00 amp_lr=1.23e-05
Epoch 256/300  train=0.501654 (diff=0.031638 amp=0.501654)  test=1.898632 (diff=0.026469 amp=1.872163)  diff_lr=0.00e+00 amp_lr=1.22e-05
Epoch 257/300  train=0.536793 (diff=0.027828 amp=0.536793)  test=1.784430 (diff=0.019371 amp=1.765060)  diff_lr=0.00e+00 amp_lr=1.21e-05
Epoch 258/300  train=0.608266 (diff=0.030964 amp=0.608266)  test=1.818645 (diff=0.021006 amp=1.797639)  diff_lr=0.00e+00 amp_lr=1.20e-05
Epoch 259/300  train=0.548683 (diff=0.032780 amp=0.548683)  test=1.889381 (diff=0.030736 amp=1.858645)  diff_lr=0.00e+00 amp_lr=1.19e-05
Epoch 260/300  train=0.573636 (diff=0.032304 amp=0.573636)  test=1.903234 (diff=0.016677 amp=1.886556)  diff_lr=0.00e+00 amp_lr=1.18e-05
Epoch 261/300  train=0.636128 (diff=0.032142 amp=0.636128)  test=1.905955 (diff=0.019401 amp=1.886555)  diff_lr=0.00e+00 amp_lr=1.17e-05
Epoch 262/300  train=0.573185 (diff=0.032316 amp=0.573185)  test=1.783939 (diff=0.018328 amp=1.765611)  diff_lr=0.00e+00 amp_lr=1.16e-05
Epoch 263/300  train=0.546814 (diff=0.031545 amp=0.546814)  test=1.817751 (diff=0.018088 amp=1.799663)  diff_lr=0.00e+00 amp_lr=1.16e-05
Epoch 264/300  train=0.592987 (diff=0.030053 amp=0.592987)  test=1.855064 (diff=0.034094 amp=1.820969)  diff_lr=0.00e+00 amp_lr=1.15e-05
Epoch 265/300  train=0.573380 (diff=0.033617 amp=0.573380)  test=1.912837 (diff=0.023556 amp=1.889281)  diff_lr=0.00e+00 amp_lr=1.14e-05
Epoch 266/300  train=0.531208 (diff=0.033160 amp=0.531208)  test=1.822681 (diff=0.028474 amp=1.794207)  diff_lr=0.00e+00 amp_lr=1.13e-05
Epoch 267/300  train=0.577291 (diff=0.031731 amp=0.577291)  test=1.844726 (diff=0.017093 amp=1.827633)  diff_lr=0.00e+00 amp_lr=1.13e-05
Epoch 268/300  train=0.600364 (diff=0.030320 amp=0.600364)  test=1.807478 (diff=0.022330 amp=1.785148)  diff_lr=0.00e+00 amp_lr=1.12e-05
Epoch 269/300  train=0.597534 (diff=0.030701 amp=0.597534)  test=1.928042 (diff=0.023236 amp=1.904805)  diff_lr=0.00e+00 amp_lr=1.11e-05
Epoch 270/300  train=0.571272 (diff=0.032103 amp=0.571272)  test=1.891953 (diff=0.020229 amp=1.871724)  diff_lr=0.00e+00 amp_lr=1.10e-05
Epoch 271/300  train=0.635240 (diff=0.033098 amp=0.635240)  test=1.796773 (diff=0.014672 amp=1.782101)  diff_lr=0.00e+00 amp_lr=1.10e-05
Epoch 272/300  train=0.571771 (diff=0.031061 amp=0.571771)  test=1.890240 (diff=0.016656 amp=1.873584)  diff_lr=0.00e+00 amp_lr=1.09e-05
Epoch 273/300  train=0.565421 (diff=0.032064 amp=0.565421)  test=1.843207 (diff=0.036308 amp=1.806899)  diff_lr=0.00e+00 amp_lr=1.09e-05
Epoch 274/300  train=0.569784 (diff=0.030866 amp=0.569784)  test=1.833007 (diff=0.015008 amp=1.817999)  diff_lr=0.00e+00 amp_lr=1.08e-05
Epoch 275/300  train=0.634197 (diff=0.030760 amp=0.634197)  test=1.812017 (diff=0.026789 amp=1.785228)  diff_lr=0.00e+00 amp_lr=1.07e-05
Epoch 276/300  train=0.571862 (diff=0.031314 amp=0.571862)  test=1.891897 (diff=0.012860 amp=1.879037)  diff_lr=0.00e+00 amp_lr=1.07e-05
Epoch 277/300  train=0.547717 (diff=0.030123 amp=0.547717)  test=1.853901 (diff=0.019141 amp=1.834760)  diff_lr=0.00e+00 amp_lr=1.06e-05
Epoch 278/300  train=0.564069 (diff=0.032917 amp=0.564069)  test=1.861927 (diff=0.010853 amp=1.851074)  diff_lr=0.00e+00 amp_lr=1.06e-05
Epoch 279/300  train=0.586566 (diff=0.032261 amp=0.586566)  test=1.809264 (diff=0.033553 amp=1.775711)  diff_lr=0.00e+00 amp_lr=1.05e-05
Epoch 280/300  train=0.581746 (diff=0.031514 amp=0.581746)  test=1.841800 (diff=0.044880 amp=1.796920)  diff_lr=0.00e+00 amp_lr=1.05e-05
Epoch 281/300  train=0.564685 (diff=0.032159 amp=0.564685)  test=1.801985 (diff=0.019790 amp=1.782194)  diff_lr=0.00e+00 amp_lr=1.04e-05
Epoch 282/300  train=0.559086 (diff=0.031330 amp=0.559086)  test=1.862084 (diff=0.019614 amp=1.842470)  diff_lr=0.00e+00 amp_lr=1.04e-05
Epoch 283/300  train=0.559866 (diff=0.030059 amp=0.559866)  test=1.825016 (diff=0.021808 amp=1.803208)  diff_lr=0.00e+00 amp_lr=1.04e-05
Epoch 284/300  train=0.600194 (diff=0.031357 amp=0.600194)  test=1.846838 (diff=0.025961 amp=1.820876)  diff_lr=0.00e+00 amp_lr=1.03e-05
Epoch 285/300  train=0.576452 (diff=0.032514 amp=0.576452)  test=1.869143 (diff=0.016519 amp=1.852624)  diff_lr=0.00e+00 amp_lr=1.03e-05
Epoch 286/300  train=0.598358 (diff=0.032135 amp=0.598358)  test=1.810179 (diff=0.030685 amp=1.779494)  diff_lr=0.00e+00 amp_lr=1.02e-05
Epoch 287/300  train=0.552301 (diff=0.032982 amp=0.552301)  test=1.788640 (diff=0.017200 amp=1.771440)  diff_lr=0.00e+00 amp_lr=1.02e-05
Epoch 288/300  train=0.553791 (diff=0.032002 amp=0.553791)  test=1.827570 (diff=0.012391 amp=1.815179)  diff_lr=0.00e+00 amp_lr=1.02e-05
Epoch 289/300  train=0.555538 (diff=0.031427 amp=0.555538)  test=1.797348 (diff=0.016427 amp=1.780921)  diff_lr=0.00e+00 amp_lr=1.02e-05
Epoch 290/300  train=0.535392 (diff=0.031652 amp=0.535392)  test=1.882871 (diff=0.021265 amp=1.861606)  diff_lr=0.00e+00 amp_lr=1.01e-05
Epoch 291/300  train=0.540426 (diff=0.030901 amp=0.540426)  test=1.797507 (diff=0.017337 amp=1.780170)  diff_lr=0.00e+00 amp_lr=1.01e-05
Epoch 292/300  train=0.567595 (diff=0.033818 amp=0.567595)  test=1.800113 (diff=0.019022 amp=1.781092)  diff_lr=0.00e+00 amp_lr=1.01e-05
Epoch 293/300  train=0.604756 (diff=0.030705 amp=0.604756)  test=1.804147 (diff=0.022687 amp=1.781460)  diff_lr=0.00e+00 amp_lr=1.01e-05
Epoch 294/300  train=0.576594 (diff=0.031707 amp=0.576594)  test=1.849709 (diff=0.021018 amp=1.828691)  diff_lr=0.00e+00 amp_lr=1.01e-05
Epoch 295/300  train=0.549819 (diff=0.031572 amp=0.549819)  test=1.769019 (diff=0.016586 amp=1.752433)  diff_lr=0.00e+00 amp_lr=1.00e-05
  -> New best test_loss=1.769019
  -> New best test_amp_loss=1.752433, saved amp_predictor
Epoch 296/300  train=0.561114 (diff=0.030504 amp=0.561114)  test=1.876474 (diff=0.018654 amp=1.857820)  diff_lr=0.00e+00 amp_lr=1.00e-05
Epoch 297/300  train=0.592526 (diff=0.030679 amp=0.592526)  test=1.826278 (diff=0.014468 amp=1.811810)  diff_lr=0.00e+00 amp_lr=1.00e-05
Epoch 298/300  train=0.608399 (diff=0.031234 amp=0.608399)  test=1.801502 (diff=0.021368 amp=1.780134)  diff_lr=0.00e+00 amp_lr=1.00e-05
Epoch 299/300  train=0.548688 (diff=0.031090 amp=0.548688)  test=1.808742 (diff=0.020126 amp=1.788616)  diff_lr=0.00e+00 amp_lr=1.00e-05
Epoch 300/300  train=0.599534 (diff=0.032514 amp=0.599534)  test=1.884683 (diff=0.022655 amp=1.862028)  diff_lr=0.00e+00 amp_lr=1.00e-05

Training complete.

==========================================
exp053: Training complete at: Mon Mar 30 15:31:26     2026
Starting evaluation...
==========================================
C:\lxr\study\final\src\model\evaluate.py:207: FutureWarning: `torch.cuda.amp.autocast(args...)` is deprecated. Please use `torch.amp.autocast('cuda', args...)` instead.
  autocast_ctx = torch.cuda.amp.autocast() if device.type == "cuda" else torch.inference_mode()
Device: cuda
Test tracks: 30

--- Evaluating Baseline ---
WARNING: experiments/checkpoints/exp053/baseline_best.pt not found, using random weights
{
  "baseline_rpa": {
    "mean": 0.9355481649754612,
    "std": 0.03764776664877556,
    "min": 0.7956131605184447,
    "max": 0.9767600820232399
  },
  "baseline_f0_mae": {
    "mean": 39.50845317840576,
    "std": 49.86806509543068,
    "min": 16.03751564025879,
    "max": 282.6634521484375
  },
  "baseline_amp_corr": {
    "mean": -0.002743365246973553,
    "std": 0.17470132134027344,
    "min": -0.3419683894176677,
    "max": 0.3497625597775579
  },
  "baseline_amp_rmse_log": {
    "mean": 4.325223318735758,
    "std": 1.3071511130741638,
    "min": 2.4126510620117188,
    "max": 8.111759185791016
  },
  "baseline_vde_mean": {
    "mean": 12.894146397340245,
    "std": 9.669169786625822,
    "min": 1.786525736671908,
    "max": 47.956625827969326
  },
  "baseline_vre_mean": {
    "mean": 0.9657137265916713,
    "std": 0.48759952816892754,
    "min": 0.0,
    "max": 2.2446097452727733
  },
  "baseline_n_vibrato_notes": {
    "mean": 14.6,
    "std": 11.597700921590738,
    "min": 1.0,
    "max": 45.0
  }
}

--- Evaluating Diffusion ---
Loaded baseline from config fallback: experiments/checkpoints/exp033/baseline_best.pt
Loaded frozen diffusion from config fallback: experiments/checkpoints/exp034/diffusion_best_ema.pt
Loaded TCNAmpPredictor (channels=256, layers=8, kernel=3, dropout=0.2) from experiments/checkpoints/exp053/amp_predictor_best.pt
  Track 1: truncated 13092 -> 8192 frames (4900 dropped)
  Track 2: truncated 13092 -> 8192 frames (4900 dropped)
  Track 3: truncated 22520 -> 8192 frames (14328 dropped)
  Track 4: truncated 22520 -> 8192 frames (14328 dropped)
  Track 5: truncated 22520 -> 8192 frames (14328 dropped)
  Track 6: truncated 22520 -> 8192 frames (14328 dropped)
  Track 7: truncated 13092 -> 8192 frames (4900 dropped)
  Track 8: truncated 22520 -> 8192 frames (14328 dropped)
  Track 27: truncated 19106 -> 8192 frames (10914 dropped)
{
  "diffusion_rpa_mean": {
    "mean": 0.9053228794272047,
    "std": 0.054737785731940374,
    "min": 0.7186440677966102,
    "max": 0.9852059925093632
  },
  "diffusion_rpa_oracle": {
    "mean": 0.9386740574659799,
    "std": 0.03613410372168389,
    "min": 0.7936191425722832,
    "max": 0.9897003745318352
  },
  "diffusion_f0_mae_mean": {
    "mean": 37.31116771062216,
    "std": 49.08877693810606,
    "min": 13.159694480895997,
    "max": 291.8096435546875
  },
  "diffusion_f0_mae_oracle": {
    "mean": 30.405364831288654,
    "std": 47.451842648537315,
    "min": 11.26857852935791,
    "max": 280.8116149902344
  },
  "diffusion_amp_corr_mean": {
    "mean": 0.7600197880113579,
    "std": 0.09351868602613629,
    "min": 0.5828955635807898,
    "max": 0.9036336832393659
  },
  "diffusion_amp_corr_oracle": {
    "mean": 0.7600197880113579,
    "std": 0.0935186860261363,
    "min": 0.5828955635807898,
    "max": 0.9036336832393659
  },
  "diffusion_amp_rmse_log_mean": {
    "mean": 0.8534212569395702,
    "std": 0.5586642941922787,
    "min": 0.3765346109867096,
    "max": 3.4525504112243652
  },
  "diffusion_amp_rmse_log_oracle": {
    "mean": 0.8534212569395702,
    "std": 0.5586642941922787,
    "min": 0.3765346109867096,
    "max": 3.4525504112243652
  },
  "diffusion_vde_mean_avg": {
    "mean": 11.142009895378463,
    "std": 7.963329058362327,
    "min": 1.3776844295683464,
    "max": 33.403604780734106
  },
  "diffusion_vde_mean_oracle": {
    "mean": 9.760079019914734,
    "std": 7.457775847609056,
    "min": 1.1405829663178415,
    "max": 33.02047793933006
  },
  "diffusion_vre_mean_avg": {
    "mean": 0.7737988699277737,
    "std": 0.29047797539890247,
    "min": 0.0,
    "max": 1.2745792507339206
  },
  "diffusion_vre_mean_oracle": {
    "mean": 0.748304870229462,
    "std": 0.3049963769841878,
    "min": 0.0,
    "max": 1.3971900337804193
  },
  "diffusion_f0_diversity_cents": {
    "mean": 19.929942194620768,
    "std": 10.257668123512627,
    "min": 8.366543769836426,
    "max": 49.24072265625
  },
  "diffusion_amp_diversity": {
    "mean": 2.725827538222851e-10,
    "std": 2.8766087181269095e-10,
    "min": 5.958519788684669e-11,
    "max": 9.467515660332992e-10
  },
  "diffusion_n_vibrato_notes": {
    "mean": 34.0,
    "std": 17.410724664221572,
    "min": 2.0,
    "max": 71.0
  }
}

Results saved to experiments/results/exp053.json

==========================================
exp053: All done at: Mon Mar 30 15:39:37     2026
Results: experiments/results/exp053.json
==========================================
[Training] Finished with exit code: 0
[Worker] Logging results...
Results logged. No update to "当前最佳" needed since exp053's Amp Corr 0.760 is below the current best (exp039: 0.807).

**exp053 Summary — TCN AmpPredictor (dilated CNN): ❌ Failed**

| Metric | exp045 (GRU+Attn) | exp053 (TCN) | Delta |
|--------|-------------------|-------------|-------|
| **Amp Corr** | **0.781** | 0.760 | **-2.7%** |
| Amp RMSE(log) | 0.649 | 0.853 | +31.4% |
| Best epoch | 34 | 295 | — |
| Train/test gap | ~0.14 | ~1.20 | 10x worse |

**Key findings:**
1. **TCN is worse than GRU+Attn** — Amp Corr 0.760 vs 0.781 (-2.7%), RMSE much worse
2. **Severe overfitting** — train loss 0.55 vs test loss 1.75 (gap = 1.2, 10x worse than GRU's 0.14)
3. **TCN lacks global context** — The 511-frame dilated receptive field is insufficient compared to GRU+Attention's full-sequence modeling capability
4. **Architecture is NOT the bottleneck** — Both GRU+Attn (0.781) and TCN (0.760) hit ~0.76-0.78 ceiling without instrument conditioning, confirming the ceiling is data/task-driven, not architecture-driven

exp039 remains global best for Amp Corr (0.807). exp041 remains best for amp diversity (0.010).
[Supervisor] Reviewing results...
The plan is written. Let me print a summary for the terminal.

---

## 📊 Supervisor Review Summary — Round 69

### Experiment Reviewed: exp053 (TCN AmpPredictor)
- **Result**: Amp Corr = **0.760** — ❌ Worse than GRU (0.789) by 3.7%
- **Training**: Overfitting (train loss 12.6→0.57 continuous decline, test loss plateaus at ~1.78)
- **RMSE**: 0.853 (much worse than GRU's 0.649)
- **Code review**: No bugs found. All exp052 reverts (7-dim features, input_dim=7) confirmed correct.

### Key Finding: Architecture is NOT the Bottleneck
| Architecture | Amp Corr | Verdict |
|---|---|---|
| GRU (exp048) | **0.789** | ✅ Best |
| GRU+Attention (exp045) | 0.781 | ❌ Slightly worse |
| **TCN (exp053)** | **0.760** | **❌ Worst** |

**35 experiments** across all major directions (architecture, loss, features, diffusion, conditioning, two-step, adapter, global stats, TCN) confirm a ceiling at ~0.789 without instrument labels.

### Next Plan: exp054 — Knowledge Distillation from exp039
- **Approach**: Pre-compute teacher (exp039, inst-conditioned, 0.807) amp predictions → train student (GRU, no inst) with combined task + distillation loss
- **Why**: Only remaining high-priority direction with theoretical justification. Teacher's soft targets implicitly encode instrument-specific amp patterns
- **Expected**: Amp Corr 0.795-0.805
- **Code needed**: New `precompute_teacher.py` script + minimal train.py modifications for KD loss
- **Priority**: HIGH

### Critical Issues
- [W1] Worker should write full results sections after each experiment (not just update history table)
[Backup] Saving source code to experiments/checkpoints/exp053/src_backup...

Round 66 complete. Check experiments/log.md for results.

========================================
  Round 67 / 20
========================================
[Worker] Preparing experiment...
Works correctly. Let me now provide a brief summary.

---

## Summary of exp054 Preparation

### What was planned (from 下一步计划)
**exp054: Knowledge Distillation** — Transfer instrument-specific amp knowledge from exp039 (instrument-conditioned teacher, Amp Corr 0.807) to an instrument-free student model.

### What was implemented

1. **New file: `src/model/precompute_teacher.py`**
   - Loads exp033 encoder + exp039 AmpPredictor (instrument_conditioned=True, GRU+Attention)
   - Runs inference on all training tracks to produce full-length teacher predictions
   - Saves `{track_idx: tensor(T,)}` dict to `teacher_preds.pt`

2. **Modified: `src/model/train.py`** (2 additions)
   - **KD loading** (lines 662-675): Before training starts, loads pre-computed teacher predictions if `kd_teacher_preds` path is in config
   - **KD loss** (lines 857-872): In the training loop, after all other amp losses, adds `kd_weight * MSE(student_pred, teacher_pred)` using `track_idx` and `crop_start` to index into the teacher predictions
   - Test loop does NOT include KD loss (teacher was trained on training tracks only)

3. **New config: `experiments/configs/exp054.yaml`**
   - Student: Standard GRU AmpPredictor (hidden=256, gru_hidden=128, 2 layers, no attention, no instrument)
   - KD: `kd_weight=0.5`, equal weight between task loss and distillation loss
   - Same optimizer/augmentation as exp048 (best no-instrument baseline)

4. **Training script: `experiments/next_train_cmd.sh`**
   - Step 1: Copy checkpoints from exp033/exp034
   - Step 2: Pre-compute teacher predictions (~5 min)
   - Step 3: Train student with KD (300 epochs)
   - Step 4: Evaluate with diffusion f0 + amp metrics

### Expected results
| Metric | exp048 (no inst) | exp039 (teacher) | exp054 (KD) |
|--------|-----------------|-----------------|-------------|
| Amp Corr | 0.789 | 0.807 | **0.795-0.805** |
[Training] Executing training script...
==========================================
exp054: Knowledge Distillation from exp039
Started at: Mon Mar 30 16:00:30     2026
==========================================
Copying baseline checkpoint...
Copying diffusion checkpoint...

==========================================
Step 1: Pre-computing teacher predictions...
==========================================
C:\lxr\study\final\src\model\diffusion.py:434: UserWarning: enable_nested_tensor is True, but self.use_nested_tensor is False because encoder_layer.norm_first was True
  self.attn = nn.TransformerEncoder(attn_layer, num_layers=n_attn_layers)
Device: cuda
Loaded encoder from C:\lxr\study\final\experiments/checkpoints/exp033/baseline_best.pt
Loaded teacher AmpPredictor from C:\lxr\study\final\experiments/checkpoints/exp039/amp_predictor_best.pt (1,721,665 params)
Training tracks: 153
  [1/153] data.npz inst=vn T=6264 amp_range=[-6.894, -2.672]
  [20/153] data.npz inst=vn T=17362 amp_range=[-6.846, -2.877]
  [40/153] data.npz inst=va T=11910 amp_range=[-5.988, -2.769]
  [60/153] data.npz inst=fl T=17199 amp_range=[-6.131, -2.052]
  [80/153] data.npz inst=cl T=17199 amp_range=[-6.958, -3.009]
  [100/153] data.npz inst=tpt T=8176 amp_range=[-7.729, -2.867]
  [120/153] data.npz inst=vn T=3325 amp_range=[-6.152, -1.605]
  [140/153] data.npz inst=bn T=4049 amp_range=[-5.772, -1.800]

Saved teacher predictions for 153 tracks to C:\lxr\study\final\experiments/checkpoints/exp054/teacher_preds.pt
Total frames: 1,426,499, Size: 5.4 MB

==========================================
Step 2: Training student with KD...
==========================================
Device: cuda
Config: {
  "data_dir": "C:\\lxr\\study\\final\\datagen\\solo\\URMP",
  "bach10_dir": "C:\\lxr\\study\\final\\datagen\\solo\\Bach10",
  "phenicx_dir": "C:\\lxr\\study\\final\\datagen\\solo\\PHENICX",
  "trios_dir": "C:\\lxr\\study\\final\\datagen\\solo\\TRIOS",
  "output_dir": "experiments/checkpoints/exp054",
  "instruments": [
    "vn",
    "va",
    "vc",
    "fl",
    "ob",
    "cl",
    "sax",
    "tpt",
    "tbn",
    "bn"
  ],
  "crop_len": 512,
  "seed": 42,
  "stage1": {
    "batch_size": 32,
    "lr": 0.001,
    "epochs": 100,
    "lam": 1.0,
    "patience": 15,
    "lr_patience": 5,
    "lr_factor": 0.5,
    "dropout": 0.3
  },
  "stage2": {
    "batch_size": 16,
    "lr": 0.0002,
    "epochs": 300,
    "ema_decay": 0.995,
    "n_diffusion_steps": 1000,
    "samples_per_epoch": 1860,
    "lr_min": 1e-05,
    "n_channels": 1,
    "amp_type": "gru",
    "amp_hidden": 256,
    "amp_gru_hidden": 128,
    "amp_gru_layers": 2,
    "amp_dropout": 0.3,
    "amp_use_attention": false,
    "amp_instrument_conditioned": false,
    "amp_note_position_conditioned": false,
    "amp_f0_conditioned": false,
    "amp_velocity_conditioned": false,
    "amp_condition_dropout": 0.0,
    "amp_corr_weight": 0.3,
    "amp_grad_weight": 0.2,
    "kd_teacher_preds": "experiments/checkpoints/exp054/teacher_preds.pt",
    "kd_weight": 0.5,
    "freeze_diffusion": true,
    "diffusion_checkpoint": "experiments/checkpoints/exp034/diffusion_best_ema.pt",
    "amp_lr": 5e-05,
    "amp_weight_decay": 0.0001,
    "amp_augment": true,
    "amp_augment_scale": 0.2,
    "amp_augment_jitter": 0.05
  },
  "stage3": {
    "batch_size": 16,
    "lr": 0.0002,
    "epochs": 200,
    "ema_decay": 0.995,
    "n_diffusion_steps": 1000,
    "samples_per_epoch": null
  },
  "save_every": 10,
  "baseline_checkpoint": "experiments/checkpoints/exp033/baseline_best.pt"
}
Loaded baseline from experiments/checkpoints/exp033/baseline_best.pt

============================================================
Stage 2: Training 1ch Diffusion (f0) + AmpPredictor
============================================================
Train: 153 tracks, samples_per_epoch=1860
Amp log stats: mean=-4.6780, std=1.5514
Diffusion n_channels=1
Loaded pre-trained diffusion from experiments/checkpoints/exp034/diffusion_best_ema.pt
Diffusion FROZEN �� only training AmpPredictor
AmpPredictor enabled (hidden=256, gru_hidden=128, layers=2, dropout=0.3, f0_conditioned=False, use_attention=False, n_attn_heads=4, n_attn_layers=2, instrument_conditioned=False, note_position_conditioned=False, velocity_conditioned=False, condition_dropout=0.0)
AmpPredictor optimizer: lr=5e-05, weight_decay=0.0001
Using CosineAnnealingLR (amp): lr 5e-05 -> 1e-05 over 300 epochs
Amplitude augmentation ENABLED: scale=0.2, jitter=0.05
Knowledge Distillation ENABLED: loaded teacher preds for 153 tracks, kd_weight=0.5
Epoch 1/300  train=11.687719 (diff=0.033126 amp=11.687719)  test=1.992087 (diff=0.024906 amp=1.967181)  diff_lr=0.00e+00 amp_lr=5.00e-05
  -> New best test_loss=1.992087
  -> New best test_amp_loss=1.967181, saved amp_predictor
Epoch 2/300  train=1.078032 (diff=0.034380 amp=1.078032)  test=1.966471 (diff=0.031618 amp=1.934852)  diff_lr=0.00e+00 amp_lr=5.00e-05
  -> New best test_loss=1.966471
  -> New best test_amp_loss=1.934852, saved amp_predictor
Epoch 3/300  train=1.004369 (diff=0.030947 amp=1.004369)  test=1.923660 (diff=0.022127 amp=1.901533)  diff_lr=0.00e+00 amp_lr=5.00e-05
  -> New best test_loss=1.923660
  -> New best test_amp_loss=1.901533, saved amp_predictor
Epoch 4/300  train=1.094172 (diff=0.031728 amp=1.094172)  test=1.922043 (diff=0.028476 amp=1.893567)  diff_lr=0.00e+00 amp_lr=5.00e-05
  -> New best test_loss=1.922043
  -> New best test_amp_loss=1.893567, saved amp_predictor
Epoch 5/300  train=1.073140 (diff=0.031057 amp=1.073140)  test=1.903409 (diff=0.020409 amp=1.883000)  diff_lr=0.00e+00 amp_lr=5.00e-05
  -> New best test_loss=1.903409
  -> New best test_amp_loss=1.883000, saved amp_predictor
Epoch 6/300  train=1.062553 (diff=0.031642 amp=1.062553)  test=1.894553 (diff=0.014747 amp=1.879806)  diff_lr=0.00e+00 amp_lr=5.00e-05
  -> New best test_loss=1.894553
  -> New best test_amp_loss=1.879806, saved amp_predictor
Epoch 7/300  train=1.014809 (diff=0.031253 amp=1.014809)  test=1.905682 (diff=0.023368 amp=1.882315)  diff_lr=0.00e+00 amp_lr=5.00e-05
Epoch 8/300  train=0.967391 (diff=0.031550 amp=0.967391)  test=1.903267 (diff=0.027369 amp=1.875899)  diff_lr=0.00e+00 amp_lr=4.99e-05
  -> New best test_amp_loss=1.875899, saved amp_predictor
Epoch 9/300  train=1.009787 (diff=0.032656 amp=1.009787)  test=1.901705 (diff=0.030498 amp=1.871207)  diff_lr=0.00e+00 amp_lr=4.99e-05
  -> New best test_amp_loss=1.871207, saved amp_predictor
Epoch 10/300  train=0.994787 (diff=0.031648 amp=0.994787)  test=1.909930 (diff=0.027120 amp=1.882809)  diff_lr=0.00e+00 amp_lr=4.99e-05
Epoch 11/300  train=0.971995 (diff=0.033634 amp=0.971995)  test=1.906790 (diff=0.027485 amp=1.879304)  diff_lr=0.00e+00 amp_lr=4.99e-05
Epoch 12/300  train=0.960004 (diff=0.032034 amp=0.960004)  test=1.898239 (diff=0.017212 amp=1.881027)  diff_lr=0.00e+00 amp_lr=4.99e-05
Epoch 13/300  train=1.020400 (diff=0.029645 amp=1.020400)  test=1.915219 (diff=0.021061 amp=1.894158)  diff_lr=0.00e+00 amp_lr=4.98e-05
Epoch 14/300  train=0.945872 (diff=0.031969 amp=0.945872)  test=1.903885 (diff=0.021914 amp=1.881971)  diff_lr=0.00e+00 amp_lr=4.98e-05
Epoch 15/300  train=0.944109 (diff=0.030738 amp=0.944109)  test=1.934426 (diff=0.027276 amp=1.907150)  diff_lr=0.00e+00 amp_lr=4.98e-05
Epoch 16/300  train=0.959164 (diff=0.033765 amp=0.959164)  test=1.915824 (diff=0.023604 amp=1.892219)  diff_lr=0.00e+00 amp_lr=4.98e-05
Epoch 17/300  train=0.942784 (diff=0.031042 amp=0.942784)  test=1.923744 (diff=0.036027 amp=1.887717)  diff_lr=0.00e+00 amp_lr=4.97e-05
Epoch 18/300  train=0.950059 (diff=0.032533 amp=0.950059)  test=1.901953 (diff=0.014347 amp=1.887606)  diff_lr=0.00e+00 amp_lr=4.97e-05
Epoch 19/300  train=0.967163 (diff=0.030760 amp=0.967163)  test=1.909532 (diff=0.021509 amp=1.888023)  diff_lr=0.00e+00 amp_lr=4.96e-05
Epoch 20/300  train=0.924189 (diff=0.031246 amp=0.924189)  test=1.907551 (diff=0.020813 amp=1.886739)  diff_lr=0.00e+00 amp_lr=4.96e-05
Epoch 21/300  train=0.925413 (diff=0.030362 amp=0.925413)  test=1.901201 (diff=0.019504 amp=1.881697)  diff_lr=0.00e+00 amp_lr=4.96e-05
Epoch 22/300  train=0.971001 (diff=0.033194 amp=0.971001)  test=1.895367 (diff=0.016310 amp=1.879057)  diff_lr=0.00e+00 amp_lr=4.95e-05
Epoch 23/300  train=0.923375 (diff=0.031873 amp=0.923375)  test=1.906025 (diff=0.016951 amp=1.889074)  diff_lr=0.00e+00 amp_lr=4.95e-05
Epoch 24/300  train=0.962188 (diff=0.032191 amp=0.962188)  test=1.910169 (diff=0.023882 amp=1.886288)  diff_lr=0.00e+00 amp_lr=4.94e-05
Epoch 25/300  train=0.888307 (diff=0.034394 amp=0.888307)  test=1.892602 (diff=0.018855 amp=1.873747)  diff_lr=0.00e+00 amp_lr=4.94e-05
  -> New best test_loss=1.892602
Epoch 26/300  train=0.976360 (diff=0.030793 amp=0.976360)  test=1.907758 (diff=0.035045 amp=1.872713)  diff_lr=0.00e+00 amp_lr=4.93e-05
Epoch 27/300  train=0.889810 (diff=0.030951 amp=0.889810)  test=1.909137 (diff=0.027346 amp=1.881791)  diff_lr=0.00e+00 amp_lr=4.93e-05
Epoch 28/300  train=0.924857 (diff=0.031887 amp=0.924857)  test=1.887395 (diff=0.019882 amp=1.867513)  diff_lr=0.00e+00 amp_lr=4.92e-05
  -> New best test_loss=1.887395
  -> New best test_amp_loss=1.867513, saved amp_predictor
Epoch 29/300  train=0.902804 (diff=0.034451 amp=0.902804)  test=1.890006 (diff=0.020665 amp=1.869341)  diff_lr=0.00e+00 amp_lr=4.91e-05
Epoch 30/300  train=0.958689 (diff=0.031846 amp=0.958689)  test=1.893062 (diff=0.021506 amp=1.871555)  diff_lr=0.00e+00 amp_lr=4.91e-05
Epoch 31/300  train=0.898213 (diff=0.030854 amp=0.898213)  test=1.886611 (diff=0.014050 amp=1.872561)  diff_lr=0.00e+00 amp_lr=4.90e-05
  -> New best test_loss=1.886611
Epoch 32/300  train=0.900343 (diff=0.030726 amp=0.900343)  test=1.895203 (diff=0.031066 amp=1.864137)  diff_lr=0.00e+00 amp_lr=4.90e-05
  -> New best test_amp_loss=1.864137, saved amp_predictor
Epoch 33/300  train=0.919896 (diff=0.029995 amp=0.919896)  test=1.904635 (diff=0.027458 amp=1.877177)  diff_lr=0.00e+00 amp_lr=4.89e-05
Epoch 34/300  train=0.894556 (diff=0.029340 amp=0.894556)  test=1.897100 (diff=0.017999 amp=1.879100)  diff_lr=0.00e+00 amp_lr=4.88e-05
Epoch 35/300  train=0.954500 (diff=0.032591 amp=0.954500)  test=1.890465 (diff=0.024835 amp=1.865630)  diff_lr=0.00e+00 amp_lr=4.87e-05
Epoch 36/300  train=0.882240 (diff=0.031177 amp=0.882240)  test=1.894338 (diff=0.031603 amp=1.862735)  diff_lr=0.00e+00 amp_lr=4.87e-05
  -> New best test_amp_loss=1.862735, saved amp_predictor
Epoch 37/300  train=0.945268 (diff=0.031902 amp=0.945268)  test=1.885545 (diff=0.022425 amp=1.863120)  diff_lr=0.00e+00 amp_lr=4.86e-05
  -> New best test_loss=1.885545
Epoch 38/300  train=0.927841 (diff=0.033000 amp=0.927841)  test=1.882817 (diff=0.014694 amp=1.868123)  diff_lr=0.00e+00 amp_lr=4.85e-05
  -> New best test_loss=1.882817
Epoch 39/300  train=0.925802 (diff=0.032171 amp=0.925802)  test=1.880243 (diff=0.021178 amp=1.859066)  diff_lr=0.00e+00 amp_lr=4.84e-05
  -> New best test_loss=1.880243
  -> New best test_amp_loss=1.859066, saved amp_predictor
Epoch 40/300  train=0.867231 (diff=0.031984 amp=0.867231)  test=1.889131 (diff=0.028048 amp=1.861083)  diff_lr=0.00e+00 amp_lr=4.84e-05
Epoch 41/300  train=0.979921 (diff=0.030511 amp=0.979921)  test=1.893339 (diff=0.019621 amp=1.873718)  diff_lr=0.00e+00 amp_lr=4.83e-05
Epoch 42/300  train=0.898730 (diff=0.034615 amp=0.898730)  test=1.877645 (diff=0.017827 amp=1.859818)  diff_lr=0.00e+00 amp_lr=4.82e-05
  -> New best test_loss=1.877645
Epoch 43/300  train=0.884403 (diff=0.029009 amp=0.884403)  test=1.887080 (diff=0.020614 amp=1.866465)  diff_lr=0.00e+00 amp_lr=4.81e-05
Epoch 44/300  train=0.878721 (diff=0.033279 amp=0.878721)  test=1.878239 (diff=0.017384 amp=1.860855)  diff_lr=0.00e+00 amp_lr=4.80e-05
Epoch 45/300  train=0.916323 (diff=0.030618 amp=0.916323)  test=1.881134 (diff=0.019304 amp=1.861830)  diff_lr=0.00e+00 amp_lr=4.79e-05
Epoch 46/300  train=0.934338 (diff=0.031820 amp=0.934338)  test=1.890886 (diff=0.028858 amp=1.862028)  diff_lr=0.00e+00 amp_lr=4.78e-05
Epoch 47/300  train=0.881929 (diff=0.032535 amp=0.881929)  test=1.888369 (diff=0.021424 amp=1.866945)  diff_lr=0.00e+00 amp_lr=4.77e-05
Epoch 48/300  train=0.911523 (diff=0.031144 amp=0.911523)  test=1.877066 (diff=0.013553 amp=1.863513)  diff_lr=0.00e+00 amp_lr=4.76e-05
  -> New best test_loss=1.877066
Epoch 49/300  train=0.890513 (diff=0.031533 amp=0.890513)  test=1.882786 (diff=0.022607 amp=1.860179)  diff_lr=0.00e+00 amp_lr=4.75e-05
Epoch 50/300  train=0.925374 (diff=0.031241 amp=0.925374)  test=1.868639 (diff=0.014769 amp=1.853870)  diff_lr=0.00e+00 amp_lr=4.74e-05
  -> New best test_loss=1.868639
  -> New best test_amp_loss=1.853870, saved amp_predictor
Epoch 51/300  train=0.959355 (diff=0.030475 amp=0.959355)  test=1.865500 (diff=0.015946 amp=1.849554)  diff_lr=0.00e+00 amp_lr=4.73e-05
  -> New best test_loss=1.865500
  -> New best test_amp_loss=1.849554, saved amp_predictor
Epoch 52/300  train=0.885798 (diff=0.031356 amp=0.885798)  test=1.882775 (diff=0.022607 amp=1.860168)  diff_lr=0.00e+00 amp_lr=4.72e-05
Epoch 53/300  train=0.859512 (diff=0.030880 amp=0.859512)  test=1.877539 (diff=0.022640 amp=1.854898)  diff_lr=0.00e+00 amp_lr=4.71e-05
Epoch 54/300  train=0.847560 (diff=0.031128 amp=0.847560)  test=1.876039 (diff=0.016884 amp=1.859154)  diff_lr=0.00e+00 amp_lr=4.70e-05
Epoch 55/300  train=0.874104 (diff=0.030121 amp=0.874104)  test=1.876065 (diff=0.027106 amp=1.848959)  diff_lr=0.00e+00 amp_lr=4.69e-05
  -> New best test_amp_loss=1.848959, saved amp_predictor
Epoch 56/300  train=0.867528 (diff=0.029821 amp=0.867528)  test=1.866878 (diff=0.021080 amp=1.845797)  diff_lr=0.00e+00 amp_lr=4.68e-05
  -> New best test_amp_loss=1.845797, saved amp_predictor
Epoch 57/300  train=0.848196 (diff=0.032313 amp=0.848196)  test=1.864996 (diff=0.015510 amp=1.849486)  diff_lr=0.00e+00 amp_lr=4.67e-05
  -> New best test_loss=1.864996
Epoch 58/300  train=0.872821 (diff=0.031433 amp=0.872821)  test=1.873295 (diff=0.021620 amp=1.851674)  diff_lr=0.00e+00 amp_lr=4.65e-05
Epoch 59/300  train=0.874231 (diff=0.030505 amp=0.874231)  test=1.864520 (diff=0.020085 amp=1.844435)  diff_lr=0.00e+00 amp_lr=4.64e-05
  -> New best test_loss=1.864520
  -> New best test_amp_loss=1.844435, saved amp_predictor
Epoch 60/300  train=0.852400 (diff=0.031814 amp=0.852400)  test=1.881455 (diff=0.027410 amp=1.854045)  diff_lr=0.00e+00 amp_lr=4.63e-05
Epoch 61/300  train=0.874109 (diff=0.032047 amp=0.874109)  test=1.870405 (diff=0.022825 amp=1.847579)  diff_lr=0.00e+00 amp_lr=4.62e-05
Epoch 62/300  train=0.854003 (diff=0.033050 amp=0.854003)  test=1.853256 (diff=0.016148 amp=1.837108)  diff_lr=0.00e+00 amp_lr=4.61e-05
  -> New best test_loss=1.853256
  -> New best test_amp_loss=1.837108, saved amp_predictor
Epoch 63/300  train=0.904691 (diff=0.032211 amp=0.904691)  test=1.858668 (diff=0.016602 amp=1.842065)  diff_lr=0.00e+00 amp_lr=4.59e-05
Epoch 64/300  train=0.846017 (diff=0.030990 amp=0.846017)  test=1.861098 (diff=0.020907 amp=1.840191)  diff_lr=0.00e+00 amp_lr=4.58e-05
Epoch 65/300  train=0.850765 (diff=0.031018 amp=0.850765)  test=1.859293 (diff=0.016185 amp=1.843107)  diff_lr=0.00e+00 amp_lr=4.57e-05
Epoch 66/300  train=0.877726 (diff=0.032258 amp=0.877726)  test=1.863259 (diff=0.020169 amp=1.843089)  diff_lr=0.00e+00 amp_lr=4.55e-05
Epoch 67/300  train=0.862796 (diff=0.029784 amp=0.862796)  test=1.850585 (diff=0.014462 amp=1.836123)  diff_lr=0.00e+00 amp_lr=4.54e-05
  -> New best test_loss=1.850585
  -> New best test_amp_loss=1.836123, saved amp_predictor
Epoch 68/300  train=0.886224 (diff=0.031133 amp=0.886224)  test=1.857069 (diff=0.020764 amp=1.836305)  diff_lr=0.00e+00 amp_lr=4.53e-05
Epoch 69/300  train=0.837579 (diff=0.030616 amp=0.837579)  test=1.852133 (diff=0.019223 amp=1.832910)  diff_lr=0.00e+00 amp_lr=4.51e-05
  -> New best test_amp_loss=1.832910, saved amp_predictor
Epoch 70/300  train=0.854042 (diff=0.031014 amp=0.854042)  test=1.862441 (diff=0.016402 amp=1.846039)  diff_lr=0.00e+00 amp_lr=4.50e-05
Epoch 71/300  train=0.826848 (diff=0.031743 amp=0.826848)  test=1.862355 (diff=0.023873 amp=1.838482)  diff_lr=0.00e+00 amp_lr=4.49e-05
Epoch 72/300  train=0.895160 (diff=0.032316 amp=0.895160)  test=1.872005 (diff=0.025686 amp=1.846319)  diff_lr=0.00e+00 amp_lr=4.47e-05
Epoch 73/300  train=0.893021 (diff=0.032203 amp=0.893021)  test=1.881568 (diff=0.026555 amp=1.855013)  diff_lr=0.00e+00 amp_lr=4.46e-05
Epoch 74/300  train=0.904029 (diff=0.033333 amp=0.904029)  test=1.851832 (diff=0.014667 amp=1.837165)  diff_lr=0.00e+00 amp_lr=4.44e-05
Epoch 75/300  train=0.891421 (diff=0.031871 amp=0.891421)  test=1.841755 (diff=0.015842 amp=1.825913)  diff_lr=0.00e+00 amp_lr=4.43e-05
  -> New best test_loss=1.841755
  -> New best test_amp_loss=1.825913, saved amp_predictor
Epoch 76/300  train=0.836440 (diff=0.033278 amp=0.836440)  test=1.877429 (diff=0.026778 amp=1.850651)  diff_lr=0.00e+00 amp_lr=4.41e-05
Epoch 77/300  train=0.871592 (diff=0.032416 amp=0.871592)  test=1.851029 (diff=0.023859 amp=1.827170)  diff_lr=0.00e+00 amp_lr=4.40e-05
Epoch 78/300  train=0.849094 (diff=0.035630 amp=0.849094)  test=1.852029 (diff=0.028393 amp=1.823637)  diff_lr=0.00e+00 amp_lr=4.38e-05
  -> New best test_amp_loss=1.823637, saved amp_predictor
Epoch 79/300  train=0.919283 (diff=0.030378 amp=0.919283)  test=1.849112 (diff=0.022114 amp=1.826998)  diff_lr=0.00e+00 amp_lr=4.37e-05
Epoch 80/300  train=0.827990 (diff=0.031722 amp=0.827990)  test=1.846469 (diff=0.021102 amp=1.825367)  diff_lr=0.00e+00 amp_lr=4.35e-05
Epoch 81/300  train=0.834196 (diff=0.031446 amp=0.834196)  test=1.882076 (diff=0.039072 amp=1.843004)  diff_lr=0.00e+00 amp_lr=4.34e-05
Epoch 82/300  train=0.848224 (diff=0.032651 amp=0.848224)  test=1.879798 (diff=0.019095 amp=1.860703)  diff_lr=0.00e+00 amp_lr=4.32e-05
Epoch 83/300  train=0.833744 (diff=0.031336 amp=0.833744)  test=1.842846 (diff=0.016265 amp=1.826581)  diff_lr=0.00e+00 amp_lr=4.31e-05
Epoch 84/300  train=0.860149 (diff=0.030739 amp=0.860149)  test=1.853855 (diff=0.026087 amp=1.827768)  diff_lr=0.00e+00 amp_lr=4.29e-05
Epoch 85/300  train=0.823076 (diff=0.030562 amp=0.823076)  test=1.837908 (diff=0.016044 amp=1.821864)  diff_lr=0.00e+00 amp_lr=4.27e-05
  -> New best test_loss=1.837908
  -> New best test_amp_loss=1.821864, saved amp_predictor
Epoch 86/300  train=0.908501 (diff=0.032383 amp=0.908501)  test=1.839284 (diff=0.022414 amp=1.816869)  diff_lr=0.00e+00 amp_lr=4.26e-05
  -> New best test_amp_loss=1.816869, saved amp_predictor
Epoch 87/300  train=0.836690 (diff=0.030487 amp=0.836690)  test=1.841941 (diff=0.021789 amp=1.820152)  diff_lr=0.00e+00 amp_lr=4.24e-05
Epoch 88/300  train=0.809610 (diff=0.031826 amp=0.809610)  test=1.838596 (diff=0.023378 amp=1.815218)  diff_lr=0.00e+00 amp_lr=4.23e-05
  -> New best test_amp_loss=1.815218, saved amp_predictor
Epoch 89/300  train=0.860812 (diff=0.032080 amp=0.860812)  test=1.830755 (diff=0.016538 amp=1.814217)  diff_lr=0.00e+00 amp_lr=4.21e-05
  -> New best test_loss=1.830755
  -> New best test_amp_loss=1.814217, saved amp_predictor
Epoch 90/300  train=0.918464 (diff=0.032127 amp=0.918464)  test=1.850022 (diff=0.021326 amp=1.828696)  diff_lr=0.00e+00 amp_lr=4.19e-05
Epoch 91/300  train=0.907764 (diff=0.034237 amp=0.907764)  test=1.847999 (diff=0.023318 amp=1.824681)  diff_lr=0.00e+00 amp_lr=4.18e-05
Epoch 92/300  train=0.859454 (diff=0.031243 amp=0.859454)  test=1.866722 (diff=0.024723 amp=1.841999)  diff_lr=0.00e+00 amp_lr=4.16e-05
Epoch 93/300  train=0.805238 (diff=0.030070 amp=0.805238)  test=1.845802 (diff=0.029858 amp=1.815944)  diff_lr=0.00e+00 amp_lr=4.14e-05
Epoch 94/300  train=0.862008 (diff=0.034274 amp=0.862008)  test=1.863854 (diff=0.021143 amp=1.842711)  diff_lr=0.00e+00 amp_lr=4.12e-05
Epoch 95/300  train=0.812184 (diff=0.031620 amp=0.812184)  test=1.839219 (diff=0.022649 amp=1.816570)  diff_lr=0.00e+00 amp_lr=4.11e-05
Epoch 96/300  train=0.825208 (diff=0.031530 amp=0.825208)  test=1.838090 (diff=0.024844 amp=1.813246)  diff_lr=0.00e+00 amp_lr=4.09e-05
  -> New best test_amp_loss=1.813246, saved amp_predictor
Epoch 97/300  train=0.884908 (diff=0.032721 amp=0.884908)  test=1.835930 (diff=0.029963 amp=1.805967)  diff_lr=0.00e+00 amp_lr=4.07e-05
  -> New best test_amp_loss=1.805967, saved amp_predictor
Epoch 98/300  train=0.850545 (diff=0.030886 amp=0.850545)  test=1.835071 (diff=0.027626 amp=1.807445)  diff_lr=0.00e+00 amp_lr=4.05e-05
Epoch 99/300  train=0.863568 (diff=0.032414 amp=0.863568)  test=1.842393 (diff=0.018835 amp=1.823558)  diff_lr=0.00e+00 amp_lr=4.04e-05
Epoch 100/300  train=0.873372 (diff=0.029574 amp=0.873372)  test=1.830096 (diff=0.022561 amp=1.807535)  diff_lr=0.00e+00 amp_lr=4.02e-05
  -> New best test_loss=1.830096
Epoch 101/300  train=0.872032 (diff=0.032327 amp=0.872032)  test=1.825393 (diff=0.017162 amp=1.808231)  diff_lr=0.00e+00 amp_lr=4.00e-05
  -> New best test_loss=1.825393
Epoch 102/300  train=0.877028 (diff=0.030547 amp=0.877028)  test=1.834949 (diff=0.024391 amp=1.810558)  diff_lr=0.00e+00 amp_lr=3.98e-05
Epoch 103/300  train=0.895957 (diff=0.031767 amp=0.895957)  test=1.835452 (diff=0.033065 amp=1.802387)  diff_lr=0.00e+00 amp_lr=3.96e-05
  -> New best test_amp_loss=1.802387, saved amp_predictor
Epoch 104/300  train=0.838757 (diff=0.031356 amp=0.838757)  test=1.814314 (diff=0.008425 amp=1.805889)  diff_lr=0.00e+00 amp_lr=3.95e-05
  -> New best test_loss=1.814314
Epoch 105/300  train=0.866335 (diff=0.031396 amp=0.866335)  test=1.847197 (diff=0.030016 amp=1.817181)  diff_lr=0.00e+00 amp_lr=3.93e-05
Epoch 106/300  train=0.796100 (diff=0.031782 amp=0.796100)  test=1.832467 (diff=0.027688 amp=1.804779)  diff_lr=0.00e+00 amp_lr=3.91e-05
Epoch 107/300  train=0.882042 (diff=0.030832 amp=0.882042)  test=1.822884 (diff=0.018870 amp=1.804014)  diff_lr=0.00e+00 amp_lr=3.89e-05
Epoch 108/300  train=0.878745 (diff=0.031283 amp=0.878745)  test=1.821827 (diff=0.018368 amp=1.803459)  diff_lr=0.00e+00 amp_lr=3.87e-05
Epoch 109/300  train=0.834184 (diff=0.031536 amp=0.834184)  test=1.818323 (diff=0.019842 amp=1.798482)  diff_lr=0.00e+00 amp_lr=3.85e-05
  -> New best test_amp_loss=1.798482, saved amp_predictor
Epoch 110/300  train=0.828270 (diff=0.032943 amp=0.828270)  test=1.838710 (diff=0.016304 amp=1.822406)  diff_lr=0.00e+00 amp_lr=3.83e-05
Epoch 111/300  train=0.839707 (diff=0.030363 amp=0.839707)  test=1.865332 (diff=0.022085 amp=1.843247)  diff_lr=0.00e+00 amp_lr=3.81e-05
Epoch 112/300  train=0.864062 (diff=0.029992 amp=0.864062)  test=1.815313 (diff=0.014939 amp=1.800374)  diff_lr=0.00e+00 amp_lr=3.79e-05
Epoch 113/300  train=0.799122 (diff=0.032181 amp=0.799122)  test=1.828178 (diff=0.026759 amp=1.801419)  diff_lr=0.00e+00 amp_lr=3.78e-05
Epoch 114/300  train=0.850139 (diff=0.034326 amp=0.850139)  test=1.827110 (diff=0.019747 amp=1.807363)  diff_lr=0.00e+00 amp_lr=3.76e-05
Epoch 115/300  train=0.863668 (diff=0.030601 amp=0.863668)  test=1.842406 (diff=0.023258 amp=1.819148)  diff_lr=0.00e+00 amp_lr=3.74e-05
Epoch 116/300  train=0.854945 (diff=0.032933 amp=0.854945)  test=1.819955 (diff=0.020969 amp=1.798986)  diff_lr=0.00e+00 amp_lr=3.72e-05
Epoch 117/300  train=0.826541 (diff=0.032131 amp=0.826541)  test=1.831529 (diff=0.017561 amp=1.813968)  diff_lr=0.00e+00 amp_lr=3.70e-05
Epoch 118/300  train=0.816412 (diff=0.033813 amp=0.816412)  test=1.816159 (diff=0.017758 amp=1.798402)  diff_lr=0.00e+00 amp_lr=3.68e-05
  -> New best test_amp_loss=1.798402, saved amp_predictor
Epoch 119/300  train=0.830660 (diff=0.030897 amp=0.830660)  test=1.824473 (diff=0.021373 amp=1.803100)  diff_lr=0.00e+00 amp_lr=3.66e-05
Epoch 120/300  train=0.852864 (diff=0.033624 amp=0.852864)  test=1.847805 (diff=0.021590 amp=1.826215)  diff_lr=0.00e+00 amp_lr=3.64e-05
Epoch 121/300  train=0.823182 (diff=0.032811 amp=0.823182)  test=1.830646 (diff=0.025929 amp=1.804718)  diff_lr=0.00e+00 amp_lr=3.62e-05
Epoch 122/300  train=0.819938 (diff=0.031533 amp=0.819938)  test=1.814865 (diff=0.018421 amp=1.796443)  diff_lr=0.00e+00 amp_lr=3.60e-05
  -> New best test_amp_loss=1.796443, saved amp_predictor
Epoch 123/300  train=0.819896 (diff=0.031189 amp=0.819896)  test=1.807416 (diff=0.015975 amp=1.791441)  diff_lr=0.00e+00 amp_lr=3.58e-05
  -> New best test_loss=1.807416
  -> New best test_amp_loss=1.791441, saved amp_predictor
Epoch 124/300  train=0.825110 (diff=0.031760 amp=0.825110)  test=1.809688 (diff=0.018057 amp=1.791632)  diff_lr=0.00e+00 amp_lr=3.56e-05
Epoch 125/300  train=0.908495 (diff=0.029533 amp=0.908495)  test=1.807589 (diff=0.018675 amp=1.788914)  diff_lr=0.00e+00 amp_lr=3.54e-05
  -> New best test_amp_loss=1.788914, saved amp_predictor
Epoch 126/300  train=0.860866 (diff=0.032430 amp=0.860866)  test=1.822669 (diff=0.019190 amp=1.803479)  diff_lr=0.00e+00 amp_lr=3.52e-05
Epoch 127/300  train=0.867063 (diff=0.032158 amp=0.867063)  test=1.813768 (diff=0.018700 amp=1.795068)  diff_lr=0.00e+00 amp_lr=3.50e-05
Epoch 128/300  train=0.832724 (diff=0.030201 amp=0.832724)  test=1.828662 (diff=0.028396 amp=1.800266)  diff_lr=0.00e+00 amp_lr=3.48e-05
Epoch 129/300  train=0.824507 (diff=0.030793 amp=0.824507)  test=1.813950 (diff=0.016317 amp=1.797633)  diff_lr=0.00e+00 amp_lr=3.46e-05
Epoch 130/300  train=0.791572 (diff=0.029867 amp=0.791572)  test=1.834375 (diff=0.035960 amp=1.798415)  diff_lr=0.00e+00 amp_lr=3.44e-05
Epoch 131/300  train=0.867061 (diff=0.030762 amp=0.867061)  test=1.814916 (diff=0.013162 amp=1.801754)  diff_lr=0.00e+00 amp_lr=3.42e-05
Epoch 132/300  train=0.829470 (diff=0.031076 amp=0.829470)  test=1.815176 (diff=0.019676 amp=1.795500)  diff_lr=0.00e+00 amp_lr=3.40e-05
Epoch 133/300  train=0.857406 (diff=0.030329 amp=0.857406)  test=1.815958 (diff=0.022793 amp=1.793165)  diff_lr=0.00e+00 amp_lr=3.37e-05
Epoch 134/300  train=0.869479 (diff=0.031185 amp=0.869479)  test=1.819590 (diff=0.017748 amp=1.801842)  diff_lr=0.00e+00 amp_lr=3.35e-05
Epoch 135/300  train=0.875578 (diff=0.032388 amp=0.875578)  test=1.816151 (diff=0.023922 amp=1.792228)  diff_lr=0.00e+00 amp_lr=3.33e-05
Epoch 136/300  train=0.813464 (diff=0.033936 amp=0.813464)  test=1.818316 (diff=0.016657 amp=1.801659)  diff_lr=0.00e+00 amp_lr=3.31e-05
Epoch 137/300  train=0.842692 (diff=0.033013 amp=0.842692)  test=1.821570 (diff=0.030940 amp=1.790630)  diff_lr=0.00e+00 amp_lr=3.29e-05
Epoch 138/300  train=0.849868 (diff=0.031476 amp=0.849868)  test=1.806749 (diff=0.022858 amp=1.783891)  diff_lr=0.00e+00 amp_lr=3.27e-05
  -> New best test_loss=1.806749
  -> New best test_amp_loss=1.783891, saved amp_predictor
Epoch 139/300  train=0.809882 (diff=0.032420 amp=0.809882)  test=1.833747 (diff=0.020402 amp=1.813344)  diff_lr=0.00e+00 amp_lr=3.25e-05
Epoch 140/300  train=0.879027 (diff=0.031718 amp=0.879027)  test=1.822206 (diff=0.011784 amp=1.810422)  diff_lr=0.00e+00 amp_lr=3.23e-05
Epoch 141/300  train=0.800350 (diff=0.033792 amp=0.800350)  test=1.813170 (diff=0.018365 amp=1.794805)  diff_lr=0.00e+00 amp_lr=3.21e-05
Epoch 142/300  train=0.881218 (diff=0.032018 amp=0.881218)  test=1.812941 (diff=0.026117 amp=1.786824)  diff_lr=0.00e+00 amp_lr=3.19e-05
Epoch 143/300  train=0.873846 (diff=0.031842 amp=0.873846)  test=1.840728 (diff=0.015296 amp=1.825433)  diff_lr=0.00e+00 amp_lr=3.17e-05
Epoch 144/300  train=0.825054 (diff=0.031933 amp=0.825054)  test=1.816548 (diff=0.020755 amp=1.795793)  diff_lr=0.00e+00 amp_lr=3.15e-05
Epoch 145/300  train=0.846324 (diff=0.030654 amp=0.846324)  test=1.809647 (diff=0.017792 amp=1.791856)  diff_lr=0.00e+00 amp_lr=3.13e-05
Epoch 146/300  train=0.829453 (diff=0.031693 amp=0.829453)  test=1.846241 (diff=0.036296 amp=1.809945)  diff_lr=0.00e+00 amp_lr=3.10e-05
Epoch 147/300  train=0.816511 (diff=0.033008 amp=0.816511)  test=1.820488 (diff=0.026486 amp=1.794002)  diff_lr=0.00e+00 amp_lr=3.08e-05
Epoch 148/300  train=0.818039 (diff=0.031661 amp=0.818039)  test=1.806395 (diff=0.027215 amp=1.779180)  diff_lr=0.00e+00 amp_lr=3.06e-05
  -> New best test_loss=1.806395
  -> New best test_amp_loss=1.779180, saved amp_predictor
Epoch 149/300  train=0.825067 (diff=0.033203 amp=0.825067)  test=1.803087 (diff=0.024634 amp=1.778453)  diff_lr=0.00e+00 amp_lr=3.04e-05
  -> New best test_loss=1.803087
  -> New best test_amp_loss=1.778453, saved amp_predictor
Epoch 150/300  train=0.817570 (diff=0.032548 amp=0.817570)  test=1.804061 (diff=0.018579 amp=1.785483)  diff_lr=0.00e+00 amp_lr=3.02e-05
Epoch 151/300  train=0.850517 (diff=0.031645 amp=0.850517)  test=1.811091 (diff=0.017669 amp=1.793422)  diff_lr=0.00e+00 amp_lr=3.00e-05
Epoch 152/300  train=0.831433 (diff=0.030465 amp=0.831433)  test=1.797848 (diff=0.017149 amp=1.780699)  diff_lr=0.00e+00 amp_lr=2.98e-05
  -> New best test_loss=1.797848
Epoch 153/300  train=0.883027 (diff=0.033106 amp=0.883027)  test=1.799249 (diff=0.018679 amp=1.780570)  diff_lr=0.00e+00 amp_lr=2.96e-05
Epoch 154/300  train=0.812188 (diff=0.032702 amp=0.812188)  test=1.805224 (diff=0.024782 amp=1.780442)  diff_lr=0.00e+00 amp_lr=2.94e-05
Epoch 155/300  train=0.802254 (diff=0.030668 amp=0.802254)  test=1.794555 (diff=0.015448 amp=1.779107)  diff_lr=0.00e+00 amp_lr=2.92e-05
  -> New best test_loss=1.794555
Epoch 156/300  train=0.872651 (diff=0.030778 amp=0.872651)  test=1.820137 (diff=0.035713 amp=1.784424)  diff_lr=0.00e+00 amp_lr=2.90e-05
Epoch 157/300  train=0.837683 (diff=0.031071 amp=0.837683)  test=1.795678 (diff=0.017654 amp=1.778024)  diff_lr=0.00e+00 amp_lr=2.87e-05
  -> New best test_amp_loss=1.778024, saved amp_predictor
Epoch 158/300  train=0.835513 (diff=0.033260 amp=0.835513)  test=1.805626 (diff=0.027625 amp=1.778001)  diff_lr=0.00e+00 amp_lr=2.85e-05
  -> New best test_amp_loss=1.778001, saved amp_predictor
Epoch 159/300  train=0.886660 (diff=0.031936 amp=0.886660)  test=1.794601 (diff=0.019277 amp=1.775324)  diff_lr=0.00e+00 amp_lr=2.83e-05
  -> New best test_amp_loss=1.775324, saved amp_predictor
Epoch 160/300  train=0.770746 (diff=0.033443 amp=0.770746)  test=1.799756 (diff=0.019300 amp=1.780457)  diff_lr=0.00e+00 amp_lr=2.81e-05
Epoch 161/300  train=0.870905 (diff=0.032062 amp=0.870905)  test=1.813246 (diff=0.023604 amp=1.789641)  diff_lr=0.00e+00 amp_lr=2.79e-05
Epoch 162/300  train=0.860643 (diff=0.030599 amp=0.860643)  test=1.819583 (diff=0.032984 amp=1.786599)  diff_lr=0.00e+00 amp_lr=2.77e-05
Epoch 163/300  train=0.836819 (diff=0.032190 amp=0.836819)  test=1.814952 (diff=0.035608 amp=1.779344)  diff_lr=0.00e+00 amp_lr=2.75e-05
Epoch 164/300  train=0.856717 (diff=0.032073 amp=0.856717)  test=1.802664 (diff=0.023198 amp=1.779466)  diff_lr=0.00e+00 amp_lr=2.73e-05
Epoch 165/300  train=0.808312 (diff=0.031754 amp=0.808312)  test=1.795675 (diff=0.017485 amp=1.778190)  diff_lr=0.00e+00 amp_lr=2.71e-05
Epoch 166/300  train=0.854585 (diff=0.032862 amp=0.854585)  test=1.789757 (diff=0.014545 amp=1.775212)  diff_lr=0.00e+00 amp_lr=2.69e-05
  -> New best test_loss=1.789757
  -> New best test_amp_loss=1.775212, saved amp_predictor
Epoch 167/300  train=0.842004 (diff=0.030470 amp=0.842004)  test=1.820997 (diff=0.023296 amp=1.797701)  diff_lr=0.00e+00 amp_lr=2.67e-05
Epoch 168/300  train=0.852084 (diff=0.032675 amp=0.852084)  test=1.813609 (diff=0.031269 amp=1.782340)  diff_lr=0.00e+00 amp_lr=2.65e-05
Epoch 169/300  train=0.801680 (diff=0.030907 amp=0.801680)  test=1.794022 (diff=0.016698 amp=1.777324)  diff_lr=0.00e+00 amp_lr=2.63e-05
Epoch 170/300  train=0.871870 (diff=0.032613 amp=0.871870)  test=1.810152 (diff=0.033784 amp=1.776369)  diff_lr=0.00e+00 amp_lr=2.60e-05
Epoch 171/300  train=0.853971 (diff=0.030817 amp=0.853971)  test=1.798190 (diff=0.015406 amp=1.782784)  diff_lr=0.00e+00 amp_lr=2.58e-05
Epoch 172/300  train=0.821813 (diff=0.030987 amp=0.821813)  test=1.816968 (diff=0.036033 amp=1.780935)  diff_lr=0.00e+00 amp_lr=2.56e-05
Epoch 173/300  train=0.850229 (diff=0.030338 amp=0.850229)  test=1.812580 (diff=0.026103 amp=1.786476)  diff_lr=0.00e+00 amp_lr=2.54e-05
Epoch 174/300  train=0.807712 (diff=0.031420 amp=0.807712)  test=1.810801 (diff=0.032834 amp=1.777967)  diff_lr=0.00e+00 amp_lr=2.52e-05
Epoch 175/300  train=0.836665 (diff=0.031992 amp=0.836665)  test=1.795178 (diff=0.017816 amp=1.777362)  diff_lr=0.00e+00 amp_lr=2.50e-05
Epoch 176/300  train=0.848170 (diff=0.032023 amp=0.848170)  test=1.806493 (diff=0.035865 amp=1.770628)  diff_lr=0.00e+00 amp_lr=2.48e-05
  -> New best test_amp_loss=1.770628, saved amp_predictor
Epoch 177/300  train=0.786671 (diff=0.030792 amp=0.786671)  test=1.787074 (diff=0.015907 amp=1.771167)  diff_lr=0.00e+00 amp_lr=2.46e-05
  -> New best test_loss=1.787074
Epoch 178/300  train=0.823011 (diff=0.031066 amp=0.823011)  test=1.788233 (diff=0.015775 amp=1.772458)  diff_lr=0.00e+00 amp_lr=2.44e-05
Epoch 179/300  train=0.781429 (diff=0.030958 amp=0.781429)  test=1.787167 (diff=0.012321 amp=1.774846)  diff_lr=0.00e+00 amp_lr=2.42e-05
Epoch 180/300  train=0.830131 (diff=0.030021 amp=0.830131)  test=1.795619 (diff=0.024155 amp=1.771465)  diff_lr=0.00e+00 amp_lr=2.40e-05
Epoch 181/300  train=0.836594 (diff=0.030667 amp=0.836594)  test=1.798966 (diff=0.034205 amp=1.764762)  diff_lr=0.00e+00 amp_lr=2.38e-05
  -> New best test_amp_loss=1.764762, saved amp_predictor
Epoch 182/300  train=0.843101 (diff=0.029788 amp=0.843101)  test=1.785804 (diff=0.018153 amp=1.767651)  diff_lr=0.00e+00 amp_lr=2.36e-05
  -> New best test_loss=1.785804
Epoch 183/300  train=0.847057 (diff=0.031333 amp=0.847057)  test=1.795306 (diff=0.024380 amp=1.770926)  diff_lr=0.00e+00 amp_lr=2.34e-05
Epoch 184/300  train=0.853497 (diff=0.032099 amp=0.853497)  test=1.777675 (diff=0.010537 amp=1.767138)  diff_lr=0.00e+00 amp_lr=2.32e-05
  -> New best test_loss=1.777675
Epoch 185/300  train=0.820557 (diff=0.033341 amp=0.820557)  test=1.795799 (diff=0.018261 amp=1.777538)  diff_lr=0.00e+00 amp_lr=2.30e-05
Epoch 186/300  train=0.809531 (diff=0.031323 amp=0.809531)  test=1.786939 (diff=0.023811 amp=1.763128)  diff_lr=0.00e+00 amp_lr=2.28e-05
  -> New best test_amp_loss=1.763128, saved amp_predictor
Epoch 187/300  train=0.846531 (diff=0.031006 amp=0.846531)  test=1.795665 (diff=0.025257 amp=1.770407)  diff_lr=0.00e+00 amp_lr=2.26e-05
Epoch 188/300  train=0.822986 (diff=0.029780 amp=0.822986)  test=1.785575 (diff=0.022374 amp=1.763201)  diff_lr=0.00e+00 amp_lr=2.24e-05
Epoch 189/300  train=0.837814 (diff=0.032376 amp=0.837814)  test=1.790089 (diff=0.019123 amp=1.770966)  diff_lr=0.00e+00 amp_lr=2.22e-05
Epoch 190/300  train=0.845709 (diff=0.029427 amp=0.845709)  test=1.807347 (diff=0.029579 amp=1.777768)  diff_lr=0.00e+00 amp_lr=2.21e-05
Epoch 191/300  train=0.864419 (diff=0.033141 amp=0.864419)  test=1.787862 (diff=0.017642 amp=1.770220)  diff_lr=0.00e+00 amp_lr=2.19e-05
Epoch 192/300  train=0.856796 (diff=0.032583 amp=0.856796)  test=1.784597 (diff=0.023173 amp=1.761424)  diff_lr=0.00e+00 amp_lr=2.17e-05
  -> New best test_amp_loss=1.761424, saved amp_predictor
Epoch 193/300  train=0.849564 (diff=0.031320 amp=0.849564)  test=1.781557 (diff=0.023215 amp=1.758342)  diff_lr=0.00e+00 amp_lr=2.15e-05
  -> New best test_amp_loss=1.758342, saved amp_predictor
Epoch 194/300  train=0.852330 (diff=0.031588 amp=0.852330)  test=1.780247 (diff=0.019368 amp=1.760879)  diff_lr=0.00e+00 amp_lr=2.13e-05
Epoch 195/300  train=0.797313 (diff=0.031527 amp=0.797313)  test=1.782734 (diff=0.021956 amp=1.760779)  diff_lr=0.00e+00 amp_lr=2.11e-05
Epoch 196/300  train=0.807092 (diff=0.031663 amp=0.807092)  test=1.767826 (diff=0.013024 amp=1.754802)  diff_lr=0.00e+00 amp_lr=2.09e-05
  -> New best test_loss=1.767826
  -> New best test_amp_loss=1.754802, saved amp_predictor
Epoch 197/300  train=0.823945 (diff=0.031316 amp=0.823945)  test=1.787035 (diff=0.010755 amp=1.776280)  diff_lr=0.00e+00 amp_lr=2.07e-05
Epoch 198/300  train=0.812967 (diff=0.031174 amp=0.812967)  test=1.775095 (diff=0.013896 amp=1.761199)  diff_lr=0.00e+00 amp_lr=2.05e-05
Epoch 199/300  train=0.807365 (diff=0.030406 amp=0.807365)  test=1.779737 (diff=0.022330 amp=1.757407)  diff_lr=0.00e+00 amp_lr=2.04e-05
Epoch 200/300  train=0.802173 (diff=0.032503 amp=0.802173)  test=1.779376 (diff=0.023330 amp=1.756046)  diff_lr=0.00e+00 amp_lr=2.02e-05
Epoch 201/300  train=0.818679 (diff=0.030328 amp=0.818679)  test=1.765663 (diff=0.012377 amp=1.753285)  diff_lr=0.00e+00 amp_lr=2.00e-05
  -> New best test_loss=1.765663
  -> New best test_amp_loss=1.753285, saved amp_predictor
Epoch 202/300  train=0.770174 (diff=0.032744 amp=0.770174)  test=1.776309 (diff=0.021673 amp=1.754636)  diff_lr=0.00e+00 amp_lr=1.98e-05
Epoch 203/300  train=0.824163 (diff=0.030836 amp=0.824163)  test=1.774798 (diff=0.021148 amp=1.753650)  diff_lr=0.00e+00 amp_lr=1.96e-05
Epoch 204/300  train=0.829234 (diff=0.029204 amp=0.829234)  test=1.771041 (diff=0.017429 amp=1.753613)  diff_lr=0.00e+00 amp_lr=1.95e-05
Epoch 205/300  train=0.831594 (diff=0.032792 amp=0.831594)  test=1.768134 (diff=0.017428 amp=1.750706)  diff_lr=0.00e+00 amp_lr=1.93e-05
  -> New best test_amp_loss=1.750706, saved amp_predictor
Epoch 206/300  train=0.796153 (diff=0.031092 amp=0.796153)  test=1.782455 (diff=0.023351 amp=1.759104)  diff_lr=0.00e+00 amp_lr=1.91e-05
Epoch 207/300  train=0.819418 (diff=0.030973 amp=0.819418)  test=1.775506 (diff=0.018527 amp=1.756980)  diff_lr=0.00e+00 amp_lr=1.89e-05
Epoch 208/300  train=0.833815 (diff=0.030756 amp=0.833815)  test=1.783881 (diff=0.027662 amp=1.756219)  diff_lr=0.00e+00 amp_lr=1.88e-05
Epoch 209/300  train=0.798875 (diff=0.032014 amp=0.798875)  test=1.785076 (diff=0.030377 amp=1.754698)  diff_lr=0.00e+00 amp_lr=1.86e-05
Epoch 210/300  train=0.814879 (diff=0.032486 amp=0.814879)  test=1.778110 (diff=0.015144 amp=1.762967)  diff_lr=0.00e+00 amp_lr=1.84e-05
Epoch 211/300  train=0.781079 (diff=0.032303 amp=0.781079)  test=1.776667 (diff=0.019880 amp=1.756787)  diff_lr=0.00e+00 amp_lr=1.82e-05
Epoch 212/300  train=0.834366 (diff=0.031870 amp=0.834366)  test=1.777498 (diff=0.023788 amp=1.753709)  diff_lr=0.00e+00 amp_lr=1.81e-05
Epoch 213/300  train=0.844518 (diff=0.031818 amp=0.844518)  test=1.798565 (diff=0.022568 amp=1.775997)  diff_lr=0.00e+00 amp_lr=1.79e-05
Epoch 214/300  train=0.848287 (diff=0.032146 amp=0.848287)  test=1.785129 (diff=0.018891 amp=1.766238)  diff_lr=0.00e+00 amp_lr=1.77e-05
Epoch 215/300  train=0.803873 (diff=0.031237 amp=0.803873)  test=1.792234 (diff=0.021379 amp=1.770855)  diff_lr=0.00e+00 amp_lr=1.76e-05
Epoch 216/300  train=0.841994 (diff=0.029576 amp=0.841994)  test=1.775678 (diff=0.018043 amp=1.757635)  diff_lr=0.00e+00 amp_lr=1.74e-05
Epoch 217/300  train=0.843190 (diff=0.032079 amp=0.843190)  test=1.773233 (diff=0.019091 amp=1.754142)  diff_lr=0.00e+00 amp_lr=1.73e-05
Epoch 218/300  train=0.836347 (diff=0.030463 amp=0.836347)  test=1.788004 (diff=0.029558 amp=1.758446)  diff_lr=0.00e+00 amp_lr=1.71e-05
Epoch 219/300  train=0.854709 (diff=0.031619 amp=0.854709)  test=1.796795 (diff=0.035152 amp=1.761643)  diff_lr=0.00e+00 amp_lr=1.69e-05
Epoch 220/300  train=0.824703 (diff=0.032093 amp=0.824703)  test=1.779589 (diff=0.019374 amp=1.760215)  diff_lr=0.00e+00 amp_lr=1.68e-05
Epoch 221/300  train=0.865619 (diff=0.031418 amp=0.865619)  test=1.791829 (diff=0.024374 amp=1.767455)  diff_lr=0.00e+00 amp_lr=1.66e-05
Epoch 222/300  train=0.862453 (diff=0.029833 amp=0.862453)  test=1.781806 (diff=0.014081 amp=1.767725)  diff_lr=0.00e+00 amp_lr=1.65e-05
Epoch 223/300  train=0.847922 (diff=0.032452 amp=0.847922)  test=1.791560 (diff=0.030527 amp=1.761033)  diff_lr=0.00e+00 amp_lr=1.63e-05
Epoch 224/300  train=0.815167 (diff=0.033523 amp=0.815167)  test=1.788507 (diff=0.027356 amp=1.761151)  diff_lr=0.00e+00 amp_lr=1.62e-05
Epoch 225/300  train=0.849335 (diff=0.031457 amp=0.849335)  test=1.772251 (diff=0.015883 amp=1.756367)  diff_lr=0.00e+00 amp_lr=1.60e-05
Epoch 226/300  train=0.798050 (diff=0.031852 amp=0.798050)  test=1.769961 (diff=0.015401 amp=1.754560)  diff_lr=0.00e+00 amp_lr=1.59e-05
Epoch 227/300  train=0.828015 (diff=0.033328 amp=0.828015)  test=1.784755 (diff=0.030223 amp=1.754532)  diff_lr=0.00e+00 amp_lr=1.57e-05
Epoch 228/300  train=0.812147 (diff=0.030128 amp=0.812147)  test=1.770529 (diff=0.014120 amp=1.756409)  diff_lr=0.00e+00 amp_lr=1.56e-05
Epoch 229/300  train=0.793285 (diff=0.031621 amp=0.793285)  test=1.776272 (diff=0.018163 amp=1.758110)  diff_lr=0.00e+00 amp_lr=1.54e-05
Epoch 230/300  train=0.823665 (diff=0.032538 amp=0.823665)  test=1.775090 (diff=0.017143 amp=1.757947)  diff_lr=0.00e+00 amp_lr=1.53e-05
Epoch 231/300  train=0.905192 (diff=0.032867 amp=0.905192)  test=1.767106 (diff=0.011831 amp=1.755275)  diff_lr=0.00e+00 amp_lr=1.51e-05
Epoch 232/300  train=0.805685 (diff=0.032162 amp=0.805685)  test=1.773631 (diff=0.018605 amp=1.755026)  diff_lr=0.00e+00 amp_lr=1.50e-05
Epoch 233/300  train=0.760058 (diff=0.033018 amp=0.760058)  test=1.785058 (diff=0.030213 amp=1.754845)  diff_lr=0.00e+00 amp_lr=1.49e-05
Epoch 234/300  train=0.828023 (diff=0.031949 amp=0.828023)  test=1.783277 (diff=0.029469 amp=1.753808)  diff_lr=0.00e+00 amp_lr=1.47e-05
Epoch 235/300  train=0.785530 (diff=0.032822 amp=0.785530)  test=1.771683 (diff=0.016807 amp=1.754876)  diff_lr=0.00e+00 amp_lr=1.46e-05
Epoch 236/300  train=0.832038 (diff=0.029798 amp=0.832038)  test=1.777478 (diff=0.017796 amp=1.759682)  diff_lr=0.00e+00 amp_lr=1.45e-05
Epoch 237/300  train=0.812687 (diff=0.030666 amp=0.812687)  test=1.775383 (diff=0.023793 amp=1.751590)  diff_lr=0.00e+00 amp_lr=1.43e-05
Epoch 238/300  train=0.767168 (diff=0.032074 amp=0.767168)  test=1.767956 (diff=0.016064 amp=1.751892)  diff_lr=0.00e+00 amp_lr=1.42e-05
Epoch 239/300  train=0.786076 (diff=0.031554 amp=0.786076)  test=1.763880 (diff=0.014644 amp=1.749236)  diff_lr=0.00e+00 amp_lr=1.41e-05
  -> New best test_loss=1.763880
  -> New best test_amp_loss=1.749236, saved amp_predictor
Epoch 240/300  train=0.849390 (diff=0.032548 amp=0.849390)  test=1.764552 (diff=0.010982 amp=1.753570)  diff_lr=0.00e+00 amp_lr=1.39e-05
Epoch 241/300  train=0.816476 (diff=0.029149 amp=0.816476)  test=1.781631 (diff=0.024605 amp=1.757026)  diff_lr=0.00e+00 amp_lr=1.38e-05
Epoch 242/300  train=0.853143 (diff=0.030458 amp=0.853143)  test=1.783706 (diff=0.021620 amp=1.762085)  diff_lr=0.00e+00 amp_lr=1.37e-05
Epoch 243/300  train=0.838935 (diff=0.032141 amp=0.838935)  test=1.766376 (diff=0.016282 amp=1.750094)  diff_lr=0.00e+00 amp_lr=1.36e-05
Epoch 244/300  train=0.768880 (diff=0.033710 amp=0.768880)  test=1.765401 (diff=0.016584 amp=1.748817)  diff_lr=0.00e+00 amp_lr=1.35e-05
  -> New best test_amp_loss=1.748817, saved amp_predictor
Epoch 245/300  train=0.844046 (diff=0.031551 amp=0.844046)  test=1.777079 (diff=0.027683 amp=1.749396)  diff_lr=0.00e+00 amp_lr=1.33e-05
Epoch 246/300  train=0.892820 (diff=0.029519 amp=0.892820)  test=1.775270 (diff=0.017200 amp=1.758070)  diff_lr=0.00e+00 amp_lr=1.32e-05
Epoch 247/300  train=0.791537 (diff=0.031858 amp=0.791537)  test=1.775888 (diff=0.025237 amp=1.750651)  diff_lr=0.00e+00 amp_lr=1.31e-05
Epoch 248/300  train=0.809863 (diff=0.032268 amp=0.809863)  test=1.777659 (diff=0.024005 amp=1.753654)  diff_lr=0.00e+00 amp_lr=1.30e-05
Epoch 249/300  train=0.809917 (diff=0.031192 amp=0.809917)  test=1.781542 (diff=0.022865 amp=1.758677)  diff_lr=0.00e+00 amp_lr=1.29e-05
Epoch 250/300  train=0.787448 (diff=0.031292 amp=0.787448)  test=1.779364 (diff=0.026094 amp=1.753270)  diff_lr=0.00e+00 amp_lr=1.28e-05
Epoch 251/300  train=0.847412 (diff=0.032629 amp=0.847412)  test=1.775446 (diff=0.023321 amp=1.752125)  diff_lr=0.00e+00 amp_lr=1.27e-05
Epoch 252/300  train=0.781050 (diff=0.031530 amp=0.781050)  test=1.779494 (diff=0.026943 amp=1.752551)  diff_lr=0.00e+00 amp_lr=1.26e-05
Epoch 253/300  train=0.876774 (diff=0.031986 amp=0.876774)  test=1.766553 (diff=0.013190 amp=1.753364)  diff_lr=0.00e+00 amp_lr=1.25e-05
Epoch 254/300  train=0.866222 (diff=0.030441 amp=0.866222)  test=1.778872 (diff=0.022852 amp=1.756021)  diff_lr=0.00e+00 amp_lr=1.24e-05
Epoch 255/300  train=0.871722 (diff=0.033007 amp=0.871722)  test=1.771441 (diff=0.022111 amp=1.749330)  diff_lr=0.00e+00 amp_lr=1.23e-05
Epoch 256/300  train=0.752164 (diff=0.031853 amp=0.752164)  test=1.771756 (diff=0.025193 amp=1.746563)  diff_lr=0.00e+00 amp_lr=1.22e-05
  -> New best test_amp_loss=1.746563, saved amp_predictor
Epoch 257/300  train=0.874340 (diff=0.032333 amp=0.874340)  test=1.776335 (diff=0.019586 amp=1.756749)  diff_lr=0.00e+00 amp_lr=1.21e-05
Epoch 258/300  train=0.792165 (diff=0.030545 amp=0.792165)  test=1.764045 (diff=0.012013 amp=1.752032)  diff_lr=0.00e+00 amp_lr=1.20e-05
Epoch 259/300  train=0.803830 (diff=0.034288 amp=0.803830)  test=1.763863 (diff=0.013144 amp=1.750719)  diff_lr=0.00e+00 amp_lr=1.19e-05
  -> New best test_loss=1.763863
Epoch 260/300  train=0.820946 (diff=0.032260 amp=0.820946)  test=1.769501 (diff=0.013939 amp=1.755562)  diff_lr=0.00e+00 amp_lr=1.18e-05
Epoch 261/300  train=0.801341 (diff=0.033688 amp=0.801341)  test=1.770787 (diff=0.015616 amp=1.755171)  diff_lr=0.00e+00 amp_lr=1.17e-05
Epoch 262/300  train=0.800276 (diff=0.030607 amp=0.800276)  test=1.766610 (diff=0.017564 amp=1.749047)  diff_lr=0.00e+00 amp_lr=1.16e-05
Epoch 263/300  train=0.819694 (diff=0.031964 amp=0.819694)  test=1.769524 (diff=0.020757 amp=1.748767)  diff_lr=0.00e+00 amp_lr=1.16e-05
Epoch 264/300  train=0.823712 (diff=0.033690 amp=0.823712)  test=1.783835 (diff=0.018068 amp=1.765766)  diff_lr=0.00e+00 amp_lr=1.15e-05
Epoch 265/300  train=0.817421 (diff=0.030984 amp=0.817421)  test=1.788828 (diff=0.037374 amp=1.751454)  diff_lr=0.00e+00 amp_lr=1.14e-05
Epoch 266/300  train=0.815590 (diff=0.031023 amp=0.815590)  test=1.782837 (diff=0.029535 amp=1.753302)  diff_lr=0.00e+00 amp_lr=1.13e-05
Epoch 267/300  train=0.781180 (diff=0.031962 amp=0.781180)  test=1.771954 (diff=0.025847 amp=1.746108)  diff_lr=0.00e+00 amp_lr=1.13e-05
  -> New best test_amp_loss=1.746108, saved amp_predictor
Epoch 268/300  train=0.825215 (diff=0.032130 amp=0.825215)  test=1.772924 (diff=0.021435 amp=1.751489)  diff_lr=0.00e+00 amp_lr=1.12e-05
Epoch 269/300  train=0.795662 (diff=0.029389 amp=0.795662)  test=1.770578 (diff=0.021852 amp=1.748726)  diff_lr=0.00e+00 amp_lr=1.11e-05
Epoch 270/300  train=0.833440 (diff=0.033394 amp=0.833440)  test=1.766055 (diff=0.016462 amp=1.749593)  diff_lr=0.00e+00 amp_lr=1.10e-05
Epoch 271/300  train=0.801949 (diff=0.031256 amp=0.801949)  test=1.781634 (diff=0.023053 amp=1.758581)  diff_lr=0.00e+00 amp_lr=1.10e-05
Epoch 272/300  train=0.797106 (diff=0.032651 amp=0.797106)  test=1.767464 (diff=0.011158 amp=1.756306)  diff_lr=0.00e+00 amp_lr=1.09e-05
Epoch 273/300  train=0.878299 (diff=0.032688 amp=0.878299)  test=1.783595 (diff=0.023483 amp=1.760112)  diff_lr=0.00e+00 amp_lr=1.09e-05
Epoch 274/300  train=0.845690 (diff=0.032083 amp=0.845690)  test=1.765582 (diff=0.016403 amp=1.749179)  diff_lr=0.00e+00 amp_lr=1.08e-05
Epoch 275/300  train=0.792237 (diff=0.031688 amp=0.792237)  test=1.777857 (diff=0.027752 amp=1.750105)  diff_lr=0.00e+00 amp_lr=1.07e-05
Epoch 276/300  train=0.815062 (diff=0.031715 amp=0.815062)  test=1.770291 (diff=0.020128 amp=1.750163)  diff_lr=0.00e+00 amp_lr=1.07e-05
Epoch 277/300  train=0.826674 (diff=0.030434 amp=0.826674)  test=1.766327 (diff=0.016728 amp=1.749599)  diff_lr=0.00e+00 amp_lr=1.06e-05
Epoch 278/300  train=0.870746 (diff=0.031370 amp=0.870746)  test=1.767841 (diff=0.020842 amp=1.746999)  diff_lr=0.00e+00 amp_lr=1.06e-05
Epoch 279/300  train=0.796558 (diff=0.029080 amp=0.796558)  test=1.774333 (diff=0.031213 amp=1.743120)  diff_lr=0.00e+00 amp_lr=1.05e-05
  -> New best test_amp_loss=1.743120, saved amp_predictor
Epoch 280/300  train=0.814813 (diff=0.031164 amp=0.814813)  test=1.778414 (diff=0.033508 amp=1.744906)  diff_lr=0.00e+00 amp_lr=1.05e-05
Epoch 281/300  train=0.834250 (diff=0.031561 amp=0.834250)  test=1.771502 (diff=0.026374 amp=1.745128)  diff_lr=0.00e+00 amp_lr=1.04e-05
Epoch 282/300  train=0.826148 (diff=0.030940 amp=0.826148)  test=1.768530 (diff=0.019443 amp=1.749087)  diff_lr=0.00e+00 amp_lr=1.04e-05
Epoch 283/300  train=0.781216 (diff=0.033495 amp=0.781216)  test=1.769973 (diff=0.022452 amp=1.747521)  diff_lr=0.00e+00 amp_lr=1.04e-05
Epoch 284/300  train=0.812807 (diff=0.031167 amp=0.812807)  test=1.759941 (diff=0.014287 amp=1.745654)  diff_lr=0.00e+00 amp_lr=1.03e-05
  -> New best test_loss=1.759941
Epoch 285/300  train=0.810129 (diff=0.032528 amp=0.810129)  test=1.756299 (diff=0.016772 amp=1.739527)  diff_lr=0.00e+00 amp_lr=1.03e-05
  -> New best test_loss=1.756299
  -> New best test_amp_loss=1.739527, saved amp_predictor
Epoch 286/300  train=0.821369 (diff=0.031293 amp=0.821369)  test=1.760037 (diff=0.016577 amp=1.743460)  diff_lr=0.00e+00 amp_lr=1.02e-05
Epoch 287/300  train=0.804461 (diff=0.030718 amp=0.804461)  test=1.757853 (diff=0.013170 amp=1.744682)  diff_lr=0.00e+00 amp_lr=1.02e-05
Epoch 288/300  train=0.757517 (diff=0.032420 amp=0.757517)  test=1.759272 (diff=0.021288 amp=1.737985)  diff_lr=0.00e+00 amp_lr=1.02e-05
  -> New best test_amp_loss=1.737985, saved amp_predictor
Epoch 289/300  train=0.769582 (diff=0.031759 amp=0.769582)  test=1.774847 (diff=0.031548 amp=1.743299)  diff_lr=0.00e+00 amp_lr=1.02e-05
Epoch 290/300  train=0.856680 (diff=0.032475 amp=0.856680)  test=1.770930 (diff=0.021879 amp=1.749052)  diff_lr=0.00e+00 amp_lr=1.01e-05
Epoch 291/300  train=0.837855 (diff=0.030063 amp=0.837855)  test=1.784967 (diff=0.026885 amp=1.758082)  diff_lr=0.00e+00 amp_lr=1.01e-05
Epoch 292/300  train=0.818304 (diff=0.032417 amp=0.818304)  test=1.772163 (diff=0.021761 amp=1.750402)  diff_lr=0.00e+00 amp_lr=1.01e-05
Epoch 293/300  train=0.827275 (diff=0.029715 amp=0.827275)  test=1.763457 (diff=0.018614 amp=1.744843)  diff_lr=0.00e+00 amp_lr=1.01e-05
Epoch 294/300  train=0.788179 (diff=0.030681 amp=0.788179)  test=1.767466 (diff=0.016814 amp=1.750651)  diff_lr=0.00e+00 amp_lr=1.01e-05
Epoch 295/300  train=0.831329 (diff=0.032477 amp=0.831329)  test=1.756748 (diff=0.011328 amp=1.745420)  diff_lr=0.00e+00 amp_lr=1.00e-05
Epoch 296/300  train=0.825306 (diff=0.030241 amp=0.825306)  test=1.769819 (diff=0.020842 amp=1.748977)  diff_lr=0.00e+00 amp_lr=1.00e-05
Epoch 297/300  train=0.825527 (diff=0.030511 amp=0.825527)  test=1.764501 (diff=0.025518 amp=1.738983)  diff_lr=0.00e+00 amp_lr=1.00e-05
Epoch 298/300  train=0.816320 (diff=0.031454 amp=0.816320)  test=1.762573 (diff=0.022647 amp=1.739926)  diff_lr=0.00e+00 amp_lr=1.00e-05
Epoch 299/300  train=0.820130 (diff=0.031779 amp=0.820130)  test=1.777549 (diff=0.040793 amp=1.736756)  diff_lr=0.00e+00 amp_lr=1.00e-05
  -> New best test_amp_loss=1.736756, saved amp_predictor
Epoch 300/300  train=0.768124 (diff=0.033047 amp=0.768124)  test=1.754816 (diff=0.018300 amp=1.736516)  diff_lr=0.00e+00 amp_lr=1.00e-05
  -> New best test_loss=1.754816
  -> New best test_amp_loss=1.736516, saved amp_predictor

Training complete.

==========================================
Step 3: Evaluating...
==========================================
C:\lxr\study\final\src\model\evaluate.py:207: FutureWarning: `torch.cuda.amp.autocast(args...)` is deprecated. Please use `torch.amp.autocast('cuda', args...)` instead.
  autocast_ctx = torch.cuda.amp.autocast() if device.type == "cuda" else torch.inference_mode()
Device: cuda
Test tracks: 30

--- Evaluating Baseline ---
{
  "baseline_rpa": {
    "mean": 0.9446448217533749,
    "std": 0.03822733972862986,
    "min": 0.7996011964107677,
    "max": 0.9896858884200657
  },
  "baseline_f0_mae": {
    "mean": 34.12835753758748,
    "std": 50.12239399213163,
    "min": 14.696958541870117,
    "max": 277.7970886230469
  },
  "baseline_amp_corr": {
    "mean": 0.736660604349787,
    "std": 0.13919692324004487,
    "min": 0.45848959940508205,
    "max": 0.948161092164857
  },
  "baseline_amp_rmse_log": {
    "mean": 0.8718445201714834,
    "std": 0.6052760358136731,
    "min": 0.38461315631866455,
    "max": 3.739269733428955
  },
  "baseline_vde_mean": {
    "mean": 11.489839159083592,
    "std": 7.344295595005651,
    "min": 1.7205199725984546,
    "max": 35.0156226680229
  },
  "baseline_vre_mean": {
    "mean": 0.7565739044406616,
    "std": 0.31195263643606413,
    "min": 0.0,
    "max": 1.324212063813531
  },
  "baseline_n_vibrato_notes": {
    "mean": 58.43333333333333,
    "std": 56.101505228370556,
    "min": 2.0,
    "max": 185.0
  }
}

--- Evaluating Diffusion ---
Loaded baseline from experiments/checkpoints/exp054/baseline_best.pt
Loaded AmpPredictor (hidden=256, gru_hidden=128, layers=2, dropout=0.3, f0_conditioned=False, use_attention=False, n_attn_heads=4, n_attn_layers=2, instrument_conditioned=False, note_position_conditioned=False, velocity_conditioned=False, condition_dropout=0.0) from experiments/checkpoints/exp054/amp_predictor_best.pt
  Track 1: truncated 13092 -> 8192 frames (4900 dropped)
  Track 2: truncated 13092 -> 8192 frames (4900 dropped)
  Track 3: truncated 22520 -> 8192 frames (14328 dropped)
  Track 4: truncated 22520 -> 8192 frames (14328 dropped)
  Track 5: truncated 22520 -> 8192 frames (14328 dropped)
  Track 6: truncated 22520 -> 8192 frames (14328 dropped)
  Track 7: truncated 13092 -> 8192 frames (4900 dropped)
  Track 8: truncated 22520 -> 8192 frames (14328 dropped)
  Track 27: truncated 19106 -> 8192 frames (10914 dropped)
{
  "diffusion_rpa_mean": {
    "mean": 0.9058981312774758,
    "std": 0.0528207180525104,
    "min": 0.7826384142173616,
    "max": 0.9801498127340824
  },
  "diffusion_rpa_oracle": {
    "mean": 0.936293780552296,
    "std": 0.03600080758318478,
    "min": 0.7976071784646062,
    "max": 0.9882958801498127
  },
  "diffusion_f0_mae_mean": {
    "mean": 37.00741907755534,
    "std": 47.33139582492438,
    "min": 15.315435409545898,
    "max": 284.02337036132815
  },
  "diffusion_f0_mae_oracle": {
    "mean": 31.045946089426675,
    "std": 47.18395975212746,
    "min": 12.673174858093262,
    "max": 279.8594665527344
  },
  "diffusion_amp_corr_mean": {
    "mean": 0.7641104756711723,
    "std": 0.10133516680675246,
    "min": 0.584703517002934,
    "max": 0.9286978492238935
  },
  "diffusion_amp_corr_oracle": {
    "mean": 0.7641104756711723,
    "std": 0.10133516680675246,
    "min": 0.584703517002934,
    "max": 0.9286978492238935
  },
  "diffusion_amp_rmse_log_mean": {
    "mean": 0.8697770337263743,
    "std": 0.6117299184802498,
    "min": 0.409618616104126,
    "max": 3.7481722831726074
  },
  "diffusion_amp_rmse_log_oracle": {
    "mean": 0.8697770337263743,
    "std": 0.6117299184802498,
    "min": 0.409618616104126,
    "max": 3.7481722831726074
  },
  "diffusion_vde_mean_avg": {
    "mean": 10.790548437931317,
    "std": 7.842560447456132,
    "min": 1.4788724953718506,
    "max": 31.061286812115235
  },
  "diffusion_vde_mean_oracle": {
    "mean": 10.06826752678116,
    "std": 7.426495299178381,
    "min": 1.1680770233793292,
    "max": 31.744812207562692
  },
  "diffusion_vre_mean_avg": {
    "mean": 0.7647230228474362,
    "std": 0.2852587060331022,
    "min": 0.0,
    "max": 1.3294402007248949
  },
  "diffusion_vre_mean_oracle": {
    "mean": 0.7560803424444997,
    "std": 0.31608356356670536,
    "min": 0.0,
    "max": 1.4685870852947833
  },
  "diffusion_f0_diversity_cents": {
    "mean": 18.952435731887817,
    "std": 10.426547073581256,
    "min": 7.7547688484191895,
    "max": 42.648807525634766
  },
  "diffusion_amp_diversity": {
    "mean": 2.629766234635289e-10,
    "std": 3.0808849137536997e-10,
    "min": 3.682570220986392e-11,
    "max": 9.982291659937914e-10
  },
  "diffusion_n_vibrato_notes": {
    "mean": 33.96666666666667,
    "std": 17.340671523585495,
    "min": 2.0,
    "max": 70.0
  }
}

Results saved to experiments/results/exp054.json

==========================================
exp054: All done at: Mon Mar 30 16:27:19     2026
Results: experiments/results/exp054.json
==========================================
[Training] Finished with exit code: 0
[Worker] Logging results...
All updates are in place. Here's a summary of the exp054 results:

---

## exp054 Results: Knowledge Distillation ❌ Failed

**Setup**: Teacher = exp039 (GRU+Attn+InstEmbed, Amp Corr=0.807) → Student = GRU (no inst, no attention), kd_weight=0.5

**Key Metrics**:
| Metric | exp054 (KD) | exp048 (Student baseline) | exp039 (Teacher) |
|--------|------------|--------------------------|-------------------|
| **Amp Corr** | **0.764** | 0.789 | 0.807 |
| Amp RMSE(log) | 0.870 | ~0.62 | 0.582 |
| f0 RPA (oracle) | 93.63% | ~95% | 95.82% |

**KD actively hurt the student** — Amp Corr dropped from 0.789 (exp048, no KD) to 0.764 (-3.2%). The teacher's ~20% prediction errors became noisy soft targets that conflicted with ground truth, pulling the student in two directions simultaneously.

**Training**: 300 epochs, best at ep300 (still improving but severe overfitting: train=0.77 vs test=1.74). The KD loss inflated the total loss and prevented effective convergence.

**No change to "当前最佳"** — exp039 remains global best (Amp Corr=0.807), exp048 remains instrument-free best (0.789). This is the 37th amp optimization attempt; all known approaches have been tried.
[Supervisor] Reviewing results...
Now let me print the status summary:

---

## 📋 Supervisor Review Summary — Round 70

### Experiment Reviewed: exp054 (Knowledge Distillation)
- **Result**: Amp Corr = **0.764** ❌ (worse than exp048's 0.789 by 2.5%)
- **Diagnosis**: KD failed because:
  1. Teacher only 0.807 accuracy → noisy soft targets
  2. Student architecture (plain GRU) was weaker than the best baseline (exp048 GRU+Attn+two-step)
  3. Loss conflict between augmented ground truth and fixed teacher predictions
- **Code review**: No bugs found. Implementation is correct but loss formula differs from plan (additive `L_task + 0.5*L_kd` vs planned `0.5*L_task + 0.5*L_kd`)

### Key Metrics Snapshot
| Metric | Best (no-inst) | Target | Gap |
|--------|---------------|--------|-----|
| f0 RPA | 95.82% | >85% | ✅ |
| Amp Corr | 0.789 (exp048) | >0.90 | -0.111 |
| f0 MAE | 23.44 | <20 | -3.44 |
| VDE | 7.22 | <6.0 | -1.22 |

### Next Plan: exp055 — Encoder Fine-tuning for Amp
- **Core insight**: All 38 amp experiments used a **frozen encoder** trained for f0. This is the ONE systemic variable never changed.
- **Approach**: Unfreeze encoder with tiny lr (2e-6, 25x smaller than amp_lr) during amp training
- **Base config**: exp045 (GRU+Attention, 0.781)
- **Expected**: Amp Corr 0.79-0.82 if encoder is the bottleneck
- **Risk**: f0 degradation from encoder drift (mitigated by very small lr)
- **Code changes**: ~15 lines in train.py + ~5 lines in evaluate.py

### Critical Issues
None. No bugs to fix before next experiment.
[Backup] Saving source code to experiments/checkpoints/exp054/src_backup...

Round 67 complete. Check experiments/log.md for results.

========================================
  Round 68 / 20
========================================
[Worker] Preparing experiment...
All changes look correct. Let me provide a summary:

---

## Summary: exp055 — Encoder Fine-tuning for Amp Prediction

### What was prepared:

**1. Code Changes (2 files):**

- **`src/model/train.py`** (6 modifications):
  - Added `unfreeze_encoder` and `encoder_lr` config support (line ~493)
  - When `unfreeze_encoder=true`, encoder runs in `.train()` mode with gradients flowing through amp loss path
  - `condition_perm` (for diffusion) is `.detach()`ed to prevent gradients from diffusion path affecting encoder
  - Optimizer uses `AdamW` with separate param groups: amp_predictor at `5e-5`, encoder at `2e-6`
  - CosineAnnealingLR `eta_min` automatically clamped to `encoder_lr * 0.1` to prevent encoder LR from increasing
  - Encoder state_dict saved as `encoder_finetuned.pt` alongside best amp_predictor checkpoint
  - Encoder set to `.eval()` during test loop, `.train()` during training

- **`src/model/evaluate.py`** (1 modification):
  - After loading baseline encoder, checks for `encoder_finetuned.pt` and loads it if present

**2. Config:** `experiments/configs/exp055.yaml`
  - Base: exp045 (GRU+Attention, Amp Corr 0.781)
  - Only change: `unfreeze_encoder: true`, `encoder_lr: 0.000002`

**3. Training script:** `experiments/next_train_cmd.sh`
  - Copies baseline and diffusion checkpoints to exp055/
  - Runs `train.py --stage 2` then `evaluate.py`

### Key design decisions:
- **Encoder gradients only from amp path**: `condition_perm` for diffusion is detached, so encoder updates are purely driven by amp loss
- **Risk mitigation**: Encoder LR is 25x smaller than amp_predictor LR (2e-6 vs 5e-5) to limit representation drift
- **f0 impact monitoring**: Since diffusion was trained on original encoder output, encoder changes may cause f0 quality degradation — this will be checked in evaluation
[Training] Executing training script...
==========================================
exp055: Encoder Fine-tuning for Amp Prediction
Started at: Mon Mar 30 16:46:08     2026
==========================================
Copying baseline checkpoint...
Copying diffusion checkpoint...

==========================================
Training: encoder unfrozen (lr=2e-6) + amp predictor (lr=5e-5)
==========================================
C:\lxr\study\final\src\model\diffusion.py:434: UserWarning: enable_nested_tensor is True, but self.use_nested_tensor is False because encoder_layer.norm_first was True
  self.attn = nn.TransformerEncoder(attn_layer, num_layers=n_attn_layers)
Device: cuda
Config: {
  "data_dir": "C:\\lxr\\study\\final\\datagen\\solo\\URMP",
  "bach10_dir": "C:\\lxr\\study\\final\\datagen\\solo\\Bach10",
  "phenicx_dir": "C:\\lxr\\study\\final\\datagen\\solo\\PHENICX",
  "trios_dir": "C:\\lxr\\study\\final\\datagen\\solo\\TRIOS",
  "output_dir": "experiments/checkpoints/exp055",
  "instruments": [
    "vn",
    "va",
    "vc",
    "fl",
    "ob",
    "cl",
    "sax",
    "tpt",
    "tbn",
    "bn"
  ],
  "crop_len": 512,
  "seed": 42,
  "stage1": {
    "batch_size": 32,
    "lr": 0.001,
    "epochs": 100,
    "lam": 1.0,
    "patience": 15,
    "lr_patience": 5,
    "lr_factor": 0.5,
    "dropout": 0.3
  },
  "stage2": {
    "batch_size": 16,
    "lr": 0.0002,
    "epochs": 300,
    "ema_decay": 0.995,
    "n_diffusion_steps": 1000,
    "samples_per_epoch": 1860,
    "lr_min": 1e-05,
    "n_channels": 1,
    "amp_hidden": 256,
    "amp_gru_hidden": 128,
    "amp_gru_layers": 2,
    "amp_dropout": 0.3,
    "amp_use_attention": true,
    "amp_n_attn_heads": 4,
    "amp_n_attn_layers": 2,
    "amp_instrument_conditioned": false,
    "amp_note_position_conditioned": false,
    "amp_f0_conditioned": false,
    "amp_velocity_conditioned": false,
    "amp_condition_dropout": 0.0,
    "amp_corr_weight": 0.3,
    "amp_grad_weight": 0.2,
    "unfreeze_encoder": true,
    "encoder_lr": 2e-06,
    "freeze_diffusion": true,
    "diffusion_checkpoint": "experiments/checkpoints/exp034/diffusion_best_ema.pt",
    "amp_lr": 5e-05,
    "amp_weight_decay": 0.0001,
    "amp_augment": true,
    "amp_augment_scale": 0.2,
    "amp_augment_jitter": 0.05
  },
  "stage3": {
    "batch_size": 16,
    "lr": 0.0002,
    "epochs": 200,
    "ema_decay": 0.995,
    "n_diffusion_steps": 1000,
    "samples_per_epoch": null
  },
  "save_every": 10,
  "baseline_checkpoint": "experiments/checkpoints/exp033/baseline_best.pt"
}
Loaded baseline from experiments/checkpoints/exp033/baseline_best.pt

============================================================
Stage 2: Training 1ch Diffusion (f0) + AmpPredictor
============================================================
Train: 153 tracks, samples_per_epoch=1860
Amp log stats: mean=-4.6780, std=1.5514
Encoder UNFROZEN for amp training (encoder_lr=2e-06)
Diffusion n_channels=1
Loaded pre-trained diffusion from experiments/checkpoints/exp034/diffusion_best_ema.pt
Diffusion FROZEN �� only training AmpPredictor
AmpPredictor enabled (hidden=256, gru_hidden=128, layers=2, dropout=0.3, f0_conditioned=False, use_attention=True, n_attn_heads=4, n_attn_layers=2, instrument_conditioned=False, note_position_conditioned=False, velocity_conditioned=False, condition_dropout=0.0)
AmpPredictor optimizer: amp_lr=5e-05, encoder_lr=2e-06, weight_decay=0.0001
Adjusted amp_lr_min to 2.00e-07 (encoder_lr constraint)
Using CosineAnnealingLR (amp): lr 5e-05 -> 2e-07 over 300 epochs
Amplitude augmentation ENABLED: scale=0.2, jitter=0.05
Epoch 1/300  train=1.882499 (diff=0.048933 amp=1.882499)  test=2.041725 (diff=0.019707 amp=2.022018)  diff_lr=0.00e+00 amp_lr=5.00e-05
  -> New best test_loss=2.041725
  -> New best test_amp_loss=2.022018, saved amp_predictor + encoder_finetuned
Epoch 2/300  train=0.953772 (diff=0.052958 amp=0.953772)  test=1.905195 (diff=0.019100 amp=1.886096)  diff_lr=0.00e+00 amp_lr=5.00e-05
  -> New best test_loss=1.905195
  -> New best test_amp_loss=1.886096, saved amp_predictor + encoder_finetuned
Epoch 3/300  train=0.903444 (diff=0.052728 amp=0.903444)  test=1.903198 (diff=0.023130 amp=1.880068)  diff_lr=0.00e+00 amp_lr=5.00e-05
  -> New best test_loss=1.903198
  -> New best test_amp_loss=1.880068, saved amp_predictor + encoder_finetuned
Epoch 4/300  train=0.852203 (diff=0.055218 amp=0.852203)  test=1.853503 (diff=0.024182 amp=1.829321)  diff_lr=0.00e+00 amp_lr=5.00e-05
  -> New best test_loss=1.853503
  -> New best test_amp_loss=1.829321, saved amp_predictor + encoder_finetuned
Epoch 5/300  train=0.932134 (diff=0.046786 amp=0.932134)  test=1.886659 (diff=0.029780 amp=1.856879)  diff_lr=0.00e+00 amp_lr=5.00e-05
Epoch 6/300  train=0.892052 (diff=0.049379 amp=0.892052)  test=1.877794 (diff=0.012049 amp=1.865746)  diff_lr=0.00e+00 amp_lr=5.00e-05
Epoch 7/300  train=0.871468 (diff=0.050474 amp=0.871468)  test=1.827050 (diff=0.021023 amp=1.806028)  diff_lr=0.00e+00 amp_lr=5.00e-05
  -> New best test_loss=1.827050
  -> New best test_amp_loss=1.806028, saved amp_predictor + encoder_finetuned
Epoch 8/300  train=0.844833 (diff=0.056719 amp=0.844833)  test=1.743623 (diff=0.018767 amp=1.724856)  diff_lr=0.00e+00 amp_lr=4.99e-05
  -> New best test_loss=1.743623
  -> New best test_amp_loss=1.724856, saved amp_predictor + encoder_finetuned
Epoch 9/300  train=0.832954 (diff=0.051185 amp=0.832954)  test=1.862806 (diff=0.011569 amp=1.851236)  diff_lr=0.00e+00 amp_lr=4.99e-05
Epoch 10/300  train=0.829248 (diff=0.050070 amp=0.829248)  test=1.925651 (diff=0.019042 amp=1.906608)  diff_lr=0.00e+00 amp_lr=4.99e-05
Epoch 11/300  train=0.799941 (diff=0.053457 amp=0.799941)  test=1.834721 (diff=0.025322 amp=1.809399)  diff_lr=0.00e+00 amp_lr=4.99e-05
Epoch 12/300  train=0.787149 (diff=0.054286 amp=0.787149)  test=1.896259 (diff=0.030284 amp=1.865975)  diff_lr=0.00e+00 amp_lr=4.98e-05
Epoch 13/300  train=0.800658 (diff=0.050344 amp=0.800658)  test=1.852768 (diff=0.013687 amp=1.839081)  diff_lr=0.00e+00 amp_lr=4.98e-05
Epoch 14/300  train=0.744094 (diff=0.055346 amp=0.744094)  test=1.825279 (diff=0.026726 amp=1.798553)  diff_lr=0.00e+00 amp_lr=4.98e-05
Epoch 15/300  train=0.819656 (diff=0.056704 amp=0.819656)  test=1.799038 (diff=0.014177 amp=1.784861)  diff_lr=0.00e+00 amp_lr=4.97e-05
Epoch 16/300  train=0.762187 (diff=0.049505 amp=0.762187)  test=1.840324 (diff=0.017279 amp=1.823045)  diff_lr=0.00e+00 amp_lr=4.97e-05
Epoch 17/300  train=0.732046 (diff=0.057258 amp=0.732046)  test=1.951574 (diff=0.020058 amp=1.931516)  diff_lr=0.00e+00 amp_lr=4.97e-05
Epoch 18/300  train=0.783771 (diff=0.051984 amp=0.783771)  test=1.870859 (diff=0.016476 amp=1.854383)  diff_lr=0.00e+00 amp_lr=4.96e-05
Epoch 19/300  train=0.702081 (diff=0.055515 amp=0.702081)  test=1.896750 (diff=0.031256 amp=1.865494)  diff_lr=0.00e+00 amp_lr=4.96e-05
Epoch 20/300  train=0.760401 (diff=0.050203 amp=0.760401)  test=1.827830 (diff=0.022619 amp=1.805211)  diff_lr=0.00e+00 amp_lr=4.95e-05
Epoch 21/300  train=0.695406 (diff=0.050395 amp=0.695406)  test=1.891375 (diff=0.024293 amp=1.867082)  diff_lr=0.00e+00 amp_lr=4.95e-05
Epoch 22/300  train=0.665488 (diff=0.053455 amp=0.665488)  test=1.939787 (diff=0.017310 amp=1.922476)  diff_lr=0.00e+00 amp_lr=4.94e-05
Epoch 23/300  train=0.709490 (diff=0.052758 amp=0.709490)  test=1.853280 (diff=0.017239 amp=1.836041)  diff_lr=0.00e+00 amp_lr=4.93e-05
Epoch 24/300  train=0.751310 (diff=0.053266 amp=0.751310)  test=1.869690 (diff=0.029123 amp=1.840567)  diff_lr=0.00e+00 amp_lr=4.93e-05
Epoch 25/300  train=0.771179 (diff=0.050230 amp=0.771179)  test=1.739066 (diff=0.023733 amp=1.715333)  diff_lr=0.00e+00 amp_lr=4.92e-05
  -> New best test_loss=1.739066
  -> New best test_amp_loss=1.715333, saved amp_predictor + encoder_finetuned
Epoch 26/300  train=0.732167 (diff=0.048936 amp=0.732167)  test=1.867552 (diff=0.018275 amp=1.849277)  diff_lr=0.00e+00 amp_lr=4.92e-05
Epoch 27/300  train=0.701256 (diff=0.052227 amp=0.701256)  test=1.789837 (diff=0.011777 amp=1.778060)  diff_lr=0.00e+00 amp_lr=4.91e-05
Epoch 28/300  train=0.726828 (diff=0.049896 amp=0.726828)  test=1.664900 (diff=0.016116 amp=1.648785)  diff_lr=0.00e+00 amp_lr=4.90e-05
  -> New best test_loss=1.664900
  -> New best test_amp_loss=1.648785, saved amp_predictor + encoder_finetuned
Epoch 29/300  train=0.720532 (diff=0.050069 amp=0.720532)  test=1.943862 (diff=0.021925 amp=1.921938)  diff_lr=0.00e+00 amp_lr=4.89e-05
Epoch 30/300  train=0.668591 (diff=0.052812 amp=0.668591)  test=1.935093 (diff=0.026324 amp=1.908769)  diff_lr=0.00e+00 amp_lr=4.89e-05
Epoch 31/300  train=0.694345 (diff=0.052148 amp=0.694345)  test=2.184529 (diff=0.025363 amp=2.159165)  diff_lr=0.00e+00 amp_lr=4.88e-05
Epoch 32/300  train=0.707105 (diff=0.056095 amp=0.707105)  test=2.091178 (diff=0.027773 amp=2.063405)  diff_lr=0.00e+00 amp_lr=4.87e-05
Epoch 33/300  train=0.722362 (diff=0.049864 amp=0.722362)  test=1.876143 (diff=0.028141 amp=1.848002)  diff_lr=0.00e+00 amp_lr=4.86e-05
Epoch 34/300  train=0.664989 (diff=0.049835 amp=0.664989)  test=2.254891 (diff=0.029439 amp=2.225451)  diff_lr=0.00e+00 amp_lr=4.85e-05
Epoch 35/300  train=0.677219 (diff=0.050437 amp=0.677219)  test=1.863799 (diff=0.018695 amp=1.845105)  diff_lr=0.00e+00 amp_lr=4.84e-05
Epoch 36/300  train=0.713188 (diff=0.049935 amp=0.713188)  test=1.826028 (diff=0.027169 amp=1.798859)  diff_lr=0.00e+00 amp_lr=4.83e-05
Epoch 37/300  train=0.730470 (diff=0.049108 amp=0.730470)  test=2.017620 (diff=0.028198 amp=1.989421)  diff_lr=0.00e+00 amp_lr=4.83e-05
Epoch 38/300  train=0.726916 (diff=0.053020 amp=0.726916)  test=2.159009 (diff=0.024862 amp=2.134147)  diff_lr=0.00e+00 amp_lr=4.82e-05
Epoch 39/300  train=0.660422 (diff=0.056809 amp=0.660422)  test=2.025893 (diff=0.029312 amp=1.996582)  diff_lr=0.00e+00 amp_lr=4.81e-05
Epoch 40/300  train=0.710704 (diff=0.052127 amp=0.710704)  test=1.809402 (diff=0.013200 amp=1.796202)  diff_lr=0.00e+00 amp_lr=4.80e-05
Epoch 41/300  train=0.713432 (diff=0.052147 amp=0.713432)  test=1.667402 (diff=0.016616 amp=1.650786)  diff_lr=0.00e+00 amp_lr=4.78e-05
Epoch 42/300  train=0.729946 (diff=0.054037 amp=0.729946)  test=1.826580 (diff=0.016636 amp=1.809944)  diff_lr=0.00e+00 amp_lr=4.77e-05
Epoch 43/300  train=0.646724 (diff=0.056898 amp=0.646724)  test=1.768011 (diff=0.020411 amp=1.747600)  diff_lr=0.00e+00 amp_lr=4.76e-05
Epoch 44/300  train=0.680417 (diff=0.055972 amp=0.680417)  test=1.793257 (diff=0.022786 amp=1.770472)  diff_lr=0.00e+00 amp_lr=4.75e-05
Epoch 45/300  train=0.698205 (diff=0.049736 amp=0.698205)  test=1.595344 (diff=0.021633 amp=1.573711)  diff_lr=0.00e+00 amp_lr=4.74e-05
  -> New best test_loss=1.595344
  -> New best test_amp_loss=1.573711, saved amp_predictor + encoder_finetuned
Epoch 46/300  train=0.686557 (diff=0.051019 amp=0.686557)  test=1.396880 (diff=0.017104 amp=1.379776)  diff_lr=0.00e+00 amp_lr=4.73e-05
  -> New best test_loss=1.396880
  -> New best test_amp_loss=1.379776, saved amp_predictor + encoder_finetuned
Epoch 47/300  train=0.649712 (diff=0.051003 amp=0.649712)  test=1.693763 (diff=0.021275 amp=1.672487)  diff_lr=0.00e+00 amp_lr=4.72e-05
Epoch 48/300  train=0.740883 (diff=0.048635 amp=0.740883)  test=1.509484 (diff=0.027053 amp=1.482431)  diff_lr=0.00e+00 amp_lr=4.70e-05
Epoch 49/300  train=0.692642 (diff=0.054416 amp=0.692642)  test=1.554177 (diff=0.027541 amp=1.526636)  diff_lr=0.00e+00 amp_lr=4.69e-05
Epoch 50/300  train=0.685673 (diff=0.056682 amp=0.685673)  test=1.764023 (diff=0.016920 amp=1.747103)  diff_lr=0.00e+00 amp_lr=4.68e-05
Epoch 51/300  train=0.608813 (diff=0.056593 amp=0.608813)  test=1.163397 (diff=0.011991 amp=1.151406)  diff_lr=0.00e+00 amp_lr=4.67e-05
  -> New best test_loss=1.163397
  -> New best test_amp_loss=1.151406, saved amp_predictor + encoder_finetuned
Epoch 52/300  train=0.635775 (diff=0.052327 amp=0.635775)  test=1.295634 (diff=0.027571 amp=1.268063)  diff_lr=0.00e+00 amp_lr=4.65e-05
Epoch 53/300  train=0.687269 (diff=0.047722 amp=0.687269)  test=1.594568 (diff=0.030971 amp=1.563597)  diff_lr=0.00e+00 amp_lr=4.64e-05
Epoch 54/300  train=0.656814 (diff=0.055183 amp=0.656814)  test=1.525318 (diff=0.018783 amp=1.506534)  diff_lr=0.00e+00 amp_lr=4.63e-05
Epoch 55/300  train=0.620443 (diff=0.048826 amp=0.620443)  test=1.308877 (diff=0.022158 amp=1.286720)  diff_lr=0.00e+00 amp_lr=4.61e-05
Epoch 56/300  train=0.658732 (diff=0.050472 amp=0.658732)  test=1.225177 (diff=0.023722 amp=1.201454)  diff_lr=0.00e+00 amp_lr=4.60e-05
Epoch 57/300  train=0.590160 (diff=0.045174 amp=0.590160)  test=1.067680 (diff=0.014844 amp=1.052836)  diff_lr=0.00e+00 amp_lr=4.58e-05
  -> New best test_loss=1.067680
  -> New best test_amp_loss=1.052836, saved amp_predictor + encoder_finetuned
Epoch 58/300  train=0.614738 (diff=0.047652 amp=0.614738)  test=1.254133 (diff=0.015463 amp=1.238670)  diff_lr=0.00e+00 amp_lr=4.57e-05
Epoch 59/300  train=0.611516 (diff=0.050167 amp=0.611516)  test=1.310703 (diff=0.024594 amp=1.286110)  diff_lr=0.00e+00 amp_lr=4.55e-05
Epoch 60/300  train=0.612065 (diff=0.049666 amp=0.612065)  test=1.301154 (diff=0.018319 amp=1.282835)  diff_lr=0.00e+00 amp_lr=4.54e-05
Epoch 61/300  train=0.562007 (diff=0.051623 amp=0.562007)  test=1.171201 (diff=0.020417 amp=1.150784)  diff_lr=0.00e+00 amp_lr=4.52e-05
Epoch 62/300  train=0.666684 (diff=0.054141 amp=0.666684)  test=1.486063 (diff=0.024230 amp=1.461833)  diff_lr=0.00e+00 amp_lr=4.51e-05
Epoch 63/300  train=0.618647 (diff=0.054967 amp=0.618647)  test=1.125753 (diff=0.021158 amp=1.104594)  diff_lr=0.00e+00 amp_lr=4.49e-05
Epoch 64/300  train=0.636982 (diff=0.051113 amp=0.636982)  test=1.168553 (diff=0.020356 amp=1.148197)  diff_lr=0.00e+00 amp_lr=4.48e-05
Epoch 65/300  train=0.654285 (diff=0.051164 amp=0.654285)  test=1.746170 (diff=0.025685 amp=1.720485)  diff_lr=0.00e+00 amp_lr=4.46e-05
Epoch 66/300  train=0.687169 (diff=0.052502 amp=0.687169)  test=1.137519 (diff=0.024262 amp=1.113257)  diff_lr=0.00e+00 amp_lr=4.45e-05
Epoch 67/300  train=0.659205 (diff=0.051704 amp=0.659205)  test=1.185258 (diff=0.033850 amp=1.151408)  diff_lr=0.00e+00 amp_lr=4.43e-05
Epoch 68/300  train=0.655820 (diff=0.058040 amp=0.655820)  test=1.264985 (diff=0.018011 amp=1.246974)  diff_lr=0.00e+00 amp_lr=4.41e-05
Epoch 69/300  train=0.590657 (diff=0.052453 amp=0.590657)  test=1.205850 (diff=0.034922 amp=1.170929)  diff_lr=0.00e+00 amp_lr=4.39e-05
Epoch 70/300  train=0.574028 (diff=0.053864 amp=0.574028)  test=1.398645 (diff=0.022722 amp=1.375923)  diff_lr=0.00e+00 amp_lr=4.38e-05
Epoch 71/300  train=0.647497 (diff=0.049956 amp=0.647497)  test=1.391870 (diff=0.018385 amp=1.373485)  diff_lr=0.00e+00 amp_lr=4.36e-05
Epoch 72/300  train=0.626152 (diff=0.052700 amp=0.626152)  test=1.087611 (diff=0.018732 amp=1.068879)  diff_lr=0.00e+00 amp_lr=4.34e-05
Epoch 73/300  train=0.633637 (diff=0.052809 amp=0.633637)  test=1.711143 (diff=0.021450 amp=1.689693)  diff_lr=0.00e+00 amp_lr=4.33e-05
Epoch 74/300  train=0.649775 (diff=0.055584 amp=0.649775)  test=1.410401 (diff=0.034097 amp=1.376304)  diff_lr=0.00e+00 amp_lr=4.31e-05
Epoch 75/300  train=0.590623 (diff=0.055057 amp=0.590623)  test=1.100718 (diff=0.024934 amp=1.075785)  diff_lr=0.00e+00 amp_lr=4.29e-05
Epoch 76/300  train=0.625837 (diff=0.049022 amp=0.625837)  test=1.259300 (diff=0.020738 amp=1.238562)  diff_lr=0.00e+00 amp_lr=4.27e-05
Epoch 77/300  train=0.627883 (diff=0.051736 amp=0.627883)  test=1.171295 (diff=0.021797 amp=1.149498)  diff_lr=0.00e+00 amp_lr=4.25e-05
Epoch 78/300  train=0.607765 (diff=0.046999 amp=0.607765)  test=1.115797 (diff=0.023437 amp=1.092360)  diff_lr=0.00e+00 amp_lr=4.23e-05
Epoch 79/300  train=0.574669 (diff=0.058662 amp=0.574669)  test=1.213056 (diff=0.031902 amp=1.181154)  diff_lr=0.00e+00 amp_lr=4.21e-05
Epoch 80/300  train=0.629494 (diff=0.051290 amp=0.629494)  test=1.283844 (diff=0.013147 amp=1.270697)  diff_lr=0.00e+00 amp_lr=4.20e-05
Epoch 81/300  train=0.629465 (diff=0.053709 amp=0.629465)  test=1.126240 (diff=0.025946 amp=1.100294)  diff_lr=0.00e+00 amp_lr=4.18e-05
Epoch 82/300  train=0.547345 (diff=0.055086 amp=0.547345)  test=1.325046 (diff=0.015188 amp=1.309859)  diff_lr=0.00e+00 amp_lr=4.16e-05
Epoch 83/300  train=0.595951 (diff=0.054156 amp=0.595951)  test=1.466449 (diff=0.019847 amp=1.446603)  diff_lr=0.00e+00 amp_lr=4.14e-05
Epoch 84/300  train=0.576805 (diff=0.045478 amp=0.576805)  test=1.111071 (diff=0.014475 amp=1.096595)  diff_lr=0.00e+00 amp_lr=4.12e-05
Epoch 85/300  train=0.609679 (diff=0.054752 amp=0.609679)  test=1.505059 (diff=0.017243 amp=1.487816)  diff_lr=0.00e+00 amp_lr=4.10e-05
Epoch 86/300  train=0.639375 (diff=0.052934 amp=0.639375)  test=1.254746 (diff=0.042264 amp=1.212481)  diff_lr=0.00e+00 amp_lr=4.08e-05
Epoch 87/300  train=0.595749 (diff=0.047507 amp=0.595749)  test=1.247874 (diff=0.016777 amp=1.231097)  diff_lr=0.00e+00 amp_lr=4.06e-05
Epoch 88/300  train=0.595281 (diff=0.052783 amp=0.595281)  test=1.615890 (diff=0.014045 amp=1.601845)  diff_lr=0.00e+00 amp_lr=4.04e-05
Epoch 89/300  train=0.587620 (diff=0.050115 amp=0.587620)  test=1.296831 (diff=0.027771 amp=1.269060)  diff_lr=0.00e+00 amp_lr=4.02e-05
Epoch 90/300  train=0.619221 (diff=0.054332 amp=0.619221)  test=1.235571 (diff=0.013108 amp=1.222463)  diff_lr=0.00e+00 amp_lr=3.99e-05
Epoch 91/300  train=0.653432 (diff=0.054364 amp=0.653432)  test=1.868204 (diff=0.019003 amp=1.849201)  diff_lr=0.00e+00 amp_lr=3.97e-05
Epoch 92/300  train=0.621707 (diff=0.053005 amp=0.621707)  test=1.114091 (diff=0.027905 amp=1.086186)  diff_lr=0.00e+00 amp_lr=3.95e-05
Epoch 93/300  train=0.560794 (diff=0.052348 amp=0.560794)  test=1.229275 (diff=0.023079 amp=1.206195)  diff_lr=0.00e+00 amp_lr=3.93e-05
Epoch 94/300  train=0.544691 (diff=0.049583 amp=0.544691)  test=1.713534 (diff=0.026023 amp=1.687511)  diff_lr=0.00e+00 amp_lr=3.91e-05
Epoch 95/300  train=0.541510 (diff=0.053315 amp=0.541510)  test=1.223735 (diff=0.016733 amp=1.207002)  diff_lr=0.00e+00 amp_lr=3.89e-05
Epoch 96/300  train=0.663297 (diff=0.049694 amp=0.663297)  test=1.435779 (diff=0.028027 amp=1.407752)  diff_lr=0.00e+00 amp_lr=3.87e-05
Epoch 97/300  train=0.609136 (diff=0.052885 amp=0.609136)  test=1.298854 (diff=0.019441 amp=1.279413)  diff_lr=0.00e+00 amp_lr=3.84e-05
Epoch 98/300  train=0.563676 (diff=0.052356 amp=0.563676)  test=1.232683 (diff=0.023090 amp=1.209593)  diff_lr=0.00e+00 amp_lr=3.82e-05
Epoch 99/300  train=0.556662 (diff=0.053908 amp=0.556662)  test=1.344063 (diff=0.021848 amp=1.322215)  diff_lr=0.00e+00 amp_lr=3.80e-05
Epoch 100/300  train=0.587417 (diff=0.046438 amp=0.587417)  test=1.031277 (diff=0.033971 amp=0.997306)  diff_lr=0.00e+00 amp_lr=3.78e-05
  -> New best test_loss=1.031277
  -> New best test_amp_loss=0.997306, saved amp_predictor + encoder_finetuned
Epoch 101/300  train=0.633948 (diff=0.056683 amp=0.633948)  test=1.275646 (diff=0.027621 amp=1.248025)  diff_lr=0.00e+00 amp_lr=3.75e-05
Epoch 102/300  train=0.607424 (diff=0.052255 amp=0.607424)  test=1.274918 (diff=0.024376 amp=1.250542)  diff_lr=0.00e+00 amp_lr=3.73e-05
Epoch 103/300  train=0.618596 (diff=0.051390 amp=0.618596)  test=1.397169 (diff=0.027771 amp=1.369399)  diff_lr=0.00e+00 amp_lr=3.71e-05
Epoch 104/300  train=0.578165 (diff=0.049647 amp=0.578165)  test=1.134253 (diff=0.023512 amp=1.110741)  diff_lr=0.00e+00 amp_lr=3.69e-05
Epoch 105/300  train=0.608781 (diff=0.051730 amp=0.608781)  test=1.511513 (diff=0.014737 amp=1.496776)  diff_lr=0.00e+00 amp_lr=3.66e-05
Epoch 106/300  train=0.570516 (diff=0.048343 amp=0.570516)  test=1.257392 (diff=0.021369 amp=1.236023)  diff_lr=0.00e+00 amp_lr=3.64e-05
Epoch 107/300  train=0.577924 (diff=0.050967 amp=0.577924)  test=1.334834 (diff=0.037518 amp=1.297316)  diff_lr=0.00e+00 amp_lr=3.62e-05
Epoch 108/300  train=0.528958 (diff=0.062344 amp=0.528958)  test=1.362609 (diff=0.027125 amp=1.335484)  diff_lr=0.00e+00 amp_lr=3.59e-05
Epoch 109/300  train=0.635735 (diff=0.050766 amp=0.635735)  test=1.375609 (diff=0.021004 amp=1.354605)  diff_lr=0.00e+00 amp_lr=3.57e-05
Epoch 110/300  train=0.553296 (diff=0.049903 amp=0.553296)  test=1.615768 (diff=0.019708 amp=1.596060)  diff_lr=0.00e+00 amp_lr=3.55e-05
Epoch 111/300  train=0.623154 (diff=0.052258 amp=0.623154)  test=1.195937 (diff=0.015649 amp=1.180287)  diff_lr=0.00e+00 amp_lr=3.52e-05
Epoch 112/300  train=0.606834 (diff=0.047053 amp=0.606834)  test=1.040061 (diff=0.018122 amp=1.021939)  diff_lr=0.00e+00 amp_lr=3.50e-05
Epoch 113/300  train=0.595184 (diff=0.054792 amp=0.595184)  test=1.191597 (diff=0.021284 amp=1.170312)  diff_lr=0.00e+00 amp_lr=3.47e-05
Epoch 114/300  train=0.567047 (diff=0.055550 amp=0.567047)  test=1.720962 (diff=0.023497 amp=1.697465)  diff_lr=0.00e+00 amp_lr=3.45e-05
Epoch 115/300  train=0.589645 (diff=0.049841 amp=0.589645)  test=1.487124 (diff=0.026105 amp=1.461020)  diff_lr=0.00e+00 amp_lr=3.43e-05
Epoch 116/300  train=0.553615 (diff=0.052143 amp=0.553615)  test=1.468021 (diff=0.022557 amp=1.445464)  diff_lr=0.00e+00 amp_lr=3.40e-05
Epoch 117/300  train=0.544910 (diff=0.052707 amp=0.544910)  test=1.208390 (diff=0.019227 amp=1.189163)  diff_lr=0.00e+00 amp_lr=3.38e-05
Epoch 118/300  train=0.522487 (diff=0.052143 amp=0.522487)  test=1.868646 (diff=0.017884 amp=1.850762)  diff_lr=0.00e+00 amp_lr=3.35e-05
Epoch 119/300  train=0.590780 (diff=0.047495 amp=0.590780)  test=1.461258 (diff=0.026002 amp=1.435256)  diff_lr=0.00e+00 amp_lr=3.33e-05
Epoch 120/300  train=0.606553 (diff=0.054389 amp=0.606553)  test=1.391046 (diff=0.029019 amp=1.362026)  diff_lr=0.00e+00 amp_lr=3.30e-05
Epoch 121/300  train=0.523928 (diff=0.055114 amp=0.523928)  test=1.348208 (diff=0.025922 amp=1.322286)  diff_lr=0.00e+00 amp_lr=3.28e-05
Epoch 122/300  train=0.549558 (diff=0.053507 amp=0.549558)  test=1.615738 (diff=0.024526 amp=1.591212)  diff_lr=0.00e+00 amp_lr=3.25e-05
Epoch 123/300  train=0.556082 (diff=0.052809 amp=0.556082)  test=1.533796 (diff=0.032923 amp=1.500873)  diff_lr=0.00e+00 amp_lr=3.23e-05
Epoch 124/300  train=0.567466 (diff=0.050300 amp=0.567466)  test=1.189987 (diff=0.017488 amp=1.172499)  diff_lr=0.00e+00 amp_lr=3.20e-05
Epoch 125/300  train=0.578653 (diff=0.050349 amp=0.578653)  test=1.304020 (diff=0.015412 amp=1.288608)  diff_lr=0.00e+00 amp_lr=3.18e-05
Epoch 126/300  train=0.577565 (diff=0.055152 amp=0.577565)  test=1.327390 (diff=0.015264 amp=1.312126)  diff_lr=0.00e+00 amp_lr=3.15e-05
Epoch 127/300  train=0.621937 (diff=0.056528 amp=0.621937)  test=1.410363 (diff=0.020063 amp=1.390299)  diff_lr=0.00e+00 amp_lr=3.13e-05
Epoch 128/300  train=0.563744 (diff=0.054817 amp=0.563744)  test=1.426449 (diff=0.018980 amp=1.407469)  diff_lr=0.00e+00 amp_lr=3.10e-05
Epoch 129/300  train=0.546673 (diff=0.053914 amp=0.546673)  test=1.446655 (diff=0.029342 amp=1.417314)  diff_lr=0.00e+00 amp_lr=3.08e-05
Epoch 130/300  train=0.537683 (diff=0.050467 amp=0.537683)  test=1.802305 (diff=0.022847 amp=1.779458)  diff_lr=0.00e+00 amp_lr=3.05e-05
Epoch 131/300  train=0.557819 (diff=0.049766 amp=0.557819)  test=1.489562 (diff=0.015236 amp=1.474326)  diff_lr=0.00e+00 amp_lr=3.03e-05
Epoch 132/300  train=0.569378 (diff=0.050027 amp=0.569378)  test=1.605365 (diff=0.024100 amp=1.581265)  diff_lr=0.00e+00 amp_lr=3.00e-05
Epoch 133/300  train=0.510018 (diff=0.044788 amp=0.510018)  test=1.417287 (diff=0.022055 amp=1.395232)  diff_lr=0.00e+00 amp_lr=2.98e-05
Epoch 134/300  train=0.537649 (diff=0.055106 amp=0.537649)  test=1.469745 (diff=0.023856 amp=1.445889)  diff_lr=0.00e+00 amp_lr=2.95e-05
Epoch 135/300  train=0.623353 (diff=0.049991 amp=0.623353)  test=1.316333 (diff=0.021972 amp=1.294361)  diff_lr=0.00e+00 amp_lr=2.93e-05
Epoch 136/300  train=0.597884 (diff=0.053388 amp=0.597884)  test=1.209869 (diff=0.024680 amp=1.185188)  diff_lr=0.00e+00 amp_lr=2.90e-05
Epoch 137/300  train=0.585703 (diff=0.047899 amp=0.585703)  test=1.546518 (diff=0.019421 amp=1.527097)  diff_lr=0.00e+00 amp_lr=2.87e-05
Epoch 138/300  train=0.517211 (diff=0.054053 amp=0.517211)  test=1.237121 (diff=0.018223 amp=1.218898)  diff_lr=0.00e+00 amp_lr=2.85e-05
Epoch 139/300  train=0.595409 (diff=0.052888 amp=0.595409)  test=1.665146 (diff=0.025748 amp=1.639398)  diff_lr=0.00e+00 amp_lr=2.82e-05
Epoch 140/300  train=0.545529 (diff=0.057349 amp=0.545529)  test=1.238559 (diff=0.021100 amp=1.217459)  diff_lr=0.00e+00 amp_lr=2.80e-05
Epoch 141/300  train=0.533920 (diff=0.056768 amp=0.533920)  test=1.658073 (diff=0.022651 amp=1.635421)  diff_lr=0.00e+00 amp_lr=2.77e-05
Epoch 142/300  train=0.524465 (diff=0.054552 amp=0.524465)  test=1.123476 (diff=0.021944 amp=1.101532)  diff_lr=0.00e+00 amp_lr=2.74e-05
Epoch 143/300  train=0.581331 (diff=0.051225 amp=0.581331)  test=1.621446 (diff=0.024000 amp=1.597447)  diff_lr=0.00e+00 amp_lr=2.72e-05
Epoch 144/300  train=0.529856 (diff=0.056917 amp=0.529856)  test=1.485965 (diff=0.018143 amp=1.467822)  diff_lr=0.00e+00 amp_lr=2.69e-05
Epoch 145/300  train=0.582829 (diff=0.049615 amp=0.582829)  test=1.591534 (diff=0.026922 amp=1.564611)  diff_lr=0.00e+00 amp_lr=2.67e-05
Epoch 146/300  train=0.560335 (diff=0.053429 amp=0.560335)  test=1.555355 (diff=0.031411 amp=1.523944)  diff_lr=0.00e+00 amp_lr=2.64e-05
Epoch 147/300  train=0.554994 (diff=0.048764 amp=0.554994)  test=1.550287 (diff=0.024750 amp=1.525537)  diff_lr=0.00e+00 amp_lr=2.61e-05
Epoch 148/300  train=0.555911 (diff=0.051967 amp=0.555911)  test=1.217546 (diff=0.025840 amp=1.191706)  diff_lr=0.00e+00 amp_lr=2.59e-05
Epoch 149/300  train=0.561604 (diff=0.053042 amp=0.561604)  test=1.608823 (diff=0.024773 amp=1.584050)  diff_lr=0.00e+00 amp_lr=2.56e-05
Epoch 150/300  train=0.578914 (diff=0.054317 amp=0.578914)  test=1.350773 (diff=0.023116 amp=1.327657)  diff_lr=0.00e+00 amp_lr=2.54e-05
Epoch 151/300  train=0.598623 (diff=0.052762 amp=0.598623)  test=1.601187 (diff=0.039608 amp=1.561579)  diff_lr=0.00e+00 amp_lr=2.51e-05
Epoch 152/300  train=0.545052 (diff=0.053573 amp=0.545052)  test=1.680493 (diff=0.023119 amp=1.657374)  diff_lr=0.00e+00 amp_lr=2.48e-05
Epoch 153/300  train=0.485709 (diff=0.057885 amp=0.485709)  test=1.366594 (diff=0.028116 amp=1.338477)  diff_lr=0.00e+00 amp_lr=2.46e-05
Epoch 154/300  train=0.613890 (diff=0.049404 amp=0.613890)  test=1.315834 (diff=0.017720 amp=1.298114)  diff_lr=0.00e+00 amp_lr=2.43e-05
Epoch 155/300  train=0.530689 (diff=0.048996 amp=0.530689)  test=1.358161 (diff=0.021095 amp=1.337066)  diff_lr=0.00e+00 amp_lr=2.41e-05
Epoch 156/300  train=0.555953 (diff=0.049376 amp=0.555953)  test=0.980886 (diff=0.026562 amp=0.954325)  diff_lr=0.00e+00 amp_lr=2.38e-05
  -> New best test_loss=0.980886
  -> New best test_amp_loss=0.954325, saved amp_predictor + encoder_finetuned
Epoch 157/300  train=0.545726 (diff=0.051959 amp=0.545726)  test=1.169413 (diff=0.027745 amp=1.141668)  diff_lr=0.00e+00 amp_lr=2.35e-05
Epoch 158/300  train=0.548039 (diff=0.049935 amp=0.548039)  test=1.294811 (diff=0.022223 amp=1.272588)  diff_lr=0.00e+00 amp_lr=2.33e-05
Epoch 159/300  train=0.548667 (diff=0.054336 amp=0.548667)  test=1.054841 (diff=0.019948 amp=1.034893)  diff_lr=0.00e+00 amp_lr=2.30e-05
Epoch 160/300  train=0.502607 (diff=0.055350 amp=0.502607)  test=1.422364 (diff=0.029758 amp=1.392606)  diff_lr=0.00e+00 amp_lr=2.28e-05
Epoch 161/300  train=0.533154 (diff=0.048258 amp=0.533154)  test=1.011764 (diff=0.036739 amp=0.975024)  diff_lr=0.00e+00 amp_lr=2.25e-05
Epoch 162/300  train=0.555175 (diff=0.055899 amp=0.555175)  test=1.027458 (diff=0.024201 amp=1.003258)  diff_lr=0.00e+00 amp_lr=2.22e-05
Epoch 163/300  train=0.527569 (diff=0.056330 amp=0.527569)  test=1.143448 (diff=0.019581 amp=1.123867)  diff_lr=0.00e+00 amp_lr=2.20e-05
Epoch 164/300  train=0.612372 (diff=0.048921 amp=0.612372)  test=1.426421 (diff=0.020080 amp=1.406342)  diff_lr=0.00e+00 amp_lr=2.17e-05
Epoch 165/300  train=0.548422 (diff=0.050230 amp=0.548422)  test=1.484159 (diff=0.030524 amp=1.453635)  diff_lr=0.00e+00 amp_lr=2.15e-05
Epoch 166/300  train=0.514917 (diff=0.053384 amp=0.514917)  test=1.363895 (diff=0.027968 amp=1.335927)  diff_lr=0.00e+00 amp_lr=2.12e-05
Epoch 167/300  train=0.563486 (diff=0.048097 amp=0.563486)  test=1.606454 (diff=0.029713 amp=1.576741)  diff_lr=0.00e+00 amp_lr=2.09e-05
Epoch 168/300  train=0.543944 (diff=0.055710 amp=0.543944)  test=1.685827 (diff=0.029013 amp=1.656813)  diff_lr=0.00e+00 amp_lr=2.07e-05
Epoch 169/300  train=0.488907 (diff=0.046396 amp=0.488907)  test=1.774969 (diff=0.015747 amp=1.759222)  diff_lr=0.00e+00 amp_lr=2.04e-05
Epoch 170/300  train=0.517516 (diff=0.055261 amp=0.517516)  test=1.251806 (diff=0.020619 amp=1.231187)  diff_lr=0.00e+00 amp_lr=2.02e-05
Epoch 171/300  train=0.529722 (diff=0.049322 amp=0.529722)  test=1.350400 (diff=0.023414 amp=1.326986)  diff_lr=0.00e+00 amp_lr=1.99e-05
Epoch 172/300  train=0.527502 (diff=0.054906 amp=0.527502)  test=1.600914 (diff=0.033720 amp=1.567194)  diff_lr=0.00e+00 amp_lr=1.97e-05
Epoch 173/300  train=0.515861 (diff=0.055671 amp=0.515861)  test=1.808016 (diff=0.023865 amp=1.784150)  diff_lr=0.00e+00 amp_lr=1.94e-05
Epoch 174/300  train=0.570585 (diff=0.049667 amp=0.570585)  test=1.623489 (diff=0.026320 amp=1.597169)  diff_lr=0.00e+00 amp_lr=1.92e-05
Epoch 175/300  train=0.547002 (diff=0.056443 amp=0.547002)  test=1.475134 (diff=0.022158 amp=1.452976)  diff_lr=0.00e+00 amp_lr=1.89e-05
Epoch 176/300  train=0.566249 (diff=0.054210 amp=0.566249)  test=1.984957 (diff=0.018492 amp=1.966466)  diff_lr=0.00e+00 amp_lr=1.87e-05
Epoch 177/300  train=0.534801 (diff=0.052433 amp=0.534801)  test=1.852108 (diff=0.023264 amp=1.828844)  diff_lr=0.00e+00 amp_lr=1.84e-05
Epoch 178/300  train=0.509307 (diff=0.053032 amp=0.509307)  test=1.738639 (diff=0.033680 amp=1.704959)  diff_lr=0.00e+00 amp_lr=1.82e-05
Epoch 179/300  train=0.617102 (diff=0.048104 amp=0.617102)  test=1.505804 (diff=0.027264 amp=1.478540)  diff_lr=0.00e+00 amp_lr=1.79e-05
Epoch 180/300  train=0.511620 (diff=0.053573 amp=0.511620)  test=1.573822 (diff=0.019290 amp=1.554532)  diff_lr=0.00e+00 amp_lr=1.77e-05
Epoch 181/300  train=0.584187 (diff=0.053217 amp=0.584187)  test=1.495254 (diff=0.024484 amp=1.470769)  diff_lr=0.00e+00 amp_lr=1.74e-05
Epoch 182/300  train=0.608002 (diff=0.052363 amp=0.608002)  test=1.630313 (diff=0.024634 amp=1.605679)  diff_lr=0.00e+00 amp_lr=1.72e-05
Epoch 183/300  train=0.505427 (diff=0.051183 amp=0.505427)  test=1.605304 (diff=0.015721 amp=1.589583)  diff_lr=0.00e+00 amp_lr=1.69e-05
Epoch 184/300  train=0.501294 (diff=0.053074 amp=0.501294)  test=1.638783 (diff=0.018925 amp=1.619859)  diff_lr=0.00e+00 amp_lr=1.67e-05
Epoch 185/300  train=0.592226 (diff=0.055241 amp=0.592226)  test=1.764310 (diff=0.021181 amp=1.743129)  diff_lr=0.00e+00 amp_lr=1.64e-05
Epoch 186/300  train=0.523979 (diff=0.053683 amp=0.523979)  test=1.961151 (diff=0.019415 amp=1.941737)  diff_lr=0.00e+00 amp_lr=1.62e-05
Epoch 187/300  train=0.512320 (diff=0.054318 amp=0.512320)  test=1.747407 (diff=0.021329 amp=1.726078)  diff_lr=0.00e+00 amp_lr=1.59e-05
Epoch 188/300  train=0.518211 (diff=0.049510 amp=0.518211)  test=1.784388 (diff=0.026731 amp=1.757657)  diff_lr=0.00e+00 amp_lr=1.57e-05
Epoch 189/300  train=0.490565 (diff=0.053155 amp=0.490565)  test=1.658861 (diff=0.021227 amp=1.637633)  diff_lr=0.00e+00 amp_lr=1.55e-05
Epoch 190/300  train=0.508076 (diff=0.044779 amp=0.508076)  test=1.454317 (diff=0.028681 amp=1.425636)  diff_lr=0.00e+00 amp_lr=1.52e-05
Epoch 191/300  train=0.622218 (diff=0.048873 amp=0.622218)  test=1.624835 (diff=0.018203 amp=1.606632)  diff_lr=0.00e+00 amp_lr=1.50e-05
Epoch 192/300  train=0.514449 (diff=0.055260 amp=0.514449)  test=1.592277 (diff=0.023996 amp=1.568281)  diff_lr=0.00e+00 amp_lr=1.47e-05
Epoch 193/300  train=0.531219 (diff=0.049325 amp=0.531219)  test=1.785819 (diff=0.025067 amp=1.760752)  diff_lr=0.00e+00 amp_lr=1.45e-05
Epoch 194/300  train=0.490011 (diff=0.053557 amp=0.490011)  test=1.540756 (diff=0.027138 amp=1.513617)  diff_lr=0.00e+00 amp_lr=1.43e-05
Epoch 195/300  train=0.515921 (diff=0.049750 amp=0.515921)  test=1.608230 (diff=0.025277 amp=1.582953)  diff_lr=0.00e+00 amp_lr=1.40e-05
Epoch 196/300  train=0.482617 (diff=0.051450 amp=0.482617)  test=1.690225 (diff=0.020263 amp=1.669962)  diff_lr=0.00e+00 amp_lr=1.38e-05
Epoch 197/300  train=0.541929 (diff=0.054849 amp=0.541929)  test=1.833087 (diff=0.020068 amp=1.813019)  diff_lr=0.00e+00 amp_lr=1.36e-05
Epoch 198/300  train=0.525873 (diff=0.051737 amp=0.525873)  test=1.695982 (diff=0.021490 amp=1.674492)  diff_lr=0.00e+00 amp_lr=1.33e-05
Epoch 199/300  train=0.504633 (diff=0.052867 amp=0.504633)  test=1.939202 (diff=0.034733 amp=1.904469)  diff_lr=0.00e+00 amp_lr=1.31e-05
Epoch 200/300  train=0.505915 (diff=0.055074 amp=0.505915)  test=1.941669 (diff=0.019071 amp=1.922598)  diff_lr=0.00e+00 amp_lr=1.29e-05
Epoch 201/300  train=0.565267 (diff=0.054061 amp=0.565267)  test=1.779071 (diff=0.024870 amp=1.754201)  diff_lr=0.00e+00 amp_lr=1.26e-05
Epoch 202/300  train=0.547320 (diff=0.053148 amp=0.547320)  test=1.711871 (diff=0.021959 amp=1.689912)  diff_lr=0.00e+00 amp_lr=1.24e-05
Epoch 203/300  train=0.491807 (diff=0.052464 amp=0.491807)  test=1.764436 (diff=0.025055 amp=1.739381)  diff_lr=0.00e+00 amp_lr=1.22e-05
Epoch 204/300  train=0.540527 (diff=0.050261 amp=0.540527)  test=1.821866 (diff=0.058267 amp=1.763599)  diff_lr=0.00e+00 amp_lr=1.20e-05
Epoch 205/300  train=0.490098 (diff=0.050571 amp=0.490098)  test=1.754602 (diff=0.029755 amp=1.724848)  diff_lr=0.00e+00 amp_lr=1.18e-05
Epoch 206/300  train=0.566772 (diff=0.054751 amp=0.566772)  test=1.757835 (diff=0.037197 amp=1.720638)  diff_lr=0.00e+00 amp_lr=1.15e-05
Epoch 207/300  train=0.511339 (diff=0.050567 amp=0.511339)  test=1.908687 (diff=0.029192 amp=1.879494)  diff_lr=0.00e+00 amp_lr=1.13e-05
Epoch 208/300  train=0.491252 (diff=0.051023 amp=0.491252)  test=1.810926 (diff=0.016219 amp=1.794707)  diff_lr=0.00e+00 amp_lr=1.11e-05
Epoch 209/300  train=0.549118 (diff=0.053086 amp=0.549118)  test=1.844807 (diff=0.020206 amp=1.824601)  diff_lr=0.00e+00 amp_lr=1.09e-05
Epoch 210/300  train=0.514102 (diff=0.053615 amp=0.514102)  test=1.998353 (diff=0.021678 amp=1.976675)  diff_lr=0.00e+00 amp_lr=1.07e-05
Epoch 211/300  train=0.545607 (diff=0.053384 amp=0.545607)  test=1.623476 (diff=0.025133 amp=1.598343)  diff_lr=0.00e+00 amp_lr=1.05e-05
Epoch 212/300  train=0.580801 (diff=0.057029 amp=0.580801)  test=1.443763 (diff=0.029520 amp=1.414243)  diff_lr=0.00e+00 amp_lr=1.03e-05
Epoch 213/300  train=0.487149 (diff=0.055112 amp=0.487149)  test=1.523697 (diff=0.011679 amp=1.512018)  diff_lr=0.00e+00 amp_lr=1.00e-05
Epoch 214/300  train=0.495101 (diff=0.055338 amp=0.495101)  test=1.622422 (diff=0.019586 amp=1.602836)  diff_lr=0.00e+00 amp_lr=9.84e-06
Epoch 215/300  train=0.540719 (diff=0.058286 amp=0.540719)  test=1.625569 (diff=0.023972 amp=1.601597)  diff_lr=0.00e+00 amp_lr=9.63e-06
Epoch 216/300  train=0.552786 (diff=0.055298 amp=0.552786)  test=1.801544 (diff=0.027367 amp=1.774177)  diff_lr=0.00e+00 amp_lr=9.43e-06
Epoch 217/300  train=0.469864 (diff=0.053333 amp=0.469864)  test=1.842150 (diff=0.028656 amp=1.813493)  diff_lr=0.00e+00 amp_lr=9.23e-06
Epoch 218/300  train=0.551271 (diff=0.048128 amp=0.551271)  test=1.596164 (diff=0.024971 amp=1.571193)  diff_lr=0.00e+00 amp_lr=9.03e-06
Epoch 219/300  train=0.427859 (diff=0.054680 amp=0.427859)  test=1.761044 (diff=0.015769 amp=1.745275)  diff_lr=0.00e+00 amp_lr=8.83e-06
Epoch 220/300  train=0.562586 (diff=0.055121 amp=0.562586)  test=1.770217 (diff=0.024754 amp=1.745463)  diff_lr=0.00e+00 amp_lr=8.63e-06
Epoch 221/300  train=0.513964 (diff=0.049414 amp=0.513964)  test=1.829572 (diff=0.021266 amp=1.808306)  diff_lr=0.00e+00 amp_lr=8.44e-06
Epoch 222/300  train=0.552409 (diff=0.054533 amp=0.552409)  test=1.750491 (diff=0.016561 amp=1.733930)  diff_lr=0.00e+00 amp_lr=8.25e-06
Epoch 223/300  train=0.539822 (diff=0.051191 amp=0.539822)  test=1.829437 (diff=0.025195 amp=1.804242)  diff_lr=0.00e+00 amp_lr=8.05e-06
Epoch 224/300  train=0.508588 (diff=0.047429 amp=0.508588)  test=1.820005 (diff=0.028834 amp=1.791171)  diff_lr=0.00e+00 amp_lr=7.87e-06
Epoch 225/300  train=0.597565 (diff=0.051730 amp=0.597565)  test=1.724792 (diff=0.024613 amp=1.700179)  diff_lr=0.00e+00 amp_lr=7.68e-06
Epoch 226/300  train=0.491999 (diff=0.058765 amp=0.491999)  test=1.826969 (diff=0.028711 amp=1.798257)  diff_lr=0.00e+00 amp_lr=7.49e-06
Epoch 227/300  train=0.557850 (diff=0.053502 amp=0.557850)  test=1.773027 (diff=0.018357 amp=1.754670)  diff_lr=0.00e+00 amp_lr=7.31e-06
Epoch 228/300  train=0.529644 (diff=0.053399 amp=0.529644)  test=1.747315 (diff=0.026776 amp=1.720540)  diff_lr=0.00e+00 amp_lr=7.13e-06
Epoch 229/300  train=0.523982 (diff=0.048975 amp=0.523982)  test=1.847893 (diff=0.016010 amp=1.831884)  diff_lr=0.00e+00 amp_lr=6.95e-06
Epoch 230/300  train=0.526786 (diff=0.054138 amp=0.526786)  test=1.807069 (diff=0.016114 amp=1.790955)  diff_lr=0.00e+00 amp_lr=6.77e-06
Epoch 231/300  train=0.504743 (diff=0.050312 amp=0.504743)  test=1.956702 (diff=0.025793 amp=1.930909)  diff_lr=0.00e+00 amp_lr=6.60e-06
Epoch 232/300  train=0.502340 (diff=0.049936 amp=0.502340)  test=1.829193 (diff=0.011604 amp=1.817589)  diff_lr=0.00e+00 amp_lr=6.42e-06
Epoch 233/300  train=0.474403 (diff=0.053134 amp=0.474403)  test=1.649864 (diff=0.021836 amp=1.628028)  diff_lr=0.00e+00 amp_lr=6.25e-06
Epoch 234/300  train=0.561883 (diff=0.049525 amp=0.561883)  test=1.807055 (diff=0.018908 amp=1.788148)  diff_lr=0.00e+00 amp_lr=6.08e-06
Epoch 235/300  train=0.501767 (diff=0.052498 amp=0.501767)  test=1.742546 (diff=0.024180 amp=1.718366)  diff_lr=0.00e+00 amp_lr=5.91e-06
Epoch 236/300  train=0.485394 (diff=0.058449 amp=0.485394)  test=1.737598 (diff=0.030844 amp=1.706754)  diff_lr=0.00e+00 amp_lr=5.75e-06
Epoch 237/300  train=0.593668 (diff=0.050971 amp=0.593668)  test=1.836148 (diff=0.029892 amp=1.806256)  diff_lr=0.00e+00 amp_lr=5.59e-06
Epoch 238/300  train=0.544352 (diff=0.052422 amp=0.544352)  test=1.758860 (diff=0.022908 amp=1.735951)  diff_lr=0.00e+00 amp_lr=5.43e-06
Epoch 239/300  train=0.533996 (diff=0.051259 amp=0.533996)  test=1.837336 (diff=0.019375 amp=1.817960)  diff_lr=0.00e+00 amp_lr=5.27e-06
Epoch 240/300  train=0.537035 (diff=0.052036 amp=0.537035)  test=1.872726 (diff=0.017537 amp=1.855190)  diff_lr=0.00e+00 amp_lr=5.11e-06
Epoch 241/300  train=0.527433 (diff=0.049499 amp=0.527433)  test=1.730552 (diff=0.024081 amp=1.706471)  diff_lr=0.00e+00 amp_lr=4.96e-06
Epoch 242/300  train=0.520097 (diff=0.052842 amp=0.520097)  test=1.659270 (diff=0.026926 amp=1.632343)  diff_lr=0.00e+00 amp_lr=4.80e-06
Epoch 243/300  train=0.563562 (diff=0.054827 amp=0.563562)  test=1.711190 (diff=0.019978 amp=1.691212)  diff_lr=0.00e+00 amp_lr=4.65e-06
Epoch 244/300  train=0.506253 (diff=0.053405 amp=0.506253)  test=1.723665 (diff=0.022009 amp=1.701656)  diff_lr=0.00e+00 amp_lr=4.51e-06
Epoch 245/300  train=0.537348 (diff=0.051696 amp=0.537348)  test=1.635536 (diff=0.024696 amp=1.610840)  diff_lr=0.00e+00 amp_lr=4.36e-06
Epoch 246/300  train=0.553414 (diff=0.051403 amp=0.553414)  test=1.762561 (diff=0.027910 amp=1.734651)  diff_lr=0.00e+00 amp_lr=4.22e-06
Epoch 247/300  train=0.569197 (diff=0.055431 amp=0.569197)  test=1.812519 (diff=0.035363 amp=1.777156)  diff_lr=0.00e+00 amp_lr=4.08e-06
Epoch 248/300  train=0.531525 (diff=0.054905 amp=0.531525)  test=1.758598 (diff=0.023522 amp=1.735076)  diff_lr=0.00e+00 amp_lr=3.94e-06
Epoch 249/300  train=0.630307 (diff=0.054159 amp=0.630307)  test=1.687620 (diff=0.022563 amp=1.665057)  diff_lr=0.00e+00 amp_lr=3.80e-06
Epoch 250/300  train=0.520851 (diff=0.055988 amp=0.520851)  test=1.795942 (diff=0.029592 amp=1.766350)  diff_lr=0.00e+00 amp_lr=3.67e-06
Epoch 251/300  train=0.572913 (diff=0.052914 amp=0.572913)  test=1.789098 (diff=0.025291 amp=1.763807)  diff_lr=0.00e+00 amp_lr=3.54e-06
Epoch 252/300  train=0.544402 (diff=0.056231 amp=0.544402)  test=1.843194 (diff=0.026969 amp=1.816225)  diff_lr=0.00e+00 amp_lr=3.41e-06
Epoch 253/300  train=0.497140 (diff=0.055563 amp=0.497140)  test=1.895584 (diff=0.026838 amp=1.868746)  diff_lr=0.00e+00 amp_lr=3.28e-06
Epoch 254/300  train=0.433286 (diff=0.055277 amp=0.433286)  test=1.838589 (diff=0.023948 amp=1.814642)  diff_lr=0.00e+00 amp_lr=3.16e-06
Epoch 255/300  train=0.539512 (diff=0.055040 amp=0.539512)  test=1.757927 (diff=0.034861 amp=1.723066)  diff_lr=0.00e+00 amp_lr=3.03e-06
Epoch 256/300  train=0.503728 (diff=0.052312 amp=0.503728)  test=1.679840 (diff=0.022954 amp=1.656886)  diff_lr=0.00e+00 amp_lr=2.91e-06
Epoch 257/300  train=0.519950 (diff=0.047092 amp=0.519950)  test=1.685121 (diff=0.021571 amp=1.663550)  diff_lr=0.00e+00 amp_lr=2.80e-06
Epoch 258/300  train=0.498784 (diff=0.053307 amp=0.498784)  test=1.785255 (diff=0.019853 amp=1.765403)  diff_lr=0.00e+00 amp_lr=2.68e-06
Epoch 259/300  train=0.479557 (diff=0.055209 amp=0.479557)  test=1.798801 (diff=0.022878 amp=1.775923)  diff_lr=0.00e+00 amp_lr=2.57e-06
Epoch 260/300  train=0.544595 (diff=0.054175 amp=0.544595)  test=1.799394 (diff=0.021893 amp=1.777501)  diff_lr=0.00e+00 amp_lr=2.46e-06
Epoch 261/300  train=0.512677 (diff=0.054476 amp=0.512677)  test=1.830827 (diff=0.022914 amp=1.807913)  diff_lr=0.00e+00 amp_lr=2.35e-06
Epoch 262/300  train=0.524063 (diff=0.058330 amp=0.524063)  test=1.731253 (diff=0.026695 amp=1.704558)  diff_lr=0.00e+00 amp_lr=2.25e-06
Epoch 263/300  train=0.512994 (diff=0.052042 amp=0.512994)  test=1.803356 (diff=0.023286 amp=1.780070)  diff_lr=0.00e+00 amp_lr=2.15e-06
Epoch 264/300  train=0.498347 (diff=0.052566 amp=0.498347)  test=1.766631 (diff=0.027015 amp=1.739615)  diff_lr=0.00e+00 amp_lr=2.05e-06
Epoch 265/300  train=0.515643 (diff=0.051888 amp=0.515643)  test=1.818756 (diff=0.024353 amp=1.794403)  diff_lr=0.00e+00 amp_lr=1.95e-06
Epoch 266/300  train=0.481514 (diff=0.054291 amp=0.481514)  test=1.820180 (diff=0.029034 amp=1.791146)  diff_lr=0.00e+00 amp_lr=1.85e-06
Epoch 267/300  train=0.498831 (diff=0.053292 amp=0.498831)  test=1.747940 (diff=0.034632 amp=1.713308)  diff_lr=0.00e+00 amp_lr=1.76e-06
Epoch 268/300  train=0.509975 (diff=0.052540 amp=0.509975)  test=1.762307 (diff=0.042735 amp=1.719572)  diff_lr=0.00e+00 amp_lr=1.67e-06
Epoch 269/300  train=0.518245 (diff=0.052510 amp=0.518245)  test=1.717129 (diff=0.019743 amp=1.697386)  diff_lr=0.00e+00 amp_lr=1.59e-06
Epoch 270/300  train=0.549104 (diff=0.055909 amp=0.549104)  test=1.719309 (diff=0.013863 amp=1.705446)  diff_lr=0.00e+00 amp_lr=1.50e-06
Epoch 271/300  train=0.472097 (diff=0.052946 amp=0.472097)  test=1.729915 (diff=0.040623 amp=1.689292)  diff_lr=0.00e+00 amp_lr=1.42e-06
Epoch 272/300  train=0.551183 (diff=0.054495 amp=0.551183)  test=1.777966 (diff=0.026086 amp=1.751880)  diff_lr=0.00e+00 amp_lr=1.34e-06
Epoch 273/300  train=0.456222 (diff=0.048130 amp=0.456222)  test=1.769499 (diff=0.025935 amp=1.743564)  diff_lr=0.00e+00 amp_lr=1.26e-06
Epoch 274/300  train=0.539111 (diff=0.056424 amp=0.539111)  test=1.820361 (diff=0.015133 amp=1.805228)  diff_lr=0.00e+00 amp_lr=1.19e-06
Epoch 275/300  train=0.505589 (diff=0.048246 amp=0.505589)  test=1.789847 (diff=0.029350 amp=1.760497)  diff_lr=0.00e+00 amp_lr=1.12e-06
Epoch 276/300  train=0.519842 (diff=0.052130 amp=0.519842)  test=1.755652 (diff=0.017217 amp=1.738435)  diff_lr=0.00e+00 amp_lr=1.05e-06
Epoch 277/300  train=0.531973 (diff=0.050576 amp=0.531973)  test=1.798853 (diff=0.029522 amp=1.769331)  diff_lr=0.00e+00 amp_lr=9.82e-07
Epoch 278/300  train=0.494715 (diff=0.057720 amp=0.494715)  test=1.858410 (diff=0.018738 amp=1.839672)  diff_lr=0.00e+00 amp_lr=9.19e-07
Epoch 279/300  train=0.446324 (diff=0.049380 amp=0.446324)  test=1.838191 (diff=0.021430 amp=1.816761)  diff_lr=0.00e+00 amp_lr=8.58e-07
Epoch 280/300  train=0.512149 (diff=0.052303 amp=0.512149)  test=1.838348 (diff=0.013615 amp=1.824734)  diff_lr=0.00e+00 amp_lr=8.00e-07
Epoch 281/300  train=0.533221 (diff=0.058429 amp=0.533221)  test=1.766210 (diff=0.027835 amp=1.738375)  diff_lr=0.00e+00 amp_lr=7.44e-07
Epoch 282/300  train=0.504802 (diff=0.051887 amp=0.504802)  test=1.755490 (diff=0.043432 amp=1.712057)  diff_lr=0.00e+00 amp_lr=6.91e-07
Epoch 283/300  train=0.520186 (diff=0.054310 amp=0.520186)  test=1.744182 (diff=0.029279 amp=1.714902)  diff_lr=0.00e+00 amp_lr=6.41e-07
Epoch 284/300  train=0.489602 (diff=0.054740 amp=0.489602)  test=1.738382 (diff=0.022303 amp=1.716079)  diff_lr=0.00e+00 amp_lr=5.94e-07
Epoch 285/300  train=0.561280 (diff=0.048544 amp=0.561280)  test=1.765702 (diff=0.021614 amp=1.744088)  diff_lr=0.00e+00 amp_lr=5.49e-07
Epoch 286/300  train=0.511206 (diff=0.052804 amp=0.511206)  test=1.754998 (diff=0.015227 amp=1.739771)  diff_lr=0.00e+00 amp_lr=5.07e-07
Epoch 287/300  train=0.521325 (diff=0.054935 amp=0.521325)  test=1.801306 (diff=0.032849 amp=1.768457)  diff_lr=0.00e+00 amp_lr=4.67e-07
Epoch 288/300  train=0.565894 (diff=0.049677 amp=0.565894)  test=1.780047 (diff=0.023854 amp=1.756193)  diff_lr=0.00e+00 amp_lr=4.30e-07
Epoch 289/300  train=0.484305 (diff=0.052635 amp=0.484305)  test=1.807460 (diff=0.014832 amp=1.792628)  diff_lr=0.00e+00 amp_lr=3.96e-07
Epoch 290/300  train=0.473939 (diff=0.053069 amp=0.473939)  test=1.780182 (diff=0.021282 amp=1.758901)  diff_lr=0.00e+00 amp_lr=3.65e-07
Epoch 291/300  train=0.487584 (diff=0.051388 amp=0.487584)  test=1.810712 (diff=0.038681 amp=1.772031)  diff_lr=0.00e+00 amp_lr=3.36e-07
Epoch 292/300  train=0.456181 (diff=0.051168 amp=0.456181)  test=1.808074 (diff=0.028343 amp=1.779732)  diff_lr=0.00e+00 amp_lr=3.11e-07
Epoch 293/300  train=0.534686 (diff=0.055787 amp=0.534686)  test=1.810734 (diff=0.019892 amp=1.790842)  diff_lr=0.00e+00 amp_lr=2.87e-07
Epoch 294/300  train=0.489914 (diff=0.057622 amp=0.489914)  test=1.822257 (diff=0.031748 amp=1.790509)  diff_lr=0.00e+00 amp_lr=2.67e-07
Epoch 295/300  train=0.523692 (diff=0.050388 amp=0.523692)  test=1.806255 (diff=0.014884 amp=1.791370)  diff_lr=0.00e+00 amp_lr=2.49e-07
Epoch 296/300  train=0.521634 (diff=0.054520 amp=0.521634)  test=1.797310 (diff=0.034624 amp=1.762686)  diff_lr=0.00e+00 amp_lr=2.34e-07
Epoch 297/300  train=0.540831 (diff=0.057560 amp=0.540831)  test=1.794211 (diff=0.022638 amp=1.771573)  diff_lr=0.00e+00 amp_lr=2.22e-07
Epoch 298/300  train=0.482112 (diff=0.048136 amp=0.482112)  test=1.786567 (diff=0.019769 amp=1.766799)  diff_lr=0.00e+00 amp_lr=2.12e-07
Epoch 299/300  train=0.487092 (diff=0.050136 amp=0.487092)  test=1.803046 (diff=0.029738 amp=1.773308)  diff_lr=0.00e+00 amp_lr=2.05e-07
Epoch 300/300  train=0.585040 (diff=0.045559 amp=0.585040)  test=1.793081 (diff=0.013250 amp=1.779831)  diff_lr=0.00e+00 amp_lr=2.01e-07

Training complete.

==========================================
Evaluating...
==========================================
C:\lxr\study\final\src\model\diffusion.py:434: UserWarning: enable_nested_tensor is True, but self.use_nested_tensor is False because encoder_layer.norm_first was True
  self.attn = nn.TransformerEncoder(attn_layer, num_layers=n_attn_layers)
C:\lxr\study\final\src\model\evaluate.py:207: FutureWarning: `torch.cuda.amp.autocast(args...)` is deprecated. Please use `torch.amp.autocast('cuda', args...)` instead.
  autocast_ctx = torch.cuda.amp.autocast() if device.type == "cuda" else torch.inference_mode()
Device: cuda
Test tracks: 30

--- Evaluating Baseline ---
{
  "baseline_rpa": {
    "mean": 0.9446448217533749,
    "std": 0.03822733972862986,
    "min": 0.7996011964107677,
    "max": 0.9896858884200657
  },
  "baseline_f0_mae": {
    "mean": 34.12835753758748,
    "std": 50.12239399213163,
    "min": 14.696958541870117,
    "max": 277.7970886230469
  },
  "baseline_amp_corr": {
    "mean": 0.736660604349787,
    "std": 0.13919692324004487,
    "min": 0.45848959940508205,
    "max": 0.948161092164857
  },
  "baseline_amp_rmse_log": {
    "mean": 0.8718445201714834,
    "std": 0.6052760358136731,
    "min": 0.38461315631866455,
    "max": 3.739269733428955
  },
  "baseline_vde_mean": {
    "mean": 11.489839159083592,
    "std": 7.344295595005651,
    "min": 1.7205199725984546,
    "max": 35.0156226680229
  },
  "baseline_vre_mean": {
    "mean": 0.7565739044406616,
    "std": 0.31195263643606413,
    "min": 0.0,
    "max": 1.324212063813531
  },
  "baseline_n_vibrato_notes": {
    "mean": 58.43333333333333,
    "std": 56.101505228370556,
    "min": 2.0,
    "max": 185.0
  }
}

--- Evaluating Diffusion ---
Loaded baseline from experiments/checkpoints/exp055/baseline_best.pt
Using fine-tuned encoder from experiments/checkpoints/exp055/encoder_finetuned.pt
Loaded AmpPredictor (hidden=256, gru_hidden=128, layers=2, dropout=0.3, f0_conditioned=False, use_attention=True, n_attn_heads=4, n_attn_layers=2, instrument_conditioned=False, note_position_conditioned=False, velocity_conditioned=False, condition_dropout=0.0) from experiments/checkpoints/exp055/amp_predictor_best.pt
  Track 1: truncated 13092 -> 8192 frames (4900 dropped)
  Track 2: truncated 13092 -> 8192 frames (4900 dropped)
  Track 3: truncated 22520 -> 8192 frames (14328 dropped)
  Track 4: truncated 22520 -> 8192 frames (14328 dropped)
  Track 5: truncated 22520 -> 8192 frames (14328 dropped)
  Track 6: truncated 22520 -> 8192 frames (14328 dropped)
  Track 7: truncated 13092 -> 8192 frames (4900 dropped)
  Track 8: truncated 22520 -> 8192 frames (14328 dropped)
  Track 27: truncated 19106 -> 8192 frames (10914 dropped)
{
  "diffusion_rpa_mean": {
    "mean": 0.8673361131796749,
    "std": 0.0795371433586203,
    "min": 0.5689201877934272,
    "max": 0.9604321404456447
  },
  "diffusion_rpa_oracle": {
    "mean": 0.904094762294487,
    "std": 0.06821898259311515,
    "min": 0.6230046948356808,
    "max": 0.975016880486158
  },
  "diffusion_f0_mae_mean": {
    "mean": 43.25371263504028,
    "std": 47.878359713604524,
    "min": 18.425590324401856,
    "max": 292.14149780273436
  },
  "diffusion_f0_mae_oracle": {
    "mean": 37.16854200363159,
    "std": 46.90899400246684,
    "min": 15.037095069885254,
    "max": 282.22552490234375
  },
  "diffusion_amp_corr_mean": {
    "mean": 0.777319999536553,
    "std": 0.09228894006106898,
    "min": 0.6424579449108279,
    "max": 0.9396392159112118
  },
  "diffusion_amp_corr_oracle": {
    "mean": 0.777319999536553,
    "std": 0.092288940061069,
    "min": 0.6424579449108279,
    "max": 0.9396392159112118
  },
  "diffusion_amp_rmse_log_mean": {
    "mean": 0.8045978198448817,
    "std": 0.33884777179243075,
    "min": 0.4000668525695801,
    "max": 1.7411586046218872
  },
  "diffusion_amp_rmse_log_oracle": {
    "mean": 0.8045978198448817,
    "std": 0.33884777179243075,
    "min": 0.4000668525695801,
    "max": 1.7411586046218872
  },
  "diffusion_vde_mean_avg": {
    "mean": 11.56742352855847,
    "std": 8.960292003394644,
    "min": 3.533206941630283,
    "max": 39.43684290394233
  },
  "diffusion_vde_mean_oracle": {
    "mean": 10.649974675232933,
    "std": 8.157783831743721,
    "min": 1.1741683193352137,
    "max": 37.57267553951339
  },
  "diffusion_vre_mean_avg": {
    "mean": 0.6968549129576382,
    "std": 0.261375824700281,
    "min": 0.0,
    "max": 1.2240278162736646
  },
  "diffusion_vre_mean_oracle": {
    "mean": 0.6877002262401408,
    "std": 0.28384329226741406,
    "min": 0.0,
    "max": 1.297860345617821
  },
  "diffusion_f0_diversity_cents": {
    "mean": 21.665600299835205,
    "std": 10.182755624429102,
    "min": 12.651302337646484,
    "max": 49.81248474121094
  },
  "diffusion_amp_diversity": {
    "mean": 2.876053029991314e-10,
    "std": 2.9690139822852614e-10,
    "min": 6.409806019291864e-11,
    "max": 9.618225105256784e-10
  },
  "diffusion_n_vibrato_notes": {
    "mean": 34.0,
    "std": 17.410724664221572,
    "min": 2.0,
    "max": 71.0
  }
}

Results saved to experiments/results/exp055.json

==========================================
exp055: All done at: Mon Mar 30 17:22:56     2026
Results: experiments/results/exp055.json
==========================================
[Training] Finished with exit code: 0
[Worker] Logging results...
Results have been logged. Here's the summary:

## exp055 Results: Encoder Fine-tuning — ❌ Failed

| Metric | exp045 (frozen encoder) | exp055 (fine-tuned encoder) | Change |
|--------|------------------------|---------------------------|--------|
| **Amp Corr** | 0.781 | 0.777 | **-0.5% (worse!)** |
| f0 RPA (oracle) | 95.82% | 90.41% | **-5.4% (severe degradation!)** |
| f0 MAE (oracle) | ~21 | 37.17 | **+77% (much worse)** |
| Overfitting gap | 0.14 | 1.27 | **9x worse** |
| Best test_amp_loss | 0.58 | 0.954 | **+64%** |

### Key Findings:
1. **Amp Corr 0.777 — no improvement** over frozen encoder (0.781). This conclusively proves **the encoder representation is NOT the bottleneck** for amp prediction.
2. **f0 severely degraded** (RPA 90.41% vs 95.82%) because the fine-tuned encoder shifted away from the distribution the frozen diffusion was trained on.
3. **Massive overfitting**: train/test gap of 1.27 (9x worse than exp045's 0.14), confirming that unfreezing encoder adds too many effective parameters for this small dataset (173 tracks).
4. This was the 39th amp optimization attempt. All "system-level" variables have now been exhausted (encoder, architecture, loss functions, KD, diffusion, augmentation, TCN). The current best remains **exp039 (Amp Corr 0.807, with instrument conditioning)** / **exp048 (0.789, without instrument)**.
[Supervisor] Reviewing results...
